{
"type": "FeatureCollection",
"name": "city_boundary",
"crs": { "type": "name", "properties": { "name": "urn:ogc:def:crs:OGC:1.3:CRS84" } },
"features": [
{ "type": "Feature", "properties": { "CDTFA_CITY": "Berkeley" }, "geometry": { "type": "Polygon", "coordinates": [ [ [ -122.246908097708996, 37.885328503775597 ], [ -122.246905001936994, 37.885301197910202 ], [ -122.246566148677005, 37.882311887231197 ], [ -122.246529166271003, 37.881970084101198 ], [ -122.246482326163004, 37.881599974267601 ], [ -122.246456377727, 37.881369590190801 ], [ -122.246428437164994, 37.881119406407699 ], [ -122.246268694788, 37.879688997015798 ], [ -122.246149602234993, 37.878622548024602 ], [ -122.246130307140007, 37.878449765153498 ], [ -122.246052205398001, 37.877750359243002 ], [ -122.245865720834004, 37.876080341196797 ], [ -122.245696871858996, 37.874567501154203 ], [ -122.245533395137997, 37.873102711458998 ], [ -122.245500357346998, 37.872806683679897 ], [ -122.245459041874, 37.872436474730002 ], [ -122.245284804760004, 37.870875179342697 ], [ -122.245184802436, 37.869979057520403 ], [ -122.245176892955001, 37.869936601815702 ], [ -122.245156431007999, 37.869728840274 ], [ -122.245136616649006, 37.869553813047503 ], [ -122.245127958056997, 37.869477242831202 ], [ -122.245103338728001, 37.8693141766054 ], [ -122.245096241520002, 37.869240465522502 ], [ -122.245087295651004, 37.869147545009099 ], [ -122.245074116582998, 37.869033922837403 ], [ -122.245022097160003, 37.868585424569098 ], [ -122.245002127573997, 37.868459602223702 ], [ -122.244990144748002, 37.8683318244925 ], [ -122.244985055078999, 37.868288431499302 ], [ -122.244960664054005, 37.868080491536602 ], [ -122.244942462319997, 37.867925317900998 ], [ -122.244936285197994, 37.867820370118402 ], [ -122.244928296999007, 37.867684660563199 ], [ -122.244918159131998, 37.867512399058498 ], [ -122.244914247107005, 37.8674534750634 ], [ -122.244908131385998, 37.867361477858402 ], [ -122.244906538004997, 37.867337486608797 ], [ -122.244900423641994, 37.867245420093703 ], [ -122.244898938972, 37.867223080642503 ], [ -122.244733204911995, 37.865788253741698 ], [ -122.244681778468006, 37.865298909564999 ], [ -122.244621076043003, 37.864721299396003 ], [ -122.244409849327994, 37.862711290355399 ], [ -122.244405402951003, 37.862666734467801 ], [ -122.244403072306994, 37.862644840949898 ], [ -122.244368698293002, 37.862321958292199 ], [ -122.244366172376004, 37.862298220238202 ], [ -122.244342364201998, 37.862074536299502 ], [ -122.244330480073003, 37.8619629027095 ], [ -122.244273035378001, 37.8614232858504 ], [ -122.244235019038996, 37.861066150248398 ], [ -122.244194470091998, 37.860722663411003 ], [ -122.244212414805006, 37.860239269857999 ], [ -122.244359696250996, 37.859087655997399 ], [ -122.244308450118993, 37.859079109494701 ], [ -122.244291636395999, 37.859075919409101 ], [ -122.244279734488003, 37.859073241173 ], [ -122.244273831098994, 37.859071779691398 ], [ -122.244262124002006, 37.859068611915902 ], [ -122.244250563196999, 37.859065121072803 ], [ -122.244239273272001, 37.859061475792998 ], [ -122.244228018946004, 37.8590581447761 ], [ -122.244216626078995, 37.859055129481 ], [ -122.244205109545007, 37.859052432328902 ], [ -122.244193478419007, 37.859050052250097 ], [ -122.244187626709007, 37.8590489857093 ], [ -122.244181751200998, 37.8590479987961 ], [ -122.244169938050007, 37.859046269077403 ], [ -122.244158059637002, 37.859044869005899 ], [ -122.244152098507001, 37.859044292202697 ], [ -122.244140141448, 37.859043383092398 ], [ -122.244134150177999, 37.859043054297302 ], [ -122.244128151227002, 37.859042811126699 ], [ -122.244116144667998, 37.859042567892601 ], [ -122.244104135532993, 37.859042656731802 ], [ -122.244098136402997, 37.859042825671501 ], [ -122.244086335377006, 37.859043401006097 ], [ -122.244084830785994, 37.859037866593802 ], [ -122.244050666847002, 37.858912280963402 ], [ -122.244043489429004, 37.858827918619099 ], [ -122.244031021810002, 37.858678794059202 ], [ -122.244026898493999, 37.858629500970999 ], [ -122.244014195052003, 37.858630466601703 ], [ -122.243823502718001, 37.858644967930402 ], [ -122.243823783023998, 37.8586474470344 ], [ -122.243093514649004, 37.8586948104697 ], [ -122.243054149669007, 37.858697364306998 ], [ -122.243051721450996, 37.8586917013901 ], [ -122.242724068547005, 37.857927456238897 ], [ -122.242618079303, 37.857786318738597 ], [ -122.242573813339007, 37.857729485498403 ], [ -122.242427013186997, 37.8576473433071 ], [ -122.241898201279, 37.857365158365397 ], [ -122.241893831235998, 37.8573649044313 ], [ -122.241827930547998, 37.857361076749797 ], [ -122.241767244946999, 37.857357551960803 ], [ -122.241503819426001, 37.857379249788501 ], [ -122.241496373125003, 37.857379863155401 ], [ -122.241455584812996, 37.857383222308798 ], [ -122.241226253101999, 37.8574024602189 ], [ -122.241138498, 37.8574097427853 ], [ -122.240806714488997, 37.857437272154897 ], [ -122.239584668556006, 37.857506518805899 ], [ -122.239436731276001, 37.857514900562698 ], [ -122.238923643115996, 37.8575534349471 ], [ -122.238679384188003, 37.857557804817297 ], [ -122.238041413890002, 37.857575357180799 ], [ -122.237712853996996, 37.857595494338398 ], [ -122.237499423323996, 37.8576146092621 ], [ -122.237466839554997, 37.857617173326602 ], [ -122.237212416115995, 37.857641849336503 ], [ -122.237211391597995, 37.857641927834898 ], [ -122.237027896873997, 37.857652009172803 ], [ -122.236835014185004, 37.8576634863526 ], [ -122.236754743342999, 37.857655583274699 ], [ -122.236608740099001, 37.857663862475697 ], [ -122.236442879769996, 37.857673265824097 ], [ -122.236381896582998, 37.857679524669798 ], [ -122.236228289967002, 37.857695288444297 ], [ -122.234792216995004, 37.857794460158601 ], [ -122.234774431367001, 37.8577956832764 ], [ -122.234773791916993, 37.8577898555018 ], [ -122.234771621793996, 37.8577700760856 ], [ -122.234708182336007, 37.857191327489602 ], [ -122.234695905113995, 37.857079327133299 ], [ -122.234650366316998, 37.856663910154701 ], [ -122.234650066521993, 37.856661148861598 ], [ -122.234616554688003, 37.856355440613399 ], [ -122.234606301753004, 37.856219314937903 ], [ -122.234599065085007, 37.856147791654301 ], [ -122.234571008011002, 37.855877665956299 ], [ -122.234562721962007, 37.855796605468598 ], [ -122.234543372595994, 37.855687820485301 ], [ -122.234532478508001, 37.8555884374125 ], [ -122.234509756140994, 37.855381132491303 ], [ -122.234493745050003, 37.8552415544981 ], [ -122.234473679762004, 37.8550666908761 ], [ -122.234463582207994, 37.854978665507197 ], [ -122.234460437381998, 37.854951314451696 ], [ -122.234430993801993, 37.8546633319827 ], [ -122.234429303135002, 37.854646301511302 ], [ -122.234417391527998, 37.8545261871473 ], [ -122.234402823465004, 37.854385819232803 ], [ -122.234379762798994, 37.854184018368201 ], [ -122.234370263425006, 37.854100889349098 ], [ -122.234359978472, 37.853992103726398 ], [ -122.234339203706995, 37.8538022833703 ], [ -122.234319812454004, 37.853624192198097 ], [ -122.234311347352005, 37.853546462490797 ], [ -122.234303176639003, 37.853466045000403 ], [ -122.234285096473002, 37.853292747817001 ], [ -122.234249595448006, 37.852979478681299 ], [ -122.234211679671006, 37.852616904203302 ], [ -122.234209443802996, 37.852595520766897 ], [ -122.234198182154003, 37.852365893357401 ], [ -122.234417021528998, 37.852361738689702 ], [ -122.235116922973006, 37.852315841524302 ], [ -122.235295004907002, 37.852305163720203 ], [ -122.235746101014001, 37.852278124268203 ], [ -122.236119716095999, 37.8522557248765 ], [ -122.236134756311998, 37.852254822666701 ], [ -122.236217511752997, 37.852251122707301 ], [ -122.236285103797996, 37.852247554291402 ], [ -122.236742107607995, 37.852223422437604 ], [ -122.237203790273995, 37.852199040486198 ], [ -122.237443309626002, 37.852186389997598 ], [ -122.237659392091999, 37.852174978070899 ], [ -122.238221845378007, 37.852145270994598 ], [ -122.238274998538003, 37.852142465831299 ], [ -122.238372995402997, 37.852137290370798 ], [ -122.239185625375995, 37.852086856441701 ], [ -122.239336383536994, 37.852077501624599 ], [ -122.240044608318001, 37.852033547299101 ], [ -122.240054213945001, 37.852032947665599 ], [ -122.240812930879997, 37.851985851900501 ], [ -122.241152628297002, 37.851964766994001 ], [ -122.241319861215999, 37.851954382843303 ], [ -122.241447163573, 37.851946480523701 ], [ -122.241806591200003, 37.851924165669203 ], [ -122.241945236207997, 37.851911898202097 ], [ -122.242001159775, 37.851907987722399 ], [ -122.242135704852004, 37.851900527832598 ], [ -122.242170318082998, 37.851898462585503 ], [ -122.242304138107002, 37.851890473483202 ], [ -122.242442284044003, 37.851882226078601 ], [ -122.242540154637993, 37.851876386410197 ], [ -122.242580437995002, 37.851873981063797 ], [ -122.242718583870996, 37.851865733341 ], [ -122.242855977553006, 37.851857532819203 ], [ -122.242997700526999, 37.851849073003997 ], [ -122.243025696935007, 37.8518474012103 ], [ -122.243135089568995, 37.851840871348301 ], [ -122.243243091305004, 37.851834423192102 ], [ -122.243272459126999, 37.8518325520254 ], [ -122.243409869786007, 37.851824465723702 ], [ -122.243605088961004, 37.8518128115848 ], [ -122.243616078174995, 37.8518121542863 ], [ -122.243997830519007, 37.851783020280998 ], [ -122.244055426182996, 37.851779795591398 ], [ -122.244340899893999, 37.851763817579702 ], [ -122.244480324777996, 37.8517561728438 ], [ -122.244570234758996, 37.851750981695602 ], [ -122.244649221556003, 37.851746561812902 ], [ -122.244794357836994, 37.851738436388402 ], [ -122.245132057198006, 37.851719533493302 ], [ -122.245569075, 37.851695070816099 ], [ -122.245793164803999, 37.851682526059001 ], [ -122.246028774465998, 37.851669333218503 ], [ -122.246632012153995, 37.851624941470099 ], [ -122.247144794375998, 37.851591019283902 ], [ -122.247513913407005, 37.851575504310702 ], [ -122.247770587047, 37.851557098422703 ], [ -122.248031882614995, 37.851538439776597 ], [ -122.248304970161001, 37.851519744838001 ], [ -122.248442214294002, 37.851509592627998 ], [ -122.248717433693002, 37.851489226334998 ], [ -122.248790614537995, 37.851483972294901 ], [ -122.248993001773997, 37.851469444937898 ], [ -122.249231661224997, 37.851452311342001 ], [ -122.250051112886993, 37.851421577384997 ], [ -122.250191116259998, 37.851412419663298 ], [ -122.250341675645004, 37.851398532288897 ], [ -122.250487165844007, 37.851392220807497 ], [ -122.250545612935994, 37.851384728148297 ], [ -122.251096343038995, 37.851235084846401 ], [ -122.251256214738007, 37.851183957765201 ], [ -122.251419566959996, 37.851133465167699 ], [ -122.251586385908993, 37.851082920749903 ], [ -122.251742696944007, 37.851027725272097 ], [ -122.251906215006997, 37.850984097974099 ], [ -122.252346203276005, 37.850839537290099 ], [ -122.252546327510998, 37.850829022621802 ], [ -122.252568643019998, 37.850826059705803 ], [ -122.252920172331002, 37.850779410319603 ], [ -122.252932479750001, 37.850777776306899 ], [ -122.252945942563002, 37.850877261962601 ], [ -122.252976835986004, 37.851105555267203 ], [ -122.253015750936996, 37.851284276219701 ], [ -122.253045609186003, 37.851558765916103 ], [ -122.253060536646004, 37.851696009444403 ], [ -122.253075467572998, 37.851833252906602 ], [ -122.253090392974997, 37.851970500070898 ], [ -122.253105320599005, 37.852107743593201 ], [ -122.253120251690007, 37.852244987049502 ], [ -122.253128302441993, 37.852319005593998 ], [ -122.253133143816996, 37.852363522332098 ], [ -122.253135178365994, 37.852382233287003 ], [ -122.253128349334006, 37.8523831399229 ], [ -122.253133734876002, 37.8524086543094 ], [ -122.253147078821996, 37.852519878306801 ], [ -122.253163521641, 37.852656926893701 ], [ -122.253179966524996, 37.852793966442498 ], [ -122.253194896780002, 37.852931210809402 ], [ -122.253209824867, 37.853068457015702 ], [ -122.253254611570995, 37.853480190184101 ], [ -122.253277346828, 37.853689205497801 ], [ -122.253446162176004, 37.853671543936002 ], [ -122.253555475007005, 37.853657032053903 ], [ -122.253833884838997, 37.8536200756159 ], [ -122.254338130896002, 37.853554919781701 ], [ -122.257321746124006, 37.853169350169203 ], [ -122.257330727202003, 37.853168158039999 ], [ -122.257629187404007, 37.853128530707401 ], [ -122.258209213946003, 37.8530515156992 ], [ -122.259607524762998, 37.852873428174 ], [ -122.259753453138998, 37.8528548419077 ], [ -122.260172707763999, 37.852800295094298 ], [ -122.260322650378001, 37.852780786657803 ], [ -122.260791755659994, 37.852719687774503 ], [ -122.261239529145996, 37.852661362959601 ], [ -122.261700500583004, 37.852601319068697 ], [ -122.261905672349002, 37.8525751045429 ], [ -122.262223418363007, 37.852533203338297 ], [ -122.263625451940001, 37.852355339407801 ], [ -122.263825936553999, 37.8523244761736 ], [ -122.263953876817993, 37.852312138745901 ], [ -122.265187145259006, 37.852148839296099 ], [ -122.265525921809996, 37.852089978309898 ], [ -122.265959743896005, 37.852046531932999 ], [ -122.266184262973994, 37.8520064806658 ], [ -122.266557886624, 37.851959515895999 ], [ -122.266927904598006, 37.851912999631303 ], [ -122.267132253975007, 37.851882856791597 ], [ -122.267473595902999, 37.851836252892902 ], [ -122.267815419509006, 37.851791999096001 ], [ -122.268640236796998, 37.851684139187 ], [ -122.268969942121998, 37.851644832608102 ], [ -122.268869259550002, 37.851140660628502 ], [ -122.268827290787002, 37.850978540317499 ], [ -122.268769917493003, 37.850679324579403 ], [ -122.268750479770006, 37.850590351501502 ], [ -122.268730865427003, 37.850493814395499 ], [ -122.268714813602998, 37.850402035546999 ], [ -122.268703292392004, 37.850312100166903 ], [ -122.268667013447001, 37.850101055902101 ], [ -122.268656005555997, 37.850037018917703 ], [ -122.268487507493006, 37.849223926095 ], [ -122.268456521258997, 37.849044264067501 ], [ -122.268409141654004, 37.848816409013303 ], [ -122.268398383467996, 37.848764667634001 ], [ -122.268418536137006, 37.848762041394799 ], [ -122.268511163103994, 37.848749970173799 ], [ -122.268630774054998, 37.8487343839316 ], [ -122.268760718558994, 37.848717447610603 ], [ -122.268921268362007, 37.848696521801898 ], [ -122.269104893838005, 37.848634289940101 ], [ -122.269237627056, 37.848617283230801 ], [ -122.269370145934005, 37.848600304724698 ], [ -122.269507797938005, 37.848582669242298 ], [ -122.269497292276995, 37.848532148704301 ], [ -122.269485259595001, 37.848474280455797 ], [ -122.269420457088003, 37.848162662317598 ], [ -122.269388253258001, 37.847999872406803 ], [ -122.269323989469996, 37.847690830977598 ], [ -122.269301451687994, 37.847582443055003 ], [ -122.269236651908003, 37.8472708265923 ], [ -122.269202348462997, 37.8471111096244 ], [ -122.269159610404003, 37.8469004936711 ], [ -122.269144467163997, 37.846740116275697 ], [ -122.269409546892007, 37.846705397166197 ], [ -122.269656173068995, 37.846673093605801 ], [ -122.269905799699998, 37.846643914450802 ], [ -122.270200141618005, 37.846601838013903 ], [ -122.270453552776999, 37.846568645808802 ], [ -122.270851930613006, 37.846516461807603 ], [ -122.271329923932001, 37.846451956368902 ], [ -122.271494596384997, 37.846431130680301 ], [ -122.271656557750006, 37.846409490510098 ], [ -122.271712351383997, 37.846402255444097 ], [ -122.271770831015999, 37.846394672528398 ], [ -122.271929980953999, 37.846373978757597 ], [ -122.272312168412, 37.846324270554298 ], [ -122.273202822423002, 37.846201600881002 ], [ -122.273317106221, 37.8461868864919 ], [ -122.273323171106, 37.846186105654198 ], [ -122.273454971451002, 37.846169135257803 ], [ -122.273544280020005, 37.846155605014197 ], [ -122.273575573954005, 37.846153605269798 ], [ -122.273609016353006, 37.846149298166601 ], [ -122.273712463937997, 37.846135978405798 ], [ -122.273770296295993, 37.846128533653598 ], [ -122.273891071039003, 37.846112982083703 ], [ -122.273910074780005, 37.846108645463097 ], [ -122.273911764779996, 37.846108259790903 ], [ -122.274057388219006, 37.846091223651797 ], [ -122.274142747664001, 37.846079708736198 ], [ -122.274228011191994, 37.846067697085303 ], [ -122.274399303162994, 37.846047539060201 ], [ -122.274569874538003, 37.846023743939597 ], [ -122.274741158634995, 37.846003519885997 ], [ -122.274912083295007, 37.8459815072897 ], [ -122.274947124240995, 37.845976994020802 ], [ -122.275083009073995, 37.845959497126003 ], [ -122.275253720915003, 37.845936404708603 ], [ -122.275459046218998, 37.845911069754301 ], [ -122.275629970702994, 37.845889064228402 ], [ -122.275667349518997, 37.845884249934798 ], [ -122.275800895977994, 37.845867050343699 ], [ -122.275802235848005, 37.845873538620602 ], [ -122.275814099051999, 37.845872010544703 ], [ -122.275870044553002, 37.846143083812699 ], [ -122.275889003442003, 37.846237974002499 ], [ -122.275920965546007, 37.846400795805501 ], [ -122.275963984664003, 37.846605918243903 ], [ -122.275998875447002, 37.846772286373998 ], [ -122.276075572910003, 37.847138012356503 ], [ -122.276109662831999, 37.847300557984902 ], [ -122.276158321799997, 37.847532577444703 ], [ -122.276186366036001, 37.847666287405701 ], [ -122.276200336963001, 37.847732898608498 ], [ -122.276201706706999, 37.847739431305399 ], [ -122.276362211738999, 37.847718095892297 ], [ -122.276464680901, 37.847704472931703 ], [ -122.276584230457999, 37.847688578424503 ], [ -122.276703778962997, 37.847672688316102 ], [ -122.276874562949004, 37.847649982803503 ], [ -122.276988406422007, 37.847634847696099 ], [ -122.277102250986999, 37.847619712459199 ], [ -122.277216095588003, 37.847604579812 ], [ -122.277342350702, 37.847587793263699 ], [ -122.277475482840003, 37.847570093135303 ], [ -122.277716316851993, 37.847538074656804 ], [ -122.277798258665001, 37.847527179058403 ], [ -122.277818790045004, 37.847524449553603 ], [ -122.277855805545002, 37.847519530815802 ], [ -122.277994653570005, 37.847501070066897 ], [ -122.278013878926004, 37.847498514707198 ], [ -122.278138108796995, 37.8474819934398 ], [ -122.278149245329004, 37.847480518533899 ], [ -122.278274734806999, 37.847463833723197 ], [ -122.278283467684005, 37.847462671715697 ], [ -122.278411361696001, 37.847445667534302 ], [ -122.278418254681, 37.8474447537304 ], [ -122.278547988493003, 37.847427500290401 ], [ -122.278555563918999, 37.847426494327998 ], [ -122.278684615360007, 37.847409337387397 ], [ -122.278692866346006, 37.8474082375959 ], [ -122.278796756404006, 37.847394426359401 ], [ -122.278800947850996, 37.847393874306597 ], [ -122.278903246873, 37.847380373053298 ], [ -122.278919332238004, 37.847378248842503 ], [ -122.278957867510996, 37.847373003042399 ], [ -122.279034944453997, 37.847363508270497 ], [ -122.279143689391006, 37.847348132373902 ], [ -122.279255925897999, 37.847333408958299 ], [ -122.279384938934001, 37.847315710303398 ], [ -122.279589762393996, 37.8472889849591 ], [ -122.279764887875004, 37.847265699668597 ], [ -122.279901512904999, 37.847247531803703 ], [ -122.280038139088006, 37.847229366459501 ], [ -122.280174763985002, 37.847211198283297 ], [ -122.280311389953994, 37.847193029929898 ], [ -122.280448015938006, 37.847174864118799 ], [ -122.280584640637002, 37.847156695475697 ], [ -122.280721266488996, 37.847138529353302 ], [ -122.280857891055007, 37.847120360398897 ], [ -122.280956945057994, 37.847107188146197 ], [ -122.281059418265002, 37.847093562051001 ], [ -122.281161779166993, 37.847079949701403 ], [ -122.281366712826994, 37.847052695513 ], [ -122.281537619768997, 37.847029964770599 ], [ -122.281684488093006, 37.847010437408201 ], [ -122.281797152908993, 37.846995455997899 ], [ -122.281821050549993, 37.846991962594501 ], [ -122.281900533745002, 37.846981666137999 ], [ -122.281912350276002, 37.8469801356486 ], [ -122.281970038840001, 37.847250316714998 ], [ -122.281992786420005, 37.847431074740001 ], [ -122.282064928560999, 37.847755639606902 ], [ -122.282192068466003, 37.848312306335799 ], [ -122.282474593176005, 37.849115811431602 ], [ -122.282477163012004, 37.849123120255399 ], [ -122.282610612632993, 37.849093628113103 ], [ -122.282727382098997, 37.849067822232797 ], [ -122.283088154843, 37.848993067860803 ], [ -122.283099118110997, 37.848990795866101 ], [ -122.283229756604001, 37.849412712527901 ], [ -122.283397036498002, 37.849953102102099 ], [ -122.283583160084007, 37.850640079597198 ], [ -122.283585096821994, 37.850647227693003 ], [ -122.283847498781, 37.8505962826451 ], [ -122.284020746555996, 37.850562641424702 ], [ -122.284177179308998, 37.850532268018299 ], [ -122.284365568096007, 37.850495687950001 ], [ -122.284533770674003, 37.850463028400199 ], [ -122.284651279364994, 37.850440211056103 ], [ -122.284762298158995, 37.850418656405097 ], [ -122.284873320220001, 37.8503970988885 ], [ -122.284997795039999, 37.850372929228101 ], [ -122.285108820350999, 37.850351370529097 ], [ -122.285276996278995, 37.850318715831399 ], [ -122.285361102240003, 37.850302383101102 ], [ -122.285445205944001, 37.850286052153699 ], [ -122.285592070489002, 37.850257562575301 ], [ -122.285867110287001, 37.850204206339697 ], [ -122.285878032778001, 37.850202086938097 ], [ -122.285909008090997, 37.850298212532202 ], [ -122.285939984429007, 37.850394331801503 ], [ -122.285965707795995, 37.850474157566197 ], [ -122.285995154586004, 37.850540248734902 ], [ -122.285998245076996, 37.850547185841798 ], [ -122.286329153628998, 37.8504824786909 ], [ -122.288687164221997, 37.850008427915 ], [ -122.288753317729999, 37.8499948892009 ], [ -122.288952103799005, 37.849953867107203 ], [ -122.288966034441998, 37.8499509917498 ], [ -122.288964285074996, 37.849969854575797 ], [ -122.288963559820999, 37.849977675175197 ], [ -122.289243473797001, 37.849920171645401 ], [ -122.289546004665993, 37.8498583817466 ], [ -122.289571950352993, 37.8498530498848 ], [ -122.289813696986002, 37.849803158183803 ], [ -122.289846772915993, 37.849796330495003 ], [ -122.290182945764997, 37.849729804219798 ], [ -122.290330721334996, 37.8497005589388 ], [ -122.290489754961001, 37.849669084659801 ], [ -122.290631662402006, 37.8496409984689 ], [ -122.290754585865997, 37.849616669746801 ], [ -122.290905997158006, 37.849585388208297 ], [ -122.290983977121996, 37.8495703616776 ], [ -122.291084011799001, 37.849551084130297 ], [ -122.291359646979998, 37.849497966544703 ], [ -122.291388837080007, 37.849492500305701 ], [ -122.291478465381999, 37.8494755043358 ], [ -122.291536767306994, 37.849463502512499 ], [ -122.291686609722007, 37.8494320456998 ], [ -122.291839338661006, 37.849399989144203 ], [ -122.291991955065001, 37.849367718587899 ], [ -122.292138518292006, 37.849336879063102 ], [ -122.292236729037995, 37.849316157916398 ], [ -122.292397401714993, 37.849258350061902 ], [ -122.292439619763996, 37.849249463575603 ], [ -122.292858101896996, 37.849161360554902 ], [ -122.292891166776002, 37.849155082011897 ], [ -122.293162287029006, 37.849103599635299 ], [ -122.293197894033995, 37.8490969223664 ], [ -122.293765624754002, 37.848974175149102 ], [ -122.293792421692004, 37.848968669512402 ], [ -122.294063641996004, 37.8489129477462 ], [ -122.294100877195007, 37.848905396833601 ], [ -122.294702377467999, 37.848783573742502 ], [ -122.294824629429002, 37.848758069494203 ], [ -122.295188380523996, 37.848683478814799 ], [ -122.295369301427996, 37.848644328371002 ], [ -122.296648155308006, 37.8483845168644 ], [ -122.300930176967, 37.847495051816402 ], [ -122.301002589562998, 37.847480266791102 ], [ -122.301031545211998, 37.8476380189054 ], [ -122.301036201711995, 37.847735794142203 ], [ -122.301032035871003, 37.847852233434701 ], [ -122.301013015909007, 37.847993716125302 ], [ -122.300932565593996, 37.8482582824685 ], [ -122.300907238863999, 37.848371324279803 ], [ -122.300852584964005, 37.848512769924497 ], [ -122.300814477386993, 37.848667822673796 ], [ -122.300773355434998, 37.848826064593901 ], [ -122.300722067034997, 37.848956762112302 ], [ -122.300660210407997, 37.849197903876203 ], [ -122.300624972094994, 37.849332353367799 ], [ -122.300583522847006, 37.849449966824302 ], [ -122.300523265625998, 37.849581913385201 ], [ -122.300513439534996, 37.849613091457798 ], [ -122.300476942100005, 37.849728902027998 ], [ -122.300436714566999, 37.849861185035699 ], [ -122.300399711821001, 37.849999364727303 ], [ -122.300347573517996, 37.850161825565998 ], [ -122.300301651260995, 37.850273000167398 ], [ -122.300283715679001, 37.850309560791501 ], [ -122.300278328288996, 37.850457334258003 ], [ -122.300275948898005, 37.850592962834803 ], [ -122.300261672462, 37.850656018444703 ], [ -122.300196237755998, 37.850872549372603 ], [ -122.300190289645002, 37.850953451381301 ], [ -122.300193635651993, 37.851185851203702 ], [ -122.300194748221998, 37.851450288518897 ], [ -122.300225442721, 37.851744076297202 ], [ -122.300275869963997, 37.852263684171703 ], [ -122.300304370671995, 37.852461002770497 ], [ -122.300372335744996, 37.8528139860558 ], [ -122.300484150770004, 37.853325919648697 ], [ -122.300763371189007, 37.854255000060697 ], [ -122.300766001285993, 37.854264726071499 ], [ -122.300774265048005, 37.8542749999622 ], [ -122.300786000629003, 37.854292604607998 ], [ -122.300787217134996, 37.854294999966498 ], [ -122.300790150227996, 37.854315000529297 ], [ -122.300791362059002, 37.854335000822203 ], [ -122.300802151184001, 37.854355000031497 ], [ -122.300806001027993, 37.854361258155201 ], [ -122.300814101514007, 37.854375000356598 ], [ -122.300815512564995, 37.8543950004265 ], [ -122.300819606812993, 37.854415000306702 ], [ -122.300825141144003, 37.8544350004519 ], [ -122.300826000724001, 37.8544386363019 ], [ -122.300831233295995, 37.854455000692496 ], [ -122.300826000922996, 37.854473378084997 ], [ -122.300825726295997, 37.854475000318097 ], [ -122.300823985134002, 37.854495000578098 ], [ -122.300826000729998, 37.854499914479099 ], [ -122.300837196811997, 37.854515000096598 ], [ -122.300846000825004, 37.854526665526798 ], [ -122.300852043242003, 37.854534999743002 ], [ -122.300862114118999, 37.854555000130702 ], [ -122.300865963638003, 37.854575000205998 ], [ -122.300865999582001, 37.854575132688701 ], [ -122.300871565147006, 37.854594999960398 ], [ -122.300876977684993, 37.854614999741003 ], [ -122.300885999949003, 37.854631658543703 ], [ -122.300887806749003, 37.8546349999772 ], [ -122.300899041072, 37.8546549996355 ], [ -122.300904944286998, 37.854674999898698 ], [ -122.300906000268995, 37.854680619667398 ], [ -122.300909005579996, 37.854695000408903 ], [ -122.300913771517997, 37.854714999996702 ], [ -122.300919892159001, 37.854734999686897 ], [ -122.300926000461004, 37.854747035367097 ], [ -122.300928912347004, 37.854755000432903 ], [ -122.300931407191996, 37.854775000403599 ], [ -122.300935948868997, 37.8547949997944 ], [ -122.300936563079006, 37.854814999855499 ], [ -122.300938674291004, 37.8548349999881 ], [ -122.300943708915995, 37.854854999818699 ], [ -122.300946000535006, 37.854865527755599 ], [ -122.300949188673997, 37.854875000106702 ], [ -122.300952384786996, 37.8548950001192 ], [ -122.300955339564993, 37.854915000263198 ], [ -122.300966000467994, 37.854931450357498 ], [ -122.300968304326005, 37.8549350000077 ], [ -122.300973616738005, 37.854954999906397 ], [ -122.300977374095993, 37.8549749999477 ], [ -122.300986000465002, 37.854992814501699 ], [ -122.300986999962007, 37.8549950007666 ], [ -122.300990957677996, 37.855015000562602 ], [ -122.300990923008001, 37.855035000476299 ], [ -122.300994997996, 37.855055000721499 ], [ -122.301002464293006, 37.855075000684003 ], [ -122.301006000558999, 37.855083575539197 ], [ -122.301011163479998, 37.855095000385496 ], [ -122.301017499349001, 37.855115000441302 ], [ -122.301023253506003, 37.8551350008605 ], [ -122.301025999724999, 37.855146763615501 ], [ -122.301027818012003, 37.855155000710504 ], [ -122.301031396658999, 37.855175000580303 ], [ -122.301041631586997, 37.855195000507102 ], [ -122.301044514666998, 37.8552150002254 ], [ -122.301045999958006, 37.855223070045597 ], [ -122.301048446240998, 37.855235000521603 ], [ -122.301054344991002, 37.855255000864702 ], [ -122.301059753074995, 37.855275000724298 ], [ -122.301062387970006, 37.855294999805601 ], [ -122.301066000587994, 37.8553001665015 ], [ -122.301077935877004, 37.855314999465598 ], [ -122.301079217259002, 37.855335000222397 ], [ -122.301080425742995, 37.855354999678497 ], [ -122.301086000512996, 37.855374569827397 ], [ -122.30108613326, 37.855375000090397 ], [ -122.301090659086995, 37.855394999780998 ], [ -122.301097157810005, 37.8554150003079 ], [ -122.301103244398007, 37.855434999744297 ], [ -122.301106000177995, 37.855443366419301 ], [ -122.301110325983004, 37.8554549998845 ], [ -122.301118668936994, 37.8554750001163 ], [ -122.301123691138002, 37.855495000179403 ], [ -122.301125694250999, 37.8555149996848 ], [ -122.301125999967994, 37.855516354336302 ], [ -122.301131599870004, 37.855534999893102 ], [ -122.301139004785, 37.8555550001265 ], [ -122.301141645426995, 37.8555749999962 ], [ -122.301145975477993, 37.855594999842403 ], [ -122.301146000578996, 37.855596817883402 ], [ -122.301146219762003, 37.855614999803201 ], [ -122.301151239705007, 37.855634999908801 ], [ -122.301158651460995, 37.855655000010003 ], [ -122.301163290044002, 37.855675000234399 ], [ -122.301165999697005, 37.855688536320699 ], [ -122.301167803393994, 37.8556950001621 ], [ -122.301175300547001, 37.855715000423501 ], [ -122.301178846238003, 37.855735000022698 ], [ -122.301183178610998, 37.8557550007232 ], [ -122.301186000173999, 37.855761468428298 ], [ -122.301192903642999, 37.855775000525398 ], [ -122.301198115999, 37.855795000536702 ], [ -122.301202769390997, 37.855815000475602 ], [ -122.301206000204999, 37.855829269806598 ], [ -122.301207569637995, 37.855835000295997 ], [ -122.301213619880997, 37.8558550004254 ], [ -122.301215578655999, 37.8558750007806 ], [ -122.301219327023006, 37.855895000988902 ], [ -122.301223708338995, 37.855915000749199 ], [ -122.301225999761996, 37.8559260388799 ], [ -122.301229292976998, 37.855935000814199 ], [ -122.301240130289997, 37.855955000865499 ], [ -122.301242375952995, 37.855975001114402 ], [ -122.301246000874002, 37.855994799433198 ], [ -122.301246062838999, 37.855995000702201 ], [ -122.301251383364999, 37.856015000435498 ], [ -122.301260478914003, 37.856035000614803 ], [ -122.301262778086993, 37.856055000736397 ], [ -122.301266000159998, 37.856074284893303 ], [ -122.301266188341998, 37.856075000233098 ], [ -122.301277655221, 37.856094999898403 ], [ -122.301284259921005, 37.856115000183301 ], [ -122.301286000683007, 37.856124121479702 ], [ -122.301288125561996, 37.856134999939201 ], [ -122.301289036995001, 37.856154999695597 ], [ -122.301296445426999, 37.856174999853799 ], [ -122.301304821532995, 37.856195000338602 ], [ -122.301306000715002, 37.856203591623498 ], [ -122.301307766188003, 37.856214999770899 ], [ -122.301314948078996, 37.856234999776198 ], [ -122.301320018197003, 37.856254999813302 ], [ -122.301325999900996, 37.856272099355699 ], [ -122.301327142041998, 37.856275000032099 ], [ -122.301336482398995, 37.856295000007897 ], [ -122.301339506792004, 37.856315000608902 ], [ -122.301343103782003, 37.856335000119898 ], [ -122.301346000029994, 37.856349494522902 ], [ -122.301347349709005, 37.856355000675201 ], [ -122.301350572160004, 37.856375000174801 ], [ -122.301357676655002, 37.856394999863603 ], [ -122.301360674861996, 37.856415000066903 ], [ -122.301363487505, 37.856435000231897 ], [ -122.301365999891999, 37.856441259710998 ], [ -122.301373605449001, 37.856455000580503 ], [ -122.301376645760001, 37.856474999975603 ], [ -122.301381289001995, 37.856495000103997 ], [ -122.301386000945996, 37.856508378987598 ], [ -122.301388131695006, 37.8565150003163 ], [ -122.301391417933004, 37.8565350003907 ], [ -122.301398747869001, 37.856555000250502 ], [ -122.301401283887003, 37.856575000324398 ], [ -122.301402423046, 37.856595000209602 ], [ -122.301406000569003, 37.856613734955303 ], [ -122.301406497090994, 37.856615000462497 ], [ -122.301415753262006, 37.856635000249199 ], [ -122.301421516744, 37.856655000474497 ], [ -122.301425024999006, 37.856675000786701 ], [ -122.301426000624005, 37.856682820338001 ], [ -122.301428363618996, 37.856695000755003 ], [ -122.301426000738999, 37.856712435891097 ], [ -122.301425782400997, 37.856715000949698 ], [ -122.301425433630001, 37.856735000594497 ], [ -122.301426000584001, 37.856736854127703 ], [ -122.301433354452001, 37.856755000810999 ], [ -122.301446000080006, 37.856772676120102 ], [ -122.301448298249994, 37.856775000326003 ], [ -122.301466000808006, 37.856791304453097 ], [ -122.301469712938996, 37.856795000733698 ], [ -122.301475054088996, 37.856815000963302 ], [ -122.301477154096006, 37.856835000405297 ], [ -122.301479469279997, 37.856855000217003 ], [ -122.301483299712999, 37.8568749997441 ], [ -122.301486000262003, 37.856881528253602 ], [ -122.301493215115997, 37.8568950003719 ], [ -122.301495474527997, 37.856915000353901 ], [ -122.301500162202004, 37.856934999626198 ], [ -122.301506001096996, 37.856952227875702 ], [ -122.301507233794993, 37.856954999939298 ], [ -122.301519258710002, 37.856974999673803 ], [ -122.301524546383007, 37.8569950000281 ], [ -122.301525315587, 37.857014999814297 ], [ -122.301526000088003, 37.857018307889 ], [ -122.301533581428998, 37.857035000602401 ], [ -122.301543426242006, 37.857054999882003 ], [ -122.301546000233998, 37.857060928844 ], [ -122.301550779053002, 37.857075000195003 ], [ -122.301556598383002, 37.857095000243099 ], [ -122.301561461438993, 37.857115000646701 ], [ -122.301565849743994, 37.857135000263298 ], [ -122.301564153119003, 37.8571550005814 ], [ -122.301566000961003, 37.857162602734597 ], [ -122.301570039587006, 37.857174999340501 ], [ -122.301576686584994, 37.857194999700504 ], [ -122.301581012293994, 37.857214999618201 ], [ -122.301586000130001, 37.8572303896823 ], [ -122.301588094175003, 37.857234999729997 ], [ -122.301598270341003, 37.857254999845203 ], [ -122.301606000947004, 37.857272621896797 ], [ -122.301607103142999, 37.8572749996464 ], [ -122.301606000863998, 37.857290518286 ], [ -122.301605797001002, 37.857294999669598 ], [ -122.301606000145995, 37.857295720120703 ], [ -122.301612741143003, 37.857314999724203 ], [ -122.301617231956996, 37.8573350000716 ], [ -122.301621019188005, 37.857354999524702 ], [ -122.301626000442994, 37.857371545973997 ], [ -122.301627850645005, 37.857374999941598 ], [ -122.301629293828, 37.857394999390202 ], [ -122.301635485475998, 37.857414999488299 ], [ -122.301640966742994, 37.8574349997225 ], [ -122.301645999315994, 37.857449955215998 ], [ -122.301648328718997, 37.857454999854802 ], [ -122.301656542250001, 37.857474999840299 ], [ -122.301658679899006, 37.857494999457799 ], [ -122.301663215136003, 37.857514999851098 ], [ -122.301665999460994, 37.857524661699202 ], [ -122.301671066644005, 37.857534999585198 ], [ -122.301675162457997, 37.857555000313297 ], [ -122.301678344059994, 37.857574999690797 ], [ -122.301683584003996, 37.857595000055902 ], [ -122.301685999433005, 37.857600510046197 ], [ -122.301694267995998, 37.857615000316102 ], [ -122.301700519982006, 37.857634999253499 ], [ -122.301705508322001, 37.857654999047803 ], [ -122.301706000397999, 37.857657008784997 ], [ -122.301711263995998, 37.857674999411898 ], [ -122.301714065374995, 37.857694998887602 ], [ -122.301723225022002, 37.857714999607303 ], [ -122.301723681203995, 37.857734999102099 ], [ -122.301722739395004, 37.857754999333103 ], [ -122.301726000420004, 37.857764576446797 ], [ -122.301734754256003, 37.857774999242501 ], [ -122.301737696839993, 37.857794999607002 ], [ -122.301738452454998, 37.857814999653598 ], [ -122.301744656682999, 37.857834999505897 ], [ -122.301745999811004, 37.857838474901698 ], [ -122.301753795848001, 37.857854999717098 ], [ -122.301761425411001, 37.857874999207098 ], [ -122.301766000249998, 37.857884947921903 ], [ -122.301771963744997, 37.857894999557601 ], [ -122.301777060266005, 37.857914999072896 ], [ -122.301778584364001, 37.857934999667002 ], [ -122.301783373522994, 37.857954999682399 ], [ -122.301785999418001, 37.857962245870702 ], [ -122.301791812562996, 37.857974999831299 ], [ -122.301794333914998, 37.857994999281402 ], [ -122.301803255685996, 37.858015000062501 ], [ -122.301806000083999, 37.858026325529501 ], [ -122.301807657763007, 37.858034999408098 ], [ -122.301808323458999, 37.858054999380897 ], [ -122.301816553055005, 37.858074999948997 ], [ -122.301820578312004, 37.858094999328102 ], [ -122.301823384314005, 37.8581149996131 ], [ -122.301826000383997, 37.858132597442498 ], [ -122.301826530708993, 37.858134999663598 ], [ -122.301834536037006, 37.858155000036 ], [ -122.301845644791001, 37.858175000230702 ], [ -122.301846000316004, 37.858176159565197 ], [ -122.301853331328005, 37.858194999522198 ], [ -122.301858337978999, 37.858214999860003 ], [ -122.301860341387993, 37.858235000252101 ], [ -122.301862562226006, 37.858255000070201 ], [ -122.301866000586998, 37.858264604370703 ], [ -122.301871773182, 37.858274999795697 ], [ -122.301881488486003, 37.858294999738398 ], [ -122.301885999922007, 37.858308293373 ], [ -122.301889060101004, 37.858315000334002 ], [ -122.301895303121995, 37.858335000335302 ], [ -122.301897536487999, 37.8583549999125 ], [ -122.301904117632006, 37.858374999722201 ], [ -122.301906000356993, 37.858382252974003 ], [ -122.301909536435005, 37.858395000245899 ], [ -122.301912715859999, 37.858414999660802 ], [ -122.301918511470006, 37.858434999250498 ], [ -122.301923139048995, 37.8584549996635 ], [ -122.301926000399007, 37.858471279055799 ], [ -122.301926809170993, 37.8584749995576 ], [ -122.301935493070999, 37.858494999497402 ], [ -122.301938648613998, 37.8585149993702 ], [ -122.301946000423996, 37.858534588468103 ], [ -122.301946216825996, 37.858534999128402 ], [ -122.301959526310995, 37.858554999364401 ], [ -122.301961848502998, 37.858574999035497 ], [ -122.301966000660002, 37.858588862847 ], [ -122.301967975455995, 37.858594999461999 ], [ -122.301971322271001, 37.858614999262002 ], [ -122.301975091456995, 37.858634999053301 ], [ -122.301977703985997, 37.858654999450103 ], [ -122.301984533381997, 37.858674999890198 ], [ -122.301986000468005, 37.858680174451599 ], [ -122.301991437902004, 37.858694999787801 ], [ -122.301997085558995, 37.858714999514902 ], [ -122.302002948398993, 37.858734999610498 ], [ -122.302006000275995, 37.858743621531403 ], [ -122.302009815356001, 37.858754999328497 ], [ -122.302018773683997, 37.858774999394598 ], [ -122.302022771725007, 37.858794999291 ], [ -122.302026000200996, 37.858807701175103 ], [ -122.302027816036002, 37.858814999800202 ], [ -122.302034219647993, 37.8588349994127 ], [ -122.302037720203998, 37.858854999859602 ], [ -122.302041670438996, 37.858874999773398 ], [ -122.302044787314003, 37.858894999486601 ], [ -122.302046000773004, 37.858901367569302 ], [ -122.302049619868995, 37.858914999560703 ], [ -122.302057040153997, 37.858934999453098 ], [ -122.302062794882005, 37.858954999821997 ], [ -122.302066000691994, 37.858967963986103 ], [ -122.302067820980994, 37.858974999779697 ], [ -122.302074154047006, 37.858994999844803 ], [ -122.302080641939, 37.859014999637097 ], [ -122.302086000692995, 37.859025558664797 ], [ -122.302090316434004, 37.859035000349003 ], [ -122.302096258996997, 37.859054999810503 ], [ -122.302101175828994, 37.859075000064898 ], [ -122.302105999825997, 37.859089793080997 ], [ -122.302108075866002, 37.859095000043098 ], [ -122.302111281571001, 37.859114999849602 ], [ -122.302114244788996, 37.859134999811502 ], [ -122.302117841010002, 37.859155000220099 ], [ -122.302126000442996, 37.859174081608401 ], [ -122.302126347433003, 37.859174999955997 ], [ -122.302131915488005, 37.8591950003063 ], [ -122.302137815950005, 37.859214999674499 ], [ -122.302142288783998, 37.859234999452198 ], [ -122.302146000247006, 37.859242225695802 ], [ -122.302153200831, 37.859254999799603 ], [ -122.302160565370002, 37.859274998957197 ], [ -122.302164542995001, 37.859294999242003 ], [ -122.302166000571006, 37.859300085802502 ], [ -122.302171046894003, 37.859314999622903 ], [ -122.302176478351996, 37.859334999894202 ], [ -122.302180723505998, 37.859354999542198 ], [ -122.302185619872006, 37.859374999286899 ], [ -122.302186000312005, 37.859375857604597 ], [ -122.302199076429005, 37.859394999376597 ], [ -122.302204534070995, 37.859414999144199 ], [ -122.302206000306995, 37.859420108033397 ], [ -122.302210724901997, 37.859434999234303 ], [ -122.302210051887997, 37.859454999710103 ], [ -122.302211774194006, 37.859474999196102 ], [ -122.302210473892004, 37.859495000015798 ], [ -122.302215831362005, 37.859514999906402 ], [ -122.302220446543998, 37.859534999648801 ], [ -122.302226000016006, 37.859550152080601 ], [ -122.302228724228002, 37.859555000170403 ], [ -122.302236053543993, 37.859575000000497 ], [ -122.302240018662005, 37.859594999623702 ], [ -122.302244859279, 37.859614999536902 ], [ -122.302246000720999, 37.859618393317398 ], [ -122.302251867579002, 37.8596350001297 ], [ -122.302257612144999, 37.8596549997864 ], [ -122.302266000347998, 37.859672927713497 ], [ -122.302267258295998, 37.8596750001308 ], [ -122.302273418417002, 37.8596949999081 ], [ -122.302277122855003, 37.859715000035401 ], [ -122.302280526721006, 37.859734999634 ], [ -122.302282740888998, 37.859754999575202 ], [ -122.302286000115998, 37.859766402432598 ], [ -122.302289663821, 37.8597750000053 ], [ -122.302297613639993, 37.859794999618302 ], [ -122.302303758988003, 37.859814999678001 ], [ -122.302306000832004, 37.859828749883 ], [ -122.302307479397001, 37.859835000397901 ], [ -122.302315510067004, 37.859855000257603 ], [ -122.302321192058997, 37.8598750002133 ], [ -122.302325077540999, 37.859895000463403 ], [ -122.302326000619004, 37.859899883127497 ], [ -122.302328789967007, 37.859915000436203 ], [ -122.302332914532002, 37.859935000595499 ], [ -122.302337849688996, 37.859955000490601 ], [ -122.302342823562, 37.8599750005421 ], [ -122.302346000813998, 37.859988699496398 ], [ -122.302347765524004, 37.859994999406403 ], [ -122.302352981894003, 37.860014999301498 ], [ -122.302357055241004, 37.860034999543601 ], [ -122.302360111916997, 37.860054999506801 ], [ -122.302366000478997, 37.860067272396101 ], [ -122.302369769525001, 37.860074999624501 ], [ -122.302376657210999, 37.860094999827403 ], [ -122.30238091839, 37.860114999162398 ], [ -122.302385039566005, 37.860134999385401 ], [ -122.302386000232005, 37.860137659688 ], [ -122.302394022081998, 37.860154999864001 ], [ -122.302403214069997, 37.860174999919899 ], [ -122.302405634338001, 37.860194999502298 ], [ -122.302406000518005, 37.860197838582799 ], [ -122.302408733159993, 37.860214999555502 ], [ -122.302413853930005, 37.860234999484099 ], [ -122.302421046769993, 37.860255000125399 ], [ -122.302424878766004, 37.8602749996003 ], [ -122.302425999367998, 37.8602822341836 ], [ -122.302428373804005, 37.860295000144902 ], [ -122.302434315420001, 37.860314999611397 ], [ -122.302439630880997, 37.860334999400798 ], [ -122.302445166081995, 37.860354999470701 ], [ -122.302445999184997, 37.860359584223502 ], [ -122.302449912309001, 37.860374999389997 ], [ -122.302454595930001, 37.860394999611202 ], [ -122.302458007865994, 37.860414999950997 ], [ -122.302460340517996, 37.860435000315 ], [ -122.302465941752004, 37.860455000016202 ], [ -122.302465999988001, 37.860455116773799 ], [ -122.302477698820994, 37.860475000313002 ], [ -122.302482703487001, 37.860494999768903 ], [ -122.302485999430004, 37.860510632840402 ], [ -122.302487290355003, 37.860515000047002 ], [ -122.302494806547998, 37.860534999875902 ], [ -122.302501754641, 37.860554999813203 ], [ -122.302505940757001, 37.8605749996862 ], [ -122.302506000129995, 37.860575560929803 ], [ -122.302508860900005, 37.860595000468301 ], [ -122.302512595029, 37.860615000020402 ], [ -122.302521312357996, 37.8606350001834 ], [ -122.302525999880004, 37.860644568789198 ], [ -122.302530970084007, 37.860655000287998 ], [ -122.302535671949997, 37.860675000156498 ], [ -122.302541376847003, 37.8606950005641 ], [ -122.302545999453002, 37.860707976209902 ], [ -122.302549036521, 37.860715000335098 ], [ -122.302555799070007, 37.860735000232701 ], [ -122.302564059881007, 37.8607550001595 ], [ -122.302565999281001, 37.860762093048201 ], [ -122.302570130226002, 37.860774999848601 ], [ -122.302577928812994, 37.860794999650501 ], [ -122.302584690239001, 37.860814999568298 ], [ -122.302584975914002, 37.860834999638399 ], [ -122.302585999954005, 37.860843647882 ], [ -122.302587628506004, 37.860854999257199 ], [ -122.302594676864999, 37.860874999964501 ], [ -122.302598783321002, 37.860894999564799 ], [ -122.302603398689996, 37.860914999292397 ], [ -122.302606000186998, 37.860920630769201 ], [ -122.302616034793999, 37.8609349997976 ], [ -122.302619806544001, 37.860954999524601 ], [ -122.302622579841994, 37.860974999524899 ], [ -122.302625999784993, 37.860990553728698 ], [ -122.302627200939, 37.860995000041598 ], [ -122.302632583659999, 37.861014999432797 ], [ -122.302638079109997, 37.8610349993589 ], [ -122.302645671684999, 37.8610549995133 ], [ -122.302645999692999, 37.861055818344802 ], [ -122.302655027808996, 37.8610750000012 ], [ -122.302659521400997, 37.861095000265401 ], [ -122.302663563002, 37.861115000209402 ], [ -122.302666000212994, 37.861122250004698 ], [ -122.302672637900997, 37.861134999796903 ], [ -122.302677940967996, 37.861154999815902 ], [ -122.302685192023006, 37.861175000226503 ], [ -122.302686000286002, 37.861177775929903 ], [ -122.302692983854996, 37.861195000152001 ], [ -122.302697080114001, 37.861214999945503 ], [ -122.302702511850001, 37.8612350001927 ], [ -122.302705999425996, 37.861239974887802 ], [ -122.302715269838004, 37.861255000148503 ], [ -122.302721516738004, 37.861275000040898 ], [ -122.302722470744996, 37.861294999876897 ], [ -122.302723803898004, 37.861315000531697 ], [ -122.302725999559996, 37.861327059068401 ], [ -122.302728459177999, 37.861335000388998 ], [ -122.302737699217005, 37.861355000400899 ], [ -122.302744567747993, 37.8613750000547 ], [ -122.302746000235999, 37.861379378938103 ], [ -122.302752875357996, 37.861394999971999 ], [ -122.302758307123, 37.861415000216702 ], [ -122.302763541934993, 37.861435000643503 ], [ -122.302765999501005, 37.861444801017797 ], [ -122.302768952058003, 37.861455000403502 ], [ -122.302774663904003, 37.861475000668896 ], [ -122.302783754806001, 37.861494999942103 ], [ -122.302785999611999, 37.861501545276198 ], [ -122.302792289007996, 37.861515000005497 ], [ -122.302800845999002, 37.861535000530601 ], [ -122.302805999796007, 37.861553623996997 ], [ -122.302833157831998, 37.861594999668199 ], [ -122.302845999623997, 37.861605796508698 ], [ -122.302865999855001, 37.861615243850501 ], [ -122.302905999912994, 37.861621976651101 ], [ -122.302986000787996, 37.861651095356201 ], [ -122.303046000113, 37.861679685678197 ], [ -122.303086000896997, 37.861690328995998 ], [ -122.303106000376005, 37.8616986020563 ], [ -122.303146000237007, 37.861722694887199 ], [ -122.303166000633993, 37.861730367744499 ], [ -122.303225999622001, 37.861774199929698 ], [ -122.303266000123003, 37.861795126265399 ], [ -122.303321700321007, 37.861834999896303 ], [ -122.303365999728996, 37.861877323993802 ], [ -122.303398825822001, 37.861915000432901 ], [ -122.303429653555995, 37.8619549998702 ], [ -122.303445999977001, 37.861979279636202 ], [ -122.303459840360006, 37.861994999912397 ], [ -122.303474175529004, 37.862015000096299 ], [ -122.303492319024997, 37.862035000020697 ], [ -122.303505999934004, 37.862054678936097 ], [ -122.303512892287003, 37.862075000226703 ], [ -122.303541065320005, 37.862135000395703 ], [ -122.303556690809998, 37.862195000404697 ], [ -122.303570889924998, 37.862275000074398 ], [ -122.303568279653007, 37.862315000141002 ], [ -122.303573370484003, 37.862375000025402 ], [ -122.303570657570006, 37.8623950001029 ], [ -122.303565999721997, 37.862405769454099 ], [ -122.303558662456993, 37.862434999557301 ], [ -122.303558973457996, 37.862455000043397 ], [ -122.303566000087002, 37.862522563475103 ], [ -122.303575487255003, 37.862535000247398 ], [ -122.303606000241999, 37.8625664925531 ], [ -122.303625999995006, 37.862593907265698 ], [ -122.303646000178006, 37.862612819626499 ], [ -122.303666000296005, 37.8626213625312 ], [ -122.303686000775002, 37.862638247599499 ], [ -122.303705999992005, 37.8626482788071 ], [ -122.303745999724001, 37.862663458797897 ], [ -122.303766000197001, 37.862673049062899 ], [ -122.303826000409998, 37.862683009253502 ], [ -122.303886000321, 37.8627124323936 ], [ -122.303926000838999, 37.862719120767402 ], [ -122.303966000219006, 37.862732398486699 ], [ -122.303985999689999, 37.862741399356999 ], [ -122.304005999596995, 37.862746342055203 ], [ -122.304025999751005, 37.862750811443298 ], [ -122.304045999809006, 37.862748836362798 ], [ -122.304066000191995, 37.862760124529501 ], [ -122.304106000039994, 37.862772823613703 ], [ -122.304166000275998, 37.862779485818201 ], [ -122.304185999417001, 37.862785069169 ], [ -122.304205999557993, 37.862793090993101 ], [ -122.304245999667003, 37.862800133796 ], [ -122.304289125438004, 37.862814999803902 ], [ -122.304325999561996, 37.862825534528902 ], [ -122.304406000135003, 37.862843367761002 ], [ -122.304426000552994, 37.862850397948797 ], [ -122.304526000349, 37.8628697796428 ], [ -122.304546000781997, 37.862875440293699 ], [ -122.304626000430005, 37.862892166627702 ], [ -122.304706000905, 37.862912767492297 ], [ -122.304846000043995, 37.862944449189499 ], [ -122.304886000425995, 37.862957157905697 ], [ -122.304966000071005, 37.862972398422997 ], [ -122.305086000060001, 37.862992646929698 ], [ -122.305126000369995, 37.862996211657403 ], [ -122.305165999855006, 37.8630034125365 ], [ -122.305226000082996, 37.863009879856499 ], [ -122.305306000290997, 37.8630167356702 ], [ -122.305346000740997, 37.863015827345997 ], [ -122.305386000276002, 37.863018071075103 ], [ -122.305486000325999, 37.863015210365198 ], [ -122.305506001013001, 37.863012107562703 ], [ -122.305546000883993, 37.863012401334601 ], [ -122.305585999447004, 37.863004883830897 ], [ -122.305605999574993, 37.863010937532103 ], [ -122.305646000224996, 37.863009221970501 ], [ -122.305686000001003, 37.8629996726293 ], [ -122.305725999825, 37.862996783698897 ], [ -122.305746000453993, 37.8629928656255 ], [ -122.305826000579003, 37.862968497538603 ], [ -122.305866000185006, 37.862954690218601 ], [ -122.305926000777006, 37.862930652576701 ], [ -122.305986000749996, 37.862912514098802 ], [ -122.306026000700996, 37.8629041200006 ], [ -122.306086000882004, 37.862898343117301 ], [ -122.306105999940996, 37.862892637082098 ], [ -122.306122033982007, 37.8628750001591 ], [ -122.306146000943002, 37.862853875988002 ], [ -122.306155824892002, 37.862835000647799 ], [ -122.306156462719002, 37.862814999907201 ], [ -122.306159796613002, 37.862795000415403 ], [ -122.306154681495002, 37.862775000515697 ], [ -122.306140701806996, 37.862755000099 ], [ -122.306140363945005, 37.862735000122797 ], [ -122.306128117406004, 37.8626950003991 ], [ -122.306119192785999, 37.862674999962003 ], [ -122.306116877321003, 37.862655000218503 ], [ -122.306117958338007, 37.862614999781101 ], [ -122.306109992971002, 37.862555000347498 ], [ -122.306104256824995, 37.862495000342101 ], [ -122.306104151206, 37.862474999499703 ], [ -122.306108687668001, 37.862435000108 ], [ -122.306109360804996, 37.862414999588601 ], [ -122.306113529206002, 37.862394999349 ], [ -122.306115398965005, 37.862375000116202 ], [ -122.306114357507994, 37.862355000171398 ], [ -122.306117087947001, 37.862334999686297 ], [ -122.306122596416003, 37.862315000674101 ], [ -122.306123589476996, 37.862295000301799 ], [ -122.306115408669001, 37.862255000686297 ], [ -122.306107351666995, 37.862235000663297 ], [ -122.306103261269001, 37.862215000855102 ], [ -122.306098373032995, 37.862175000016997 ], [ -122.306089846975993, 37.8621550000139 ], [ -122.306076865069997, 37.862115000029497 ], [ -122.306035880275999, 37.862075000377502 ], [ -122.306005564516994, 37.862034999836801 ], [ -122.305996440802005, 37.862015000521197 ], [ -122.305979628185995, 37.8619550002227 ], [ -122.305980445969993, 37.861935000522799 ], [ -122.305971528306003, 37.861914999943401 ], [ -122.305958993602005, 37.861894999621398 ], [ -122.305950395902997, 37.861875000087203 ], [ -122.305935531811002, 37.861854999558503 ], [ -122.305893159381, 37.861814999546802 ], [ -122.305878721143003, 37.861794999822202 ], [ -122.305869874124994, 37.861774999677401 ], [ -122.305865475268007, 37.861754999494501 ], [ -122.305846000561004, 37.861712037955698 ], [ -122.305835062203002, 37.8616949997134 ], [ -122.305826000747004, 37.861672877427402 ], [ -122.305815223291006, 37.8616550001625 ], [ -122.305799645440004, 37.861634999843702 ], [ -122.305779915849996, 37.861594999985499 ], [ -122.305736677295002, 37.8614950007617 ], [ -122.305725999744993, 37.8614579879183 ], [ -122.305715539833997, 37.861435000794202 ], [ -122.305701447811998, 37.861415000693299 ], [ -122.305658007500995, 37.861335000096503 ], [ -122.305643862007003, 37.8613150001176 ], [ -122.305620919719999, 37.861274999910698 ], [ -122.305605999397997, 37.8612555331161 ], [ -122.305586000418003, 37.861234296836201 ], [ -122.305560065088002, 37.8611950002228 ], [ -122.305526000403006, 37.861125018744502 ], [ -122.305518250841004, 37.861114999815399 ], [ -122.305486000806994, 37.861063731972898 ], [ -122.305466000707, 37.861024032408103 ], [ -122.305459295933005, 37.8610150002838 ], [ -122.305421357523002, 37.8609749994678 ], [ -122.305408382536001, 37.860954999458997 ], [ -122.305398479233006, 37.8609349997921 ], [ -122.305392098436997, 37.860914999900203 ], [ -122.305375481075998, 37.860814999936302 ], [ -122.305375640272999, 37.860774999235304 ], [ -122.305372245802005, 37.860755000427197 ], [ -122.305362972108995, 37.860735000353102 ], [ -122.305349169484998, 37.860715000051201 ], [ -122.305338272330999, 37.860695000587803 ], [ -122.305331407693998, 37.860675000095704 ], [ -122.305326081196995, 37.860655000631297 ], [ -122.305323466565994, 37.860635000329502 ], [ -122.305323837071001, 37.8606150002364 ], [ -122.305318598219003, 37.860594999986802 ], [ -122.305310699876003, 37.8605750004673 ], [ -122.305305584991999, 37.860515000194297 ], [ -122.305301350316, 37.860495000438299 ], [ -122.305271936533998, 37.860394999881599 ], [ -122.305255412384994, 37.860354999523103 ], [ -122.305234895610994, 37.860315000320703 ], [ -122.305221602526004, 37.860274999940799 ], [ -122.305216051770998, 37.860254999384203 ], [ -122.305213734347006, 37.860234999666901 ], [ -122.305214843762002, 37.860214999769099 ], [ -122.305220295889001, 37.860174999913603 ], [ -122.305229615428004, 37.860134999506897 ], [ -122.305242895755001, 37.8600949994525 ], [ -122.305258656825004, 37.860054999403403 ], [ -122.305270145156996, 37.860014999596999 ], [ -122.305273604910994, 37.859975000242301 ], [ -122.305278800311996, 37.859955000088597 ], [ -122.305294199315995, 37.859915000694699 ], [ -122.305317108824994, 37.859875000003399 ], [ -122.305331223080003, 37.8598550002745 ], [ -122.305347919398002, 37.859835000400899 ], [ -122.305358200371003, 37.859815000567401 ], [ -122.305371780640996, 37.859795000299897 ], [ -122.305387817756994, 37.859775000494203 ], [ -122.305406686249995, 37.859755000248597 ], [ -122.305426000482996, 37.859726917398604 ], [ -122.305430431296998, 37.859714999669002 ], [ -122.305446000840007, 37.859696121913203 ], [ -122.305486000784001, 37.859654448334098 ], [ -122.305511607767002, 37.859634999694002 ], [ -122.305533489756996, 37.859614999984998 ], [ -122.305564837028996, 37.8595950000743 ], [ -122.305586229433004, 37.859574999868997 ], [ -122.305625999911996, 37.859548625694501 ], [ -122.305706000561997, 37.859506266720601 ], [ -122.305726000237996, 37.859501941034999 ], [ -122.305765999974994, 37.859499997761802 ], [ -122.305786000694994, 37.8595014767481 ], [ -122.305805999897004, 37.859505236789403 ], [ -122.305826000710994, 37.859513413984999 ], [ -122.305846000220996, 37.859527430097401 ], [ -122.305860595067998, 37.859534999471002 ], [ -122.305872973388006, 37.859555000102702 ], [ -122.305896001012997, 37.85957500024 ], [ -122.305906000714998, 37.859582486993297 ], [ -122.305926000601005, 37.859589819264897 ], [ -122.305929644925996, 37.859594999612099 ], [ -122.305929412344994, 37.859614999758001 ], [ -122.305946000030005, 37.859629242520498 ], [ -122.305961024929999, 37.859654999659298 ], [ -122.305979167092005, 37.859695000308399 ], [ -122.305980273358998, 37.859714999906899 ], [ -122.305983778422998, 37.859735000173004 ], [ -122.306006000815998, 37.859810283270299 ], [ -122.306025894610002, 37.859855000353697 ], [ -122.306039282845006, 37.859875000447801 ], [ -122.306046177181003, 37.859895000330603 ], [ -122.306047498653001, 37.859915000290002 ], [ -122.306053937594001, 37.859934999930601 ], [ -122.306056479546996, 37.859955000717498 ], [ -122.306071349774001, 37.859994999481003 ], [ -122.306075782744003, 37.860014999899498 ], [ -122.306082386477996, 37.860054999243602 ], [ -122.306087936845998, 37.860114999219597 ], [ -122.306091249556005, 37.860134999582797 ], [ -122.306097529151003, 37.8601549995862 ], [ -122.306103207340001, 37.860194999629698 ], [ -122.306114503109995, 37.860214999459799 ], [ -122.306122444921996, 37.860234999893599 ], [ -122.306128166673005, 37.860254999824399 ], [ -122.306128992919, 37.860274999407899 ], [ -122.306146457905996, 37.860314999559897 ], [ -122.306163386427997, 37.860375000301701 ], [ -122.306165317031002, 37.860395000245198 ], [ -122.306162684555005, 37.860414999749302 ], [ -122.306166000678004, 37.860423570603103 ], [ -122.306173363317001, 37.8604349997415 ], [ -122.306179871799003, 37.860454999839298 ], [ -122.306180616111007, 37.860475000098297 ], [ -122.306187492334004, 37.860495000322999 ], [ -122.306206000467995, 37.860525317302702 ], [ -122.306209193715006, 37.860534999989397 ], [ -122.306214419146997, 37.860555000462597 ], [ -122.306211678530005, 37.8605750002477 ], [ -122.306214580292007, 37.860595000412303 ], [ -122.306219810252003, 37.860614999898502 ], [ -122.306223879860994, 37.860655000275997 ], [ -122.306226000897993, 37.860663285472803 ], [ -122.306238910887004, 37.860695000429999 ], [ -122.306242606192995, 37.8607150006317 ], [ -122.306252621281999, 37.860735000782597 ], [ -122.306257056592003, 37.860755000251302 ], [ -122.306272726334001, 37.860794999817202 ], [ -122.306285155940003, 37.860834999601003 ], [ -122.306295933376006, 37.860894999835899 ], [ -122.306309358307004, 37.8609150000988 ], [ -122.306320426536999, 37.860934999789102 ], [ -122.306329888137995, 37.860974999955303 ], [ -122.306345999569999, 37.861020690444001 ], [ -122.306356146702001, 37.861054999596803 ], [ -122.306357932786995, 37.861074999618097 ], [ -122.306378027801998, 37.8611349997311 ], [ -122.306382340229007, 37.861154999759698 ], [ -122.306382558620996, 37.861175000234297 ], [ -122.306387543686995, 37.861215000100401 ], [ -122.306399154854006, 37.861255000316902 ], [ -122.306405999565001, 37.861263063299397 ], [ -122.306420554878002, 37.861295000347702 ], [ -122.306423838117993, 37.8613150003711 ], [ -122.306425999989997, 37.861344765150001 ], [ -122.306436098047996, 37.861374999981599 ], [ -122.306439065950997, 37.8613950006702 ], [ -122.306439383376997, 37.861415000140298 ], [ -122.306456358112996, 37.861455000685098 ], [ -122.306459096015999, 37.861475000397597 ], [ -122.306465233509002, 37.861495000418898 ], [ -122.306469239736998, 37.861515000934801 ], [ -122.306475348762007, 37.861535000603403 ], [ -122.306483905573003, 37.8615549999884 ], [ -122.306486370239995, 37.861574999556197 ], [ -122.306486483897004, 37.861594999345797 ], [ -122.306491463566005, 37.861615000036899 ], [ -122.306499676569999, 37.8616349997341 ], [ -122.306499629713002, 37.861654999911302 ], [ -122.306505023781995, 37.861674999831003 ], [ -122.306518302045006, 37.861695000195503 ], [ -122.306526403131997, 37.861754999695997 ], [ -122.306539810073005, 37.861775000283203 ], [ -122.306538460766006, 37.861795000313897 ], [ -122.306543080655004, 37.861814999824098 ], [ -122.30654504556, 37.861835000004199 ], [ -122.306553594486004, 37.861855000436599 ], [ -122.306557603003995, 37.861875000006499 ], [ -122.306565524601993, 37.861894999905502 ], [ -122.306568802217001, 37.861915000034301 ], [ -122.306579238647004, 37.861955000334099 ], [ -122.306598299168996, 37.862015000517196 ], [ -122.306606713753993, 37.862034999930998 ], [ -122.306617564644, 37.862075000355503 ], [ -122.30662665781, 37.862095000214701 ], [ -122.306633298628995, 37.862115000447098 ], [ -122.306650194922995, 37.862175000855103 ], [ -122.306651360600995, 37.862195000208402 ], [ -122.306659101256997, 37.862215000882799 ], [ -122.306662850227994, 37.862235000042901 ], [ -122.306671291081003, 37.862255000747297 ], [ -122.306674319387, 37.862275000270103 ], [ -122.306673946958995, 37.862295000411002 ], [ -122.306675988200993, 37.862315000921299 ], [ -122.306682845327003, 37.862334999690901 ], [ -122.306694024321004, 37.862354999921699 ], [ -122.306697224562001, 37.862374999736602 ], [ -122.306697164102999, 37.862395000176399 ], [ -122.306702533218001, 37.862414999669298 ], [ -122.306726000660007, 37.862452797638497 ], [ -122.306735041018001, 37.8624749994529 ], [ -122.306746525183001, 37.862495000108801 ], [ -122.306766000010995, 37.862581535930197 ], [ -122.306799004498004, 37.862654999968498 ], [ -122.306805950523, 37.862674999721897 ], [ -122.306815265831005, 37.8626949997957 ], [ -122.306820073734002, 37.862715000180501 ], [ -122.306821959030003, 37.862735000089302 ], [ -122.306825941496996, 37.862755000153498 ], [ -122.306846001072998, 37.862784317209901 ], [ -122.306851449983995, 37.862795000282603 ], [ -122.306860067155, 37.8628750008168 ], [ -122.306865439762007, 37.862895000236797 ], [ -122.306882896649, 37.862935000456297 ], [ -122.306896148964995, 37.862975000562102 ], [ -122.306909024511995, 37.862995000537197 ], [ -122.306916833551995, 37.863035000960103 ], [ -122.306918287358997, 37.863055000169403 ], [ -122.306915228072, 37.8630750007027 ], [ -122.306916616994002, 37.863095000260202 ], [ -122.306924007039996, 37.863134999743899 ], [ -122.306932939895006, 37.863154999967897 ], [ -122.306962912638994, 37.863235000047801 ], [ -122.306968427642005, 37.863255000324401 ], [ -122.306965976309996, 37.863274999963103 ], [ -122.306979869733993, 37.863315000327503 ], [ -122.306983234027001, 37.863334999680802 ], [ -122.307013534795999, 37.863414999739597 ], [ -122.307016839894004, 37.863455000409303 ], [ -122.307022078260999, 37.8634750006063 ], [ -122.307032257862005, 37.863495000237997 ], [ -122.307035810063994, 37.863515000474898 ], [ -122.307035599385998, 37.863535000206802 ], [ -122.307038666582997, 37.863555000774703 ], [ -122.307043318602993, 37.863575000551897 ], [ -122.307053014353997, 37.863595000491102 ], [ -122.307058178724006, 37.863615000310602 ], [ -122.307062703200998, 37.863655000019698 ], [ -122.307077944805997, 37.8636750003581 ], [ -122.307086000870996, 37.8636944388575 ], [ -122.307091981797996, 37.863735000828498 ], [ -122.307097589066998, 37.863755000225602 ], [ -122.307100799744006, 37.863775000731899 ], [ -122.307115751034004, 37.8637950003518 ], [ -122.307119696057995, 37.863815000229202 ], [ -122.307117406436006, 37.863835000359998 ], [ -122.307117338123007, 37.863855000953102 ], [ -122.307131638147993, 37.863894999780797 ], [ -122.307134048419996, 37.863914999486397 ], [ -122.307145999810004, 37.863938737050901 ], [ -122.307167910947001, 37.864014999564802 ], [ -122.307196835689993, 37.864074999781799 ], [ -122.307206000232, 37.864097821849803 ], [ -122.307210295605998, 37.864115000365402 ], [ -122.307211434154993, 37.864135000238498 ], [ -122.307208742629001, 37.864155000004203 ], [ -122.307212084263995, 37.864174999788901 ], [ -122.307223351361003, 37.864215000262398 ], [ -122.307222998412996, 37.8642350000327 ], [ -122.307233008544998, 37.864255000211003 ], [ -122.307238223102999, 37.864274999958802 ], [ -122.307245999483996, 37.864333966387001 ], [ -122.307250351004996, 37.864355000426897 ], [ -122.307263218919005, 37.8643750005171 ], [ -122.307268494992996, 37.864395000880201 ], [ -122.307269369408004, 37.8644150004354 ], [ -122.307291456216007, 37.8644550006222 ], [ -122.307295029014, 37.864475000457396 ], [ -122.307306000235997, 37.864513745976303 ], [ -122.307344567607004, 37.864575000369101 ], [ -122.307353160326002, 37.864595000811804 ], [ -122.307358351044002, 37.864615001014101 ], [ -122.307372427014002, 37.864635000349203 ], [ -122.307379655763995, 37.8646550009354 ], [ -122.307366000350001, 37.864704104673997 ], [ -122.307362000314001, 37.864715000096801 ], [ -122.307362325994006, 37.864735000310198 ], [ -122.307346000497006, 37.864751680201998 ], [ -122.307343457879995, 37.864754999941802 ], [ -122.307326000008999, 37.864766853413499 ], [ -122.307306767962004, 37.864775000483199 ], [ -122.307305999663996, 37.864776005959001 ], [ -122.307289870660995, 37.8647949999853 ], [ -122.307286000147997, 37.864799861456198 ], [ -122.307272626102005, 37.864814999866098 ], [ -122.307266000115007, 37.864820669287603 ], [ -122.307246000340996, 37.864833205114699 ], [ -122.307240897967006, 37.864835000317498 ], [ -122.307225999658002, 37.864843308756903 ], [ -122.307205999355006, 37.864848655968402 ], [ -122.307185999729995, 37.864851141753 ], [ -122.307166000353007, 37.864854079236402 ], [ -122.307146000014001, 37.864852512263099 ], [ -122.307125999350006, 37.864850823817797 ], [ -122.307106000814002, 37.864848021357801 ], [ -122.307086001124006, 37.864850172395897 ], [ -122.307066000258999, 37.864854170772503 ], [ -122.307062930059999, 37.864855000069497 ], [ -122.307046000168, 37.864864109706701 ], [ -122.307026000430994, 37.864872803287298 ], [ -122.307019961989994, 37.864874999806702 ], [ -122.307006000887, 37.864881872983297 ], [ -122.306986000223006, 37.864887652975298 ], [ -122.306966001099994, 37.864893187284899 ], [ -122.306956802724997, 37.864895000071797 ], [ -122.306946000780002, 37.864898719814597 ], [ -122.306926000323003, 37.864903360627203 ], [ -122.306905999910995, 37.864908113912499 ], [ -122.306886000377006, 37.864911749607799 ], [ -122.306868253570002, 37.864915000042501 ], [ -122.306866000957001, 37.864915721828197 ], [ -122.306846000017003, 37.864922417812998 ], [ -122.306826000864007, 37.864929726533802 ], [ -122.306806000267002, 37.864934141475402 ], [ -122.306801982565005, 37.864935000686401 ], [ -122.306785999976, 37.864941339533999 ], [ -122.306766000036006, 37.8649518399017 ], [ -122.306759062197997, 37.864955000310303 ], [ -122.306746000744994, 37.864962509418604 ], [ -122.306726000080999, 37.864969289060298 ], [ -122.306706000152005, 37.8649742438608 ], [ -122.306703106461001, 37.8649750004681 ], [ -122.306685999882006, 37.864982441595899 ], [ -122.306666000701, 37.864990083221201 ], [ -122.306652366422, 37.8649950001722 ], [ -122.306646000640995, 37.864999101576203 ], [ -122.306626000177005, 37.8650106214197 ], [ -122.306608639885994, 37.865014999947903 ], [ -122.306606000442997, 37.865016100791301 ], [ -122.306585999500996, 37.865023685748497 ], [ -122.306565999957002, 37.8650291345159 ], [ -122.306545999728996, 37.865034783051897 ], [ -122.306545609058006, 37.865035000221503 ], [ -122.306525999648002, 37.865047573408901 ], [ -122.306506000525999, 37.865051261221097 ], [ -122.306485999757996, 37.865053527354803 ], [ -122.306481438508001, 37.865055000783002 ], [ -122.306465999809006, 37.865065434981098 ], [ -122.306446000251, 37.865074951789403 ], [ -122.306445902695003, 37.865075000455697 ], [ -122.306426000317998, 37.865088746319202 ], [ -122.306405999684998, 37.865094271564601 ], [ -122.306404420161996, 37.865095000194103 ], [ -122.306385999434994, 37.865109165666901 ], [ -122.306374027220997, 37.865115000828901 ], [ -122.306366000088005, 37.865123756510798 ], [ -122.306352479718996, 37.865135000530998 ], [ -122.306346000093001, 37.8651432081612 ], [ -122.306337770403999, 37.865155000110597 ], [ -122.306326540545001, 37.865175000268302 ], [ -122.306327569581001, 37.865195000451699 ], [ -122.306329147412995, 37.865215000880099 ], [ -122.306335655213005, 37.8652350009909 ], [ -122.306345439774006, 37.865255000179801 ], [ -122.306345999477003, 37.865256464212997 ], [ -122.306354837263001, 37.865275000512199 ], [ -122.306364279163006, 37.865295000889901 ], [ -122.306365999915002, 37.865303001344301 ], [ -122.306367860856994, 37.865315000577603 ], [ -122.306369492209996, 37.865335000876399 ], [ -122.306373651178006, 37.865355001160999 ], [ -122.306372256219007, 37.865375001165503 ], [ -122.306372695481997, 37.865395000992102 ], [ -122.306372615561997, 37.8654150009041 ], [ -122.306373781244005, 37.865435001159199 ], [ -122.306372026488006, 37.865455000883799 ], [ -122.306372978081001, 37.865474999856801 ], [ -122.306369970920997, 37.865495000268901 ], [ -122.306367744797001, 37.865515000059197 ], [ -122.306370945086002, 37.865534999882499 ], [ -122.306374613328998, 37.865554999705601 ], [ -122.306381274897007, 37.865575000457198 ], [ -122.306386000168004, 37.865584474620903 ], [ -122.306392341559004, 37.8655950001842 ], [ -122.306405349501006, 37.865615000372799 ], [ -122.306405999616999, 37.865615887685898 ], [ -122.306422409600998, 37.865635000022998 ], [ -122.306425999538007, 37.8656388469823 ], [ -122.306441077387007, 37.865655000248999 ], [ -122.306445999786007, 37.865660189302801 ], [ -122.306460574042006, 37.865674999830098 ], [ -122.306465999926999, 37.865680862160303 ], [ -122.306479977373002, 37.865695000302999 ], [ -122.306485999429, 37.865700922253303 ], [ -122.306500565956995, 37.865715000475703 ], [ -122.306506000289005, 37.865720027614003 ], [ -122.306520736693997, 37.865735000582099 ], [ -122.306526000177996, 37.865740025606101 ], [ -122.306539401090006, 37.865754999959201 ], [ -122.306545999766001, 37.865761270743697 ], [ -122.306561656585004, 37.865775000459699 ], [ -122.306565999959005, 37.865777727953898 ], [ -122.306585675719006, 37.8657950003332 ], [ -122.306585999448004, 37.865795234358103 ], [ -122.306606000258995, 37.865809899119597 ], [ -122.306612350023002, 37.865815000429599 ], [ -122.306625999597003, 37.865822740882102 ], [ -122.306640942808002, 37.865834999618002 ], [ -122.306646000032998, 37.865838983019202 ], [ -122.306666000530001, 37.865854894020302 ], [ -122.306666100545996, 37.8658549991748 ], [ -122.306686000289005, 37.8658747003293 ], [ -122.306686198511997, 37.865874999754602 ], [ -122.306706000258998, 37.865891259200602 ], [ -122.306714166272997, 37.865894999249001 ], [ -122.306725999638999, 37.865896890732898 ], [ -122.306733691681998, 37.865894999858199 ], [ -122.306746000607006, 37.865888892741197 ], [ -122.306766000240998, 37.865878854892301 ], [ -122.306785999802003, 37.865882273767198 ], [ -122.306805999850994, 37.865876205885201 ], [ -122.306811746647995, 37.865874999384403 ], [ -122.306826000802999, 37.865861737313999 ], [ -122.306839276304004, 37.865854999723197 ], [ -122.306846000256996, 37.865846332960999 ], [ -122.306849750121003, 37.865834999660898 ], [ -122.306850772648005, 37.8658149996131 ], [ -122.306852443024994, 37.865794999702501 ], [ -122.306857666883005, 37.8657749998331 ], [ -122.306866000067004, 37.865759285365399 ], [ -122.306868222640006, 37.8657549990928 ], [ -122.306880939422001, 37.865734999078803 ], [ -122.306886000123001, 37.8657287056215 ], [ -122.306896986536998, 37.865714999796097 ], [ -122.306905999942003, 37.865702629450197 ], [ -122.306911715184995, 37.865695000675103 ], [ -122.306924839532002, 37.865675000015699 ], [ -122.306925999944994, 37.865673195164 ], [ -122.306936315258994, 37.865655000470298 ], [ -122.306946000645993, 37.865643451324502 ], [ -122.306953826506003, 37.865635000012801 ], [ -122.306966000284007, 37.865623212242802 ], [ -122.306969087962997, 37.865615000534198 ], [ -122.306986000622004, 37.865597672336598 ], [ -122.306987989391999, 37.865595000326799 ], [ -122.307005572354996, 37.865575000281503 ], [ -122.307006000197006, 37.865574659120803 ], [ -122.307026001081994, 37.865560672815903 ], [ -122.307043484424995, 37.865554999728701 ], [ -122.307046000867999, 37.865553601603501 ], [ -122.307066001078994, 37.865545509090097 ], [ -122.307086000585997, 37.865535767226604 ], [ -122.307088827938003, 37.865535000188999 ], [ -122.307106000253, 37.865528211906202 ], [ -122.307125999779004, 37.865523646668798 ], [ -122.307146000100005, 37.865519624900799 ], [ -122.307166000254995, 37.865517298383303 ], [ -122.307185999588995, 37.865517385181001 ], [ -122.307192617498998, 37.865515000244002 ], [ -122.307206000004001, 37.865510926703102 ], [ -122.307226000005997, 37.865501719296198 ], [ -122.307245999667003, 37.865499635724703 ], [ -122.307262096268005, 37.8654949997728 ], [ -122.307265999723001, 37.865493868301201 ], [ -122.307285999973004, 37.8654894011026 ], [ -122.307306000230994, 37.865486117156799 ], [ -122.307318318677005, 37.865474999627899 ], [ -122.307325999740002, 37.865470647032502 ], [ -122.307345999537006, 37.865460287846297 ], [ -122.307366000011001, 37.865455569581499 ], [ -122.307369079400999, 37.865455001046598 ], [ -122.307386000245003, 37.865451545974999 ], [ -122.307406000361993, 37.865448516662397 ], [ -122.307425999868002, 37.865445467562402 ], [ -122.307446000346999, 37.865444667976902 ], [ -122.307465999898994, 37.865446351894398 ], [ -122.307486000718001, 37.865443567304602 ], [ -122.307506000323002, 37.8654411129667 ], [ -122.307521651762002, 37.865434999949798 ], [ -122.307526000189, 37.865433270530097 ], [ -122.307546000825994, 37.8654278188829 ], [ -122.307565999881007, 37.865421835472297 ], [ -122.307577683917998, 37.865414999742001 ], [ -122.307586000629996, 37.865411028119198 ], [ -122.307605999816005, 37.865403127194099 ], [ -122.307625999915004, 37.865399543559001 ], [ -122.307646000727004, 37.865397535482302 ], [ -122.307657730688007, 37.865394999974697 ], [ -122.307666000373999, 37.8653930502348 ], [ -122.307686000204001, 37.865390197244302 ], [ -122.307706000882007, 37.8653885175925 ], [ -122.307726001039001, 37.865385712279199 ], [ -122.307746000462004, 37.865380148144602 ], [ -122.307756814228995, 37.865375000096897 ], [ -122.307766000773, 37.8653695495262 ], [ -122.307786000448999, 37.865359300044602 ], [ -122.307804357150005, 37.865355000253999 ], [ -122.307806000639999, 37.8653546851897 ], [ -122.307826000706996, 37.865349770695403 ], [ -122.307846000238001, 37.865350013046303 ], [ -122.307866000497, 37.865352200779498 ], [ -122.307886000951001, 37.865350809942299 ], [ -122.307905999268996, 37.865347834569 ], [ -122.307926000205001, 37.865343613798302 ], [ -122.307946000236001, 37.8653428006402 ], [ -122.307965999794007, 37.865343561263998 ], [ -122.307985999365002, 37.865349348249502 ], [ -122.308006000328007, 37.865351928265099 ], [ -122.308025999595998, 37.865349279486203 ], [ -122.308045999537995, 37.865346985218103 ], [ -122.308065999994, 37.8653443751016 ], [ -122.308085999529993, 37.865343989341802 ], [ -122.308105999763995, 37.865343515383302 ], [ -122.308125999831006, 37.865343036025799 ], [ -122.308146000229002, 37.865344230314101 ], [ -122.308166000433999, 37.865346526876003 ], [ -122.308185999708996, 37.865350234362197 ], [ -122.308206000186004, 37.8653510246221 ], [ -122.308226000377005, 37.865351990348302 ], [ -122.308245999706003, 37.865350747941903 ], [ -122.308265999859998, 37.865344580829799 ], [ -122.308279375385993, 37.865334999535101 ], [ -122.308285999806003, 37.865315349663902 ], [ -122.308286206502004, 37.865315000157103 ], [ -122.308306000884002, 37.8653075871553 ], [ -122.308320489511004, 37.865294999747903 ], [ -122.308326000880996, 37.865292843000603 ], [ -122.308346000222997, 37.865286945834697 ], [ -122.308365999949999, 37.865280470077103 ], [ -122.308378608346999, 37.8652749994923 ], [ -122.308385999986001, 37.865272674281698 ], [ -122.308406000876005, 37.865271372430499 ], [ -122.308426000408005, 37.865270617689497 ], [ -122.308446000245993, 37.8652704271232 ], [ -122.308466000441001, 37.865267329244801 ], [ -122.308486000593007, 37.865257911963802 ], [ -122.308490878409998, 37.865254999860603 ], [ -122.308506000240001, 37.865251545061597 ], [ -122.308526001165006, 37.865246882380902 ], [ -122.308546000239005, 37.865243194231901 ], [ -122.308566000816995, 37.865236894787699 ], [ -122.308573642512997, 37.865234999363103 ], [ -122.308586001037, 37.865232948363101 ], [ -122.308606000595006, 37.865233192386 ], [ -122.308626000565994, 37.865234779821201 ], [ -122.308646001111995, 37.865230252999503 ], [ -122.308666000260999, 37.8652252744943 ], [ -122.308685999614994, 37.865219970248802 ], [ -122.308705999416006, 37.865215825852701 ], [ -122.308709013908995, 37.865214999385501 ], [ -122.308725999539007, 37.865211876706802 ], [ -122.308746000056004, 37.865204504654002 ], [ -122.308766000470001, 37.865204037779698 ], [ -122.308785999609, 37.865207482422299 ], [ -122.308805999848005, 37.8652032417207 ], [ -122.308825628552, 37.865194999491997 ], [ -122.308825999952006, 37.865194896062398 ], [ -122.308846000307, 37.865191102559898 ], [ -122.308866000090006, 37.865185628210597 ], [ -122.308886000403007, 37.865177991592297 ], [ -122.308899862429001, 37.865175000104301 ], [ -122.308905999987005, 37.865173840867897 ], [ -122.308918300301997, 37.865174999694197 ], [ -122.308926000230002, 37.865176028424401 ], [ -122.308945999857002, 37.865181816149203 ], [ -122.308966000728006, 37.865184319522001 ], [ -122.308986000028, 37.865184481603002 ], [ -122.309006000615994, 37.865177297566099 ], [ -122.309009470733997, 37.865175000120502 ], [ -122.309026000749995, 37.865168141140003 ], [ -122.309046000718993, 37.865165259123899 ], [ -122.309066000605995, 37.865165181829397 ], [ -122.309086000155006, 37.865167420661997 ], [ -122.309106000921005, 37.865169070988898 ], [ -122.309126000019006, 37.8651708149252 ], [ -122.309146000107006, 37.865170596342601 ], [ -122.309166000106998, 37.865169746988002 ], [ -122.309186000528996, 37.865168763549498 ], [ -122.309206000230006, 37.865167719833799 ], [ -122.309226000348005, 37.865167428352301 ], [ -122.309246000575001, 37.865167177357002 ], [ -122.309266000107996, 37.865165352595099 ], [ -122.309286001179998, 37.865162395832797 ], [ -122.309306001159001, 37.865161250416001 ], [ -122.309326000390001, 37.865162444529602 ], [ -122.309346000911006, 37.865161686016201 ], [ -122.309366001181999, 37.8651608825135 ], [ -122.309386001302002, 37.865161255968502 ], [ -122.309406001140999, 37.865158480972497 ], [ -122.309426000829006, 37.865156846041899 ], [ -122.309444749541001, 37.865154999443703 ], [ -122.309446000693995, 37.865154847579099 ], [ -122.309465999763006, 37.8651500534028 ], [ -122.309485999803996, 37.865147691404601 ], [ -122.309505999562006, 37.86514546798 ], [ -122.309526000039995, 37.865142381615598 ], [ -122.309545999901005, 37.865136874756899 ], [ -122.309550390452998, 37.865134999581201 ], [ -122.309565999681993, 37.865127672355499 ], [ -122.309586000216996, 37.865117275881502 ], [ -122.309589881977999, 37.865114999286099 ], [ -122.309605999674005, 37.865101231285003 ], [ -122.309612969113005, 37.865094999931799 ], [ -122.309619637023005, 37.865075000014102 ], [ -122.309622522599, 37.8650549991454 ], [ -122.309625999676996, 37.865053888403601 ], [ -122.309629783220998, 37.8650549997027 ], [ -122.309646000243006, 37.865062364641801 ], [ -122.309666000318998, 37.865058786062299 ], [ -122.309670885263998, 37.865054999152399 ], [ -122.309686000759996, 37.865044029968203 ], [ -122.309700286814007, 37.865034999659699 ], [ -122.309706000445004, 37.865030135908199 ], [ -122.309725999953002, 37.865021000070797 ], [ -122.309736866955006, 37.865014999590699 ], [ -122.309746000716999, 37.865006772151602 ], [ -122.309758158494006, 37.864994999692797 ], [ -122.309766000617998, 37.864991408678698 ], [ -122.309786000401004, 37.864982725432803 ], [ -122.309806000831998, 37.864980340877302 ], [ -122.309826000605995, 37.864977602703803 ], [ -122.309831166839004, 37.8649749999257 ], [ -122.309846000418005, 37.864968514530098 ], [ -122.309864834460996, 37.864954999217801 ], [ -122.309866000419007, 37.864954447671899 ], [ -122.309886000972995, 37.86494519931 ], [ -122.309902565613001, 37.864934999425202 ], [ -122.309906000599995, 37.864933151637302 ], [ -122.309926000177001, 37.864931958433303 ], [ -122.309937684489, 37.864934999734103 ], [ -122.309946000693003, 37.864937146697599 ], [ -122.309966000941003, 37.864935753715102 ], [ -122.309974085370996, 37.864934999637001 ], [ -122.309986000704001, 37.864933828047903 ], [ -122.310006000654994, 37.864927810014002 ], [ -122.310026001224998, 37.864924544499601 ], [ -122.310046000856005, 37.864922171616698 ], [ -122.310066000187007, 37.864918386026197 ], [ -122.310072235259994, 37.864914999608096 ], [ -122.310086000680997, 37.864911315184401 ], [ -122.310106001248002, 37.864909009759501 ], [ -122.310126000568005, 37.864906590078697 ], [ -122.310146000836994, 37.864900398350599 ], [ -122.310166000888003, 37.864895085742901 ], [ -122.310166451380994, 37.864894999681802 ], [ -122.310186000909994, 37.864892098254998 ], [ -122.310206000879006, 37.864886487803197 ], [ -122.310226000773994, 37.864880358156 ], [ -122.310245999515004, 37.864876037156399 ], [ -122.310255422091998, 37.864874999037298 ], [ -122.310265999869003, 37.864873946764497 ], [ -122.310285999640001, 37.864871800591899 ], [ -122.310305999715993, 37.864868335280903 ], [ -122.310326000187004, 37.864864476739498 ], [ -122.310346000292995, 37.864862046208799 ], [ -122.310366000591003, 37.864855708672799 ], [ -122.310367893763996, 37.864854999143297 ], [ -122.310385999987005, 37.864849858850697 ], [ -122.310406000152, 37.864846987399197 ], [ -122.310426000199996, 37.864845662729103 ], [ -122.310446000235999, 37.864839390871197 ], [ -122.310466000054006, 37.864838317247298 ], [ -122.310486000661001, 37.864835201923803 ], [ -122.310486432754999, 37.864834999240003 ], [ -122.310506000469005, 37.864830288781299 ], [ -122.310526000617003, 37.864826309637202 ], [ -122.310546000035998, 37.864824078844997 ], [ -122.310566000422, 37.864820513604698 ], [ -122.310579704806003, 37.864814999175003 ], [ -122.310586000654993, 37.8648131043525 ], [ -122.310606000484995, 37.8648093366577 ], [ -122.310625999986001, 37.864802088479799 ], [ -122.310646000616998, 37.864795061631398 ], [ -122.310646171743997, 37.864794998946799 ], [ -122.310666000799998, 37.864788057283498 ], [ -122.310686000280995, 37.864787859149502 ], [ -122.310706000674003, 37.864784589924703 ], [ -122.310726000843005, 37.864779615550503 ], [ -122.310746000324997, 37.864775800148401 ], [ -122.310766000182994, 37.864777939714301 ], [ -122.310786000663001, 37.864779361212101 ], [ -122.310799725764994, 37.8647749990213 ], [ -122.310806000590006, 37.864773456419996 ], [ -122.310826000801001, 37.864765051031902 ], [ -122.310846000417001, 37.864759025663702 ], [ -122.310865999580002, 37.864755311026897 ], [ -122.310867558897002, 37.8647549993415 ], [ -122.31088599972, 37.864751111367397 ], [ -122.310905999916997, 37.864750604546003 ], [ -122.310925999854007, 37.8647508643691 ], [ -122.310945999761003, 37.864742966462501 ], [ -122.310965999811998, 37.864736475861001 ], [ -122.310974345432001, 37.864734999529396 ], [ -122.310985999511004, 37.8647333325764 ], [ -122.311005999442997, 37.864733629278703 ], [ -122.311025999696, 37.8647303564033 ], [ -122.311045999236995, 37.864723849601397 ], [ -122.311065998578002, 37.864717594748299 ], [ -122.311073545694001, 37.864714999128502 ], [ -122.311085998715001, 37.864711771787903 ], [ -122.311105999462001, 37.864703237668301 ], [ -122.311125998730006, 37.864697645070599 ], [ -122.311144358305995, 37.864694999467403 ], [ -122.311145999353997, 37.864694643012299 ], [ -122.31116599968, 37.8646854682219 ], [ -122.311185999640998, 37.864679012677598 ], [ -122.311201840652998, 37.864674999287402 ], [ -122.311205999257993, 37.864673247295102 ], [ -122.311225999176003, 37.864661919243702 ], [ -122.311243171445, 37.864654999885197 ], [ -122.311245998920995, 37.864653538088 ], [ -122.311265999770995, 37.864645266685201 ], [ -122.311285998977993, 37.864637126683697 ], [ -122.311294015962005, 37.864634999797197 ], [ -122.311305999750005, 37.8646304398507 ], [ -122.311325999109002, 37.864619721867797 ], [ -122.311331442592007, 37.864615000014098 ], [ -122.311345999688001, 37.864601515592902 ], [ -122.311351116861005, 37.864595000395497 ], [ -122.31136382087, 37.864575000125498 ], [ -122.311365999287005, 37.8645725394409 ], [ -122.311385999308001, 37.8645590760975 ], [ -122.311390351469996, 37.864554999744101 ], [ -122.311402906316005, 37.864534999644803 ], [ -122.311405999783005, 37.864528062738799 ], [ -122.311412784425997, 37.864514999839301 ], [ -122.311419735301996, 37.864494999757 ], [ -122.311425999717002, 37.864484559946703 ], [ -122.311430576627004, 37.864475000283299 ], [ -122.311445180847002, 37.864455000276202 ], [ -122.311445999046001, 37.864453473717703 ], [ -122.311453071011002, 37.864435000086203 ], [ -122.311456531060998, 37.864414999789901 ], [ -122.311460800638002, 37.864395000088898 ], [ -122.311465186332001, 37.864374999949597 ], [ -122.311465999716006, 37.8643666753769 ], [ -122.311466845176994, 37.864354999272699 ], [ -122.311466725634006, 37.864334999575703 ], [ -122.311467219766996, 37.864314999749602 ], [ -122.311466000069998, 37.864307498997597 ], [ -122.311463110728994, 37.864294999553998 ], [ -122.311459450293, 37.864274999711 ], [ -122.311456105217005, 37.864254999189299 ], [ -122.311452704385999, 37.864234999742003 ], [ -122.311447898563003, 37.864214999477099 ], [ -122.311445999236994, 37.864210121287897 ], [ -122.311439179573, 37.864194999941297 ], [ -122.311432325503006, 37.864174999557399 ], [ -122.311425999696993, 37.864157581361397 ], [ -122.311424763264995, 37.864154999323603 ], [ -122.311418839398996, 37.864134999008897 ], [ -122.311411976266001, 37.864114999698501 ], [ -122.31140599922, 37.864100434394402 ], [ -122.311403109262997, 37.864094999413702 ], [ -122.311393702608996, 37.864074999630098 ], [ -122.311387763965001, 37.8640549995988 ], [ -122.311385999109007, 37.864050272685901 ], [ -122.311379956970001, 37.864034999580397 ], [ -122.311372566689002, 37.864014999629198 ], [ -122.311365999467, 37.864000272932302 ], [ -122.311362941444003, 37.8639949995571 ], [ -122.311353099870004, 37.863974999154003 ], [ -122.311346024985994, 37.863954999422198 ], [ -122.311345999954, 37.863954926119703 ], [ -122.311339164136001, 37.863934999164599 ], [ -122.311334112444001, 37.863914999135197 ], [ -122.311329181451995, 37.863894999479001 ], [ -122.311325999066995, 37.863880676355002 ], [ -122.31132410587, 37.863874999909697 ], [ -122.311316165698003, 37.8638549997548 ], [ -122.311309844546997, 37.863834999893101 ], [ -122.311305999614007, 37.863821933981498 ], [ -122.311303526813006, 37.863814999965399 ], [ -122.311297375294004, 37.863794999533702 ], [ -122.311289406689994, 37.863774999925198 ], [ -122.311285998876997, 37.863767540438502 ], [ -122.311278594011, 37.863755000234498 ], [ -122.311269516441996, 37.863734999499897 ], [ -122.311265999602995, 37.863726330961903 ], [ -122.311259585008003, 37.863714999922102 ], [ -122.311247261483004, 37.863694999649603 ], [ -122.311245999701995, 37.863692149053897 ], [ -122.311237511092003, 37.863675000180798 ], [ -122.311229583507995, 37.8636550006782 ], [ -122.311225999317003, 37.863646695162998 ], [ -122.311220108628007, 37.863635000397998 ], [ -122.311211559390998, 37.863615000276297 ], [ -122.311205999587997, 37.863596390350999 ], [ -122.311205560497996, 37.863595000498897 ], [ -122.311204907036, 37.8635750002938 ], [ -122.311203967805, 37.863555000196598 ], [ -122.311201972027007, 37.863535000663099 ], [ -122.311202947818003, 37.8635150005559 ], [ -122.311205999096003, 37.863506069576601 ], [ -122.311209454613007, 37.863495000044303 ], [ -122.311216255168006, 37.863475000170098 ], [ -122.311225866761006, 37.863455000115202 ], [ -122.311225998837998, 37.863454815807202 ], [ -122.311238651454005, 37.863435000100203 ], [ -122.311245999530996, 37.863426437126499 ], [ -122.311262046185007, 37.863415000781202 ], [ -122.311265999883005, 37.863412550877896 ], [ -122.311285999313, 37.863401624136898 ], [ -122.311295663796997, 37.863395000614503 ], [ -122.311305999360997, 37.863389167694201 ], [ -122.311325998995997, 37.863382085854198 ], [ -122.311345998939004, 37.863377707950697 ], [ -122.311354309831003, 37.863375000411502 ], [ -122.311365999291993, 37.863370317453501 ], [ -122.311385999297002, 37.863364354966798 ], [ -122.311405999702998, 37.863360066125999 ], [ -122.311425999167994, 37.863355119534802 ], [ -122.311426677471005, 37.863355000284301 ], [ -122.311446000176005, 37.863351403858097 ], [ -122.311465999543003, 37.8633478195827 ], [ -122.311485999713, 37.863344445845399 ], [ -122.311505999901996, 37.863342105992501 ], [ -122.311525999840001, 37.863339758042699 ], [ -122.311545999952997, 37.863335533970599 ], [ -122.311565999959001, 37.863335623613303 ], [ -122.311570786491004, 37.863335000470798 ], [ -122.311585999591003, 37.863332786159702 ], [ -122.311606000096006, 37.863332781305402 ], [ -122.311625999588998, 37.863329422854498 ], [ -122.311646000151001, 37.863329013975203 ], [ -122.311665999515, 37.863329451842198 ], [ -122.311685999911006, 37.8633286686362 ], [ -122.311706000026007, 37.8633289094224 ], [ -122.311725999928001, 37.863326191615599 ], [ -122.311746000099006, 37.863325954592 ], [ -122.311766000023994, 37.863324012419 ], [ -122.311785999506995, 37.863320764618699 ], [ -122.311806000513997, 37.8633180458773 ], [ -122.311825998632003, 37.863315860778897 ], [ -122.311834713742002, 37.863314999934602 ], [ -122.311845999024996, 37.863313749418197 ], [ -122.311865999695002, 37.863310724735904 ], [ -122.311885999002001, 37.8633090947908 ], [ -122.311905998753005, 37.863307885047803 ], [ -122.311925999140996, 37.863304334868403 ], [ -122.311945999195004, 37.863304131106801 ], [ -122.311965999774998, 37.863301435741903 ], [ -122.311985999770997, 37.863299237983 ], [ -122.312005998961993, 37.863298010237699 ], [ -122.312025999151004, 37.863295892552003 ], [ -122.312045999562002, 37.863295110185199 ], [ -122.312046675838005, 37.8632949990687 ], [ -122.31206599894, 37.8632908635444 ], [ -122.312085999760995, 37.863287143264699 ], [ -122.312105999585995, 37.863286342003001 ], [ -122.312125999740005, 37.863283780692001 ], [ -122.312145999696995, 37.8632809179432 ], [ -122.312165999822, 37.863278982897903 ], [ -122.312182564386006, 37.863274999513699 ], [ -122.312185999798004, 37.863273981279903 ], [ -122.312205999360003, 37.863270552544499 ], [ -122.312225999499006, 37.863266257272002 ], [ -122.312245999769004, 37.863260232547702 ], [ -122.312406000007996, 37.863231009083997 ], [ -122.312425999664995, 37.863228395542897 ], [ -122.312446000126002, 37.863225955647202 ], [ -122.312465999747005, 37.863222566458703 ], [ -122.312485999968999, 37.863218200955103 ], [ -122.312498940767, 37.863214999150003 ], [ -122.312505999817006, 37.863212237382399 ], [ -122.312525999800002, 37.863206241410403 ], [ -122.31254600007, 37.863201914587798 ], [ -122.312566000567003, 37.863201726010502 ], [ -122.312585999681005, 37.863198984679002 ], [ -122.312605998956002, 37.8631955846758 ], [ -122.312608905786007, 37.863194999535203 ], [ -122.312625998827002, 37.863190913217899 ], [ -122.312645999753997, 37.863183620572698 ], [ -122.312665998903, 37.863179479113498 ], [ -122.312685999340999, 37.863176817823202 ], [ -122.312694708782004, 37.863174999621201 ], [ -122.312705998929005, 37.863172543176098 ], [ -122.312725999169004, 37.863169875584198 ], [ -122.312745999788007, 37.863163716696 ], [ -122.312765999990006, 37.8631604210265 ], [ -122.312785999897002, 37.863155677555703 ], [ -122.312790675394993, 37.863154998916897 ], [ -122.312805999679995, 37.863152515960103 ], [ -122.312825999405007, 37.863149204993 ], [ -122.312845999782994, 37.863140420429602 ], [ -122.312860043578993, 37.863134999064599 ], [ -122.312865999446004, 37.863132461007702 ], [ -122.312885999873998, 37.8631261491307 ], [ -122.312905999782004, 37.863118456042898 ], [ -122.312914266952006, 37.8631149987906 ], [ -122.312925999819996, 37.863110398523602 ], [ -122.312945999405997, 37.863104207227998 ], [ -122.312961186509, 37.863100747896802 ], [ -122.313098310320001, 37.862969220975202 ], [ -122.313644008558995, 37.862861480191398 ], [ -122.313860888101999, 37.862928642696303 ], [ -122.313906000074994, 37.862919058553402 ], [ -122.313926000311, 37.8629172419855 ], [ -122.313946000225997, 37.862915931117001 ], [ -122.313965999535, 37.862916885994103 ], [ -122.313986000162004, 37.862915229575798 ], [ -122.314005999596006, 37.862915635556 ], [ -122.314009065369007, 37.862914999624103 ], [ -122.314025999573005, 37.862910603933003 ], [ -122.314046000491999, 37.8629085884725 ], [ -122.314066000682999, 37.862905406860698 ], [ -122.314085999716994, 37.862901634988603 ], [ -122.314106000047005, 37.8628976102396 ], [ -122.314115190460001, 37.862894999813001 ], [ -122.314125999919995, 37.862891285565901 ], [ -122.314146000234999, 37.862882211041899 ], [ -122.314165999009006, 37.862877472758598 ], [ -122.314184823334998, 37.862874999474997 ], [ -122.314185999119999, 37.862874841815703 ], [ -122.314205998863997, 37.862872051609003 ], [ -122.314225998953006, 37.862867872076102 ], [ -122.314245999047003, 37.862860338924598 ], [ -122.314265999813003, 37.862855776050097 ], [ -122.314269232035997, 37.862855000127702 ], [ -122.314285999269998, 37.862850286386703 ], [ -122.314305999032001, 37.862847497062702 ], [ -122.314325999041998, 37.862840367016801 ], [ -122.314345114218, 37.862834999685198 ], [ -122.314345999569994, 37.862834764845601 ], [ -122.314365999832006, 37.862830480907 ], [ -122.314386000119001, 37.862825350237301 ], [ -122.314405999466004, 37.8628203734511 ], [ -122.314421351590994, 37.862814999538401 ], [ -122.314425999869002, 37.862813035523097 ], [ -122.314445999349999, 37.862806441757499 ], [ -122.314465999681005, 37.862799654511697 ], [ -122.314485999837004, 37.862795183392997 ], [ -122.314486566840998, 37.8627949996865 ], [ -122.314506000292994, 37.862787368547799 ], [ -122.314526000021999, 37.862779530317901 ], [ -122.314538923515002, 37.862774999594798 ], [ -122.314545999878007, 37.862771475226403 ], [ -122.314566000335006, 37.862764840030103 ], [ -122.314586000285999, 37.862755756439903 ], [ -122.314588198169005, 37.8627549995701 ], [ -122.314605999471993, 37.862747938002798 ], [ -122.314626000269996, 37.862742640816499 ], [ -122.314646000276994, 37.862735475623502 ], [ -122.314647471360004, 37.862735000024401 ], [ -122.314665999530007, 37.862726775354801 ], [ -122.314685999904, 37.862719253820501 ], [ -122.314693240411998, 37.862714999223698 ], [ -122.314706000374997, 37.862707682207599 ], [ -122.314725999855995, 37.862702527200703 ], [ -122.314746000512997, 37.862695494251 ], [ -122.314747853552007, 37.8626949995814 ], [ -122.314766000142001, 37.862687027910297 ], [ -122.314786000576007, 37.862679435272298 ], [ -122.314801772158006, 37.862674999821103 ], [ -122.314806000149005, 37.8626733993298 ], [ -122.314826000709004, 37.862664226604998 ], [ -122.314846000317004, 37.8626571234728 ], [ -122.314853628842997, 37.862654999340798 ], [ -122.314866000376, 37.862650292972901 ], [ -122.314885999929004, 37.862644109447302 ], [ -122.314906000825999, 37.862641101344401 ], [ -122.314926000371003, 37.862635544084398 ], [ -122.314928087550996, 37.862634999901999 ], [ -122.314945999252004, 37.8626266494148 ], [ -122.314965999682002, 37.862621194710002 ], [ -122.314985999857001, 37.862617058237703 ], [ -122.314993037224994, 37.862614999496103 ], [ -122.315005999763002, 37.862609081350897 ], [ -122.315026000092004, 37.862598686645697 ], [ -122.315040929500995, 37.862594999868797 ], [ -122.315045999234002, 37.862593264345499 ], [ -122.315065999900995, 37.8625878915025 ], [ -122.315085999209998, 37.862576653678602 ], [ -122.315088909392998, 37.8625749994304 ], [ -122.315105999365997, 37.862565259267001 ], [ -122.315126000084007, 37.862558083180602 ], [ -122.315134969712005, 37.862554999133501 ], [ -122.315145999833007, 37.862547154874797 ], [ -122.315165999510995, 37.862536003412501 ], [ -122.315168031495006, 37.862534999585201 ], [ -122.315185999638999, 37.862524498310201 ], [ -122.315201522451005, 37.8625149989414 ], [ -122.315206000071996, 37.862511824336899 ], [ -122.315225999687001, 37.862497761059402 ], [ -122.315229041861997, 37.862494999285097 ], [ -122.315245999325001, 37.862483109297898 ], [ -122.315259479277003, 37.8624749990814 ], [ -122.315265999923, 37.8624702571474 ], [ -122.315283012674001, 37.8624549989743 ], [ -122.315286000322999, 37.862452499197801 ], [ -122.315306000044998, 37.862439029783197 ], [ -122.315311293703004, 37.862434998992804 ], [ -122.315326000314002, 37.862422446989399 ], [ -122.315336869587995, 37.862414999037199 ], [ -122.315346000058994, 37.862407357897602 ], [ -122.315362886082994, 37.862394999568103 ], [ -122.315365999750995, 37.862392525251103 ], [ -122.315385999629996, 37.862375267592 ], [ -122.315386305559002, 37.862374998939501 ], [ -122.315405571726004, 37.862354999303498 ], [ -122.315405999898005, 37.862354596917797 ], [ -122.315426000532995, 37.862338506299103 ], [ -122.315429442042003, 37.862334998960499 ], [ -122.315446000316001, 37.8623185941725 ], [ -122.315449749951995, 37.862314999901301 ], [ -122.315465999694993, 37.862296827528397 ], [ -122.315467323087006, 37.862294999646601 ], [ -122.315476538341997, 37.8622749996793 ], [ -122.315486000267995, 37.862255318882902 ], [ -122.315486174841993, 37.862254999676999 ], [ -122.315505894089995, 37.862235000274701 ], [ -122.315506000347, 37.862234865050397 ], [ -122.315514678944993, 37.862214999615297 ], [ -122.315519307093993, 37.862195000022197 ], [ -122.315506000140999, 37.862176142127502 ], [ -122.315505552692997, 37.862174999900702 ], [ -122.315506000371002, 37.862173386884798 ], [ -122.315519902638002, 37.862154999777701 ], [ -122.315526000126994, 37.862151376371997 ], [ -122.315545999845995, 37.862147929971499 ], [ -122.315551682155998, 37.862134999679199 ], [ -122.315562533415999, 37.862114999612302 ], [ -122.315562256817003, 37.862095000231001 ], [ -122.315564725159007, 37.862075000043198 ], [ -122.315561040952005, 37.8620549998653 ], [ -122.315561833394995, 37.862034999640301 ], [ -122.315564578397002, 37.862014999509903 ], [ -122.315562772763997, 37.8619949999554 ], [ -122.315564855153994, 37.8619750000205 ], [ -122.315566000822002, 37.861972210965398 ], [ -122.315577475582998, 37.861974999310497 ], [ -122.315586000598998, 37.861980113042598 ], [ -122.315605999778995, 37.861979118641599 ], [ -122.315609124052997, 37.861974999248297 ], [ -122.315610971897001, 37.861954999341698 ], [ -122.315614307781004, 37.861934999499297 ], [ -122.315626000506001, 37.861929369446599 ], [ -122.315646000447003, 37.861923832750001 ], [ -122.315651435931997, 37.861914999583597 ], [ -122.315650190400007, 37.8618949991139 ], [ -122.315666000215998, 37.861883004347497 ], [ -122.315682215712002, 37.861874999631198 ], [ -122.315686000390997, 37.861873571433598 ], [ -122.315705999979997, 37.861855869213201 ], [ -122.315706617504006, 37.861854999764802 ], [ -122.315720894457002, 37.861834999225302 ], [ -122.315725999850002, 37.861824106449902 ], [ -122.315731844675994, 37.861814999030301 ], [ -122.315745999865001, 37.861797726382903 ], [ -122.315748168691002, 37.861794999453799 ], [ -122.315764416407006, 37.861774999548501 ], [ -122.315765999728001, 37.861772999278401 ], [ -122.315782000710001, 37.861754999028001 ], [ -122.315785999100996, 37.8617498036676 ], [ -122.315799000960993, 37.861734998984304 ], [ -122.315805999797007, 37.861722894484501 ], [ -122.315810941669994, 37.861714999452097 ], [ -122.315805999201004, 37.861709174092397 ], [ -122.315793079532995, 37.861694999495597 ], [ -122.315806000191003, 37.8616852659461 ], [ -122.315822457684007, 37.8616949991209 ], [ -122.315825999191006, 37.861697932526098 ], [ -122.315826827299006, 37.861694999330702 ], [ -122.315840967593999, 37.861674999614799 ], [ -122.315845999152003, 37.861667575252802 ], [ -122.315855830820993, 37.861654999434897 ], [ -122.315865999557005, 37.861641247346 ], [ -122.315870406003, 37.861634999416196 ], [ -122.315877040046999, 37.861614998866301 ], [ -122.315886000030005, 37.8616037995005 ], [ -122.315890379945003, 37.861594999302298 ], [ -122.315905999549003, 37.861577554386699 ], [ -122.315908350146998, 37.861574999408703 ], [ -122.315921522657007, 37.861554999473903 ], [ -122.315926000228004, 37.861546780469702 ], [ -122.315929927092, 37.861534999827498 ], [ -122.315934571016996, 37.861514999910803 ], [ -122.315925999795994, 37.861503602776899 ], [ -122.315886000144005, 37.861461235251603 ], [ -122.315875411695004, 37.861455000622001 ], [ -122.315879238196999, 37.8614350011947 ], [ -122.315865999582996, 37.861403878420397 ], [ -122.315846000140994, 37.861366924006703 ], [ -122.315825999390995, 37.861324696690097 ], [ -122.315785999279001, 37.861275237688602 ], [ -122.315746000001994, 37.861230813132401 ], [ -122.315720496002001, 37.861195000673398 ], [ -122.315710298409002, 37.861175000287801 ], [ -122.315696844724997, 37.861155000683098 ], [ -122.315686000487005, 37.861133122266601 ], [ -122.315666000454002, 37.8611033996633 ], [ -122.315657642659005, 37.861095000179098 ], [ -122.315650698940999, 37.8610749999511 ], [ -122.315587771889994, 37.860935000401803 ], [ -122.315580133718001, 37.860915000081 ], [ -122.315568266043996, 37.860895000435796 ], [ -122.315566000486001, 37.860876842687802 ], [ -122.315553245898997, 37.8608550002442 ], [ -122.315545999855004, 37.860822969901903 ], [ -122.315526000838005, 37.860780235911001 ], [ -122.31551241279, 37.860755001049903 ], [ -122.315503051020997, 37.860715000486401 ], [ -122.315478439195005, 37.860655000784703 ], [ -122.315474449980002, 37.860635001095503 ], [ -122.315474732557007, 37.860555000150399 ], [ -122.315461996438003, 37.860495000622102 ], [ -122.315460048532003, 37.860475000214599 ], [ -122.315445999811999, 37.8604511761555 ], [ -122.315429726128002, 37.860415000077602 ], [ -122.315426055719996, 37.860395000531 ], [ -122.315427061161998, 37.860355000472197 ], [ -122.315433901294995, 37.860335000467202 ], [ -122.315446000337005, 37.860318507196503 ], [ -122.315450194318998, 37.860315000624901 ], [ -122.315450113542994, 37.8602950001628 ], [ -122.315445999969995, 37.860269612972999 ], [ -122.315440864592006, 37.860255000117398 ], [ -122.315425825229994, 37.860235000506499 ], [ -122.315446936889998, 37.860055000339997 ], [ -122.315446529370007, 37.860034999887297 ], [ -122.315451032159999, 37.860015000015203 ], [ -122.315447090895006, 37.859975000977698 ], [ -122.315448298896001, 37.859955000828897 ], [ -122.315451207807001, 37.8599350011349 ], [ -122.315465999823999, 37.859904158684301 ], [ -122.315468433218001, 37.859895001061503 ], [ -122.315466896383001, 37.859855000594202 ], [ -122.315460872795001, 37.859815000368002 ], [ -122.315463887568995, 37.859795000429301 ], [ -122.315465932408998, 37.859755000098197 ], [ -122.315486000871999, 37.8597328019911 ], [ -122.315506082243004, 37.859715000134798 ], [ -122.315509344118993, 37.859675000600298 ], [ -122.315521190056998, 37.859655000222297 ], [ -122.315546000607, 37.859636644546597 ], [ -122.315561644870002, 37.859634999971902 ], [ -122.315584257422998, 37.859615000469297 ], [ -122.315595256332998, 37.859575000017799 ], [ -122.315586000501, 37.859443869394397 ], [ -122.315593608708994, 37.859365514940897 ], [ -122.315559086281993, 37.859213263058997 ], [ -122.315560405506005, 37.859157780993797 ], [ -122.315626000188004, 37.859098933446198 ], [ -122.315648881458003, 37.859095000363403 ], [ -122.315666000720995, 37.8590833996169 ], [ -122.315706000361004, 37.859062017883097 ], [ -122.315735482774002, 37.859055000526403 ], [ -122.315765999600998, 37.859043622473202 ], [ -122.315785999873, 37.8590397422942 ], [ -122.315826000347002, 37.859035036804599 ], [ -122.315845999478995, 37.859035502751702 ], [ -122.315905999644002, 37.859043030070502 ], [ -122.316002942964005, 37.859063990866602 ], [ -122.316073801285995, 37.8591427943539 ], [ -122.316084858720004, 37.859179124169998 ], [ -122.316125999733998, 37.859178350350099 ], [ -122.316166000598002, 37.859182125513101 ], [ -122.316190484195005, 37.8591950005518 ], [ -122.316206000837994, 37.859198768953597 ], [ -122.31622600083, 37.8591988928913 ], [ -122.316245999838998, 37.8591968860786 ], [ -122.316249596054007, 37.859195000794102 ], [ -122.316248257053005, 37.859175000333501 ], [ -122.316240872633003, 37.859135000326702 ], [ -122.316238092209005, 37.859095000483897 ], [ -122.316223892916, 37.859055000719401 ], [ -122.316223231327001, 37.859035000673202 ], [ -122.31622417042, 37.859015000306698 ], [ -122.316226000878999, 37.8590106116417 ], [ -122.316246000901998, 37.858997628844101 ], [ -122.316266000438006, 37.859014862797899 ], [ -122.316272553318001, 37.859035000112002 ], [ -122.316281810397996, 37.859055000615598 ], [ -122.316306000487998, 37.859068546263401 ], [ -122.316331512988, 37.8590950003316 ], [ -122.316335843911006, 37.859115000594002 ], [ -122.316332528852996, 37.859135000960499 ], [ -122.316346000539994, 37.859157687895298 ], [ -122.316354095278996, 37.8591750005953 ], [ -122.316351783352999, 37.859214999810902 ], [ -122.316364919251996, 37.859235000077803 ], [ -122.316383442404003, 37.859254999771402 ], [ -122.316406913402005, 37.859275000177703 ], [ -122.316426000819007, 37.859300692905002 ], [ -122.316433664520005, 37.8593149995395 ], [ -122.316440357828995, 37.859335000060803 ], [ -122.316470312874998, 37.859394999846899 ], [ -122.316489758692995, 37.8594550001553 ], [ -122.316506000054005, 37.859519613629303 ], [ -122.316534041105001, 37.859575000117999 ], [ -122.316545222798993, 37.859635000776798 ], [ -122.316545999715999, 37.859660200436203 ], [ -122.316558558484999, 37.859695000320897 ], [ -122.316563844675002, 37.859715000121597 ], [ -122.316565999432001, 37.859736268862001 ], [ -122.316587668357997, 37.859795000666303 ], [ -122.316605741591005, 37.859875000705699 ], [ -122.316611708631996, 37.859895000850798 ], [ -122.316618841731, 37.859935001195403 ], [ -122.316629582687, 37.859975001135602 ], [ -122.316645690447999, 37.860014999987499 ], [ -122.316649418108, 37.860035000196397 ], [ -122.316666000012006, 37.860088895656403 ], [ -122.316670647595004, 37.860134999777301 ], [ -122.316680741970004, 37.860175000505997 ], [ -122.316689954869005, 37.860195000036498 ], [ -122.316696159898996, 37.860215000080203 ], [ -122.316706147261002, 37.860255000175002 ], [ -122.316709452571004, 37.860275000442599 ], [ -122.316726000369997, 37.860325654514803 ], [ -122.316738498819007, 37.860354999960101 ], [ -122.316749621035001, 37.8603750003968 ], [ -122.316757001298001, 37.860415000460002 ], [ -122.316777454022002, 37.860475000176699 ], [ -122.316783057970994, 37.8604950001303 ], [ -122.31678611513, 37.860515000691002 ], [ -122.316799932471, 37.860555000579502 ], [ -122.316808546622994, 37.860575000870803 ], [ -122.316811911168998, 37.860595000891898 ], [ -122.316820937442003, 37.860615000419898 ], [ -122.316824775602996, 37.860635000289797 ], [ -122.316839469634004, 37.860675000335497 ], [ -122.316846000621993, 37.8607186439625 ], [ -122.316854233764005, 37.8607550012836 ], [ -122.316862285482003, 37.8607749998394 ], [ -122.316876653128006, 37.860835000117099 ], [ -122.316886000316003, 37.860863902528401 ], [ -122.316898332245998, 37.860895000420697 ], [ -122.316902179544996, 37.8609150001122 ], [ -122.316916410301005, 37.860955000101796 ], [ -122.316919615513996, 37.860975000499302 ], [ -122.316920383151, 37.860994999396603 ], [ -122.316926000448007, 37.861010495503699 ], [ -122.316938532652998, 37.861034999265001 ], [ -122.316945165087006, 37.861074999369499 ], [ -122.316963004966993, 37.861114999817303 ], [ -122.316972769439005, 37.861154999701597 ], [ -122.316988610107998, 37.861194999176497 ], [ -122.317003137664997, 37.8612749992825 ], [ -122.317010236618003, 37.861295000039902 ], [ -122.317026000485995, 37.861353754978097 ], [ -122.317033160701996, 37.8613749998974 ], [ -122.317042373869995, 37.8613950003 ], [ -122.317044791257999, 37.861414999718697 ], [ -122.317044914587996, 37.861435000265601 ], [ -122.317052922054998, 37.861454999665803 ], [ -122.317066663817002, 37.861515000320097 ], [ -122.317080786570003, 37.861554998781202 ], [ -122.317086000209997, 37.861584717988201 ], [ -122.317097251676998, 37.861614999008403 ], [ -122.317120121307994, 37.861694999005103 ], [ -122.317139538272997, 37.8617349995559 ], [ -122.317144153051999, 37.861754999710897 ], [ -122.317151772355999, 37.8617749994064 ], [ -122.317166000203002, 37.861827153255298 ], [ -122.317191103528998, 37.861894999449703 ], [ -122.317193806027007, 37.861934999887502 ], [ -122.317213412870998, 37.862014999921101 ], [ -122.317224368875998, 37.862074999495 ], [ -122.317232220519998, 37.862095000096403 ], [ -122.317242492632005, 37.862114999822801 ], [ -122.317257271849996, 37.862175000211998 ], [ -122.317258649140996, 37.8622150001585 ], [ -122.317264108759005, 37.862235000183702 ], [ -122.317261572538996, 37.862254999926897 ], [ -122.317265358533007, 37.862274999894602 ], [ -122.317273821591996, 37.862295000378403 ], [ -122.317284390145005, 37.862334999104803 ], [ -122.317288908226999, 37.862354999324197 ], [ -122.317290956855999, 37.862374999565802 ], [ -122.317298290497007, 37.862394999374303 ], [ -122.317309438197, 37.862414999275302 ], [ -122.317320607957996, 37.862454998980503 ], [ -122.317329894213003, 37.8624749997525 ], [ -122.317334716286993, 37.8624949994961 ], [ -122.317349497045001, 37.862514999383599 ], [ -122.317386643896995, 37.862574999493397 ], [ -122.317406000027006, 37.862595023447199 ], [ -122.317446000011998, 37.8626272693459 ], [ -122.317465999543998, 37.862649026503398 ], [ -122.317514521454001, 37.862694999990197 ], [ -122.317546000015, 37.8627186822903 ], [ -122.317565999829995, 37.862737576209099 ], [ -122.317695155736999, 37.862955000207997 ], [ -122.317695679989001, 37.8629750002085 ], [ -122.317692998130994, 37.862995000077397 ], [ -122.31769661061, 37.863035000021497 ], [ -122.317710074234995, 37.863095000593098 ], [ -122.317710164664007, 37.863114999079002 ], [ -122.317705374785007, 37.863154999426001 ], [ -122.317704781, 37.863174999436303 ], [ -122.317707924418997, 37.863214999446299 ], [ -122.317726000229996, 37.863311945559502 ], [ -122.317730407425003, 37.863354999421603 ], [ -122.317777234315002, 37.863974999769397 ], [ -122.317779116878995, 37.863994999615699 ], [ -122.317784738426994, 37.864014999192499 ], [ -122.317787558042994, 37.8640349998266 ], [ -122.317789815146, 37.8640949992012 ], [ -122.317799149506996, 37.864154999481102 ], [ -122.317797428581002, 37.864174999678298 ], [ -122.317798517010999, 37.864214999807899 ], [ -122.317792971089006, 37.864254999471299 ], [ -122.317795442866, 37.864294999862501 ], [ -122.317794177362998, 37.864315000256802 ], [ -122.317800948309994, 37.864355000350599 ], [ -122.317799216534993, 37.864395000091399 ], [ -122.317800231527002, 37.864414999606801 ], [ -122.317803685884002, 37.864454999906101 ], [ -122.317810603153006, 37.8644749996377 ], [ -122.317813431895999, 37.864495000095303 ], [ -122.317811868641996, 37.864535000178797 ], [ -122.317816277676997, 37.864554999791402 ], [ -122.317823899749001, 37.864575000299297 ], [ -122.317821000392996, 37.864635000342403 ], [ -122.317825999651006, 37.864670064983599 ], [ -122.317834935142997, 37.864714999235197 ], [ -122.317835631375999, 37.864734999511597 ], [ -122.317827463341999, 37.864774999458703 ], [ -122.317830943901001, 37.864814999251401 ], [ -122.317828768675, 37.864834999229998 ], [ -122.317830194734, 37.864854999799697 ], [ -122.317838453277005, 37.864874999705201 ], [ -122.317842349987004, 37.864894999320001 ], [ -122.317841460210005, 37.864914999652498 ], [ -122.317845846517997, 37.864934999703699 ], [ -122.317848539207006, 37.864974999424902 ], [ -122.317846924153002, 37.8649949993763 ], [ -122.317853991234998, 37.865035000044699 ], [ -122.317853915518, 37.865054999942302 ], [ -122.317860461701997, 37.8651150001131 ], [ -122.317861082231005, 37.865155000286997 ], [ -122.317866070861001, 37.865175000395602 ], [ -122.317864609506003, 37.865195000076397 ], [ -122.317867893138995, 37.865235000075103 ], [ -122.317866118698007, 37.865255000407402 ], [ -122.317867896576004, 37.8652750004768 ], [ -122.317868229029997, 37.8653149999192 ], [ -122.317877959840999, 37.865375000633698 ], [ -122.317879212825005, 37.865395000048899 ], [ -122.317876954501997, 37.865415000734203 ], [ -122.317879527662996, 37.865455000065801 ], [ -122.317883607726003, 37.865474999736001 ], [ -122.317885400406993, 37.8654949995192 ], [ -122.317883448342002, 37.865514999685097 ], [ -122.317895681211994, 37.865634999539203 ], [ -122.317895049331, 37.865674999621397 ], [ -122.317900209938003, 37.865695000005203 ], [ -122.317900667662002, 37.8657349997263 ], [ -122.317903700271998, 37.865754999842501 ], [ -122.317908501106999, 37.865814999548803 ], [ -122.317909263988, 37.865854999671498 ], [ -122.317914274919005, 37.865895000482297 ], [ -122.317915597953998, 37.865934999677698 ], [ -122.317919558518, 37.865954999857102 ], [ -122.317925999696001, 37.865967592493497 ], [ -122.317935067676004, 37.865975000008902 ], [ -122.318005999787005, 37.865994755094 ], [ -122.318025999925993, 37.866004060497602 ], [ -122.318039256733002, 37.866014999816699 ], [ -122.318053567033004, 37.866035000628301 ], [ -122.318066499116, 37.866075000415201 ], [ -122.318068914652997, 37.866094999856799 ], [ -122.318057602357996, 37.866115000063999 ], [ -122.318345999483995, 37.866980849457498 ], [ -122.318365999467005, 37.866985099640402 ], [ -122.318385999949001, 37.866992529764303 ], [ -122.318390096792001, 37.8669950006582 ], [ -122.318405999966998, 37.867005168935599 ], [ -122.318424984006995, 37.867015000516297 ], [ -122.318425999675995, 37.867015443390102 ], [ -122.318446000270995, 37.867027548952201 ], [ -122.318454837492993, 37.867034999584398 ], [ -122.318466000301001, 37.867044565724399 ], [ -122.318477706888004, 37.867054999573803 ], [ -122.318485999957005, 37.867061974820899 ], [ -122.318500296200995, 37.867074999574101 ], [ -122.318505999897994, 37.867080937893199 ], [ -122.318517881415005, 37.867095000019802 ], [ -122.318525999938004, 37.867109137584102 ], [ -122.318528134073006, 37.867115000031703 ], [ -122.318536958929002, 37.867134999748302 ], [ -122.318542601424994, 37.867154999792703 ], [ -122.318546000010002, 37.867163383380699 ], [ -122.318550753392003, 37.867174999917999 ], [ -122.318557207701005, 37.867194999566102 ], [ -122.318561216323005, 37.867214999699698 ], [ -122.318565999645998, 37.867231519661601 ], [ -122.318567001153994, 37.867234999691199 ], [ -122.318574703381003, 37.867254999510799 ], [ -122.318582087966007, 37.867275000071302 ], [ -122.318582987083005, 37.867295000025003 ], [ -122.318586000430003, 37.867310029010802 ], [ -122.318587040124001, 37.867315000199 ], [ -122.318592065532997, 37.8673350004727 ], [ -122.318597230964997, 37.867354999839002 ], [ -122.318602354296004, 37.867375000019003 ], [ -122.318605319994006, 37.867395000515998 ], [ -122.318604931352994, 37.867415000168101 ], [ -122.31860600025, 37.867427499562602 ], [ -122.318606584224995, 37.867434999948202 ], [ -122.318611199746996, 37.867455000046299 ], [ -122.318611884833004, 37.8674750005381 ], [ -122.318615518857996, 37.867494999813303 ], [ -122.318617638589004, 37.867515000466597 ], [ -122.318617635928007, 37.867534999855998 ], [ -122.318621619550001, 37.867555000471398 ], [ -122.318623875891006, 37.867575000283502 ], [ -122.318622930504006, 37.867595000800101 ], [ -122.318622576031999, 37.8676150006917 ], [ -122.318626000221002, 37.867630059527301 ], [ -122.318627048078, 37.867634999963698 ], [ -122.318628675927002, 37.867655000227501 ], [ -122.318629086613996, 37.8676750006247 ], [ -122.318634784083997, 37.867694199665799 ], [ -122.318653164725006, 37.867735000191203 ], [ -122.318657987519003, 37.867755000780399 ], [ -122.318670425289, 37.867775000833397 ], [ -122.318686540368006, 37.8678149993221 ], [ -122.318706000397995, 37.867848036047 ], [ -122.318724265933, 37.867874999598499 ], [ -122.318769159092994, 37.867934999872602 ], [ -122.318796234545005, 37.867974999719003 ], [ -122.3188260007, 37.868013165004001 ], [ -122.318845487567003, 37.868035000263902 ], [ -122.318866240681004, 37.868054999708598 ], [ -122.318885999124007, 37.868083179722802 ], [ -122.318915093010006, 37.868114999875097 ], [ -122.318946594409994, 37.868155000505297 ], [ -122.318986913212996, 37.868194999820602 ], [ -122.319006000133996, 37.868216086942098 ], [ -122.319074216435993, 37.868275000010897 ], [ -122.319090072536994, 37.868295000519097 ], [ -122.319185999583993, 37.868399890208998 ], [ -122.319223546185995, 37.868435000354197 ], [ -122.319236570618997, 37.868455000707797 ], [ -122.319246000066997, 37.8684653165515 ], [ -122.319286000367995, 37.868500093092202 ], [ -122.319317364935998, 37.8685350006118 ], [ -122.319346000240003, 37.8685587644705 ], [ -122.319380704538005, 37.868594999412899 ], [ -122.319426000506994, 37.868634624303098 ], [ -122.319466000139002, 37.868677316494001 ], [ -122.319507979631993, 37.868714999794499 ], [ -122.319525999936999, 37.868737667748299 ], [ -122.319585738962999, 37.868794999730902 ], [ -122.319657439856002, 37.868874999808902 ], [ -122.319695583566997, 37.8689150004734 ], [ -122.319778504688998, 37.868995000346303 ], [ -122.319805999891003, 37.869014440932297 ], [ -122.319825999814, 37.869033816817499 ], [ -122.319865999374002, 37.869079801317298 ], [ -122.319880749570004, 37.869095000095498 ], [ -122.319905999694001, 37.8691168011119 ], [ -122.319942956090003, 37.869155000736498 ], [ -122.319957565807002, 37.869175000949902 ], [ -122.319975939806994, 37.869195000339502 ], [ -122.320005999583003, 37.869221030132799 ], [ -122.320045999542998, 37.869260807627299 ], [ -122.320087295424003, 37.8692950009698 ], [ -122.320123625714004, 37.869335000590297 ], [ -122.320146000104003, 37.869353428879101 ], [ -122.320166000477997, 37.869375791196902 ], [ -122.320230284855, 37.869435000157502 ], [ -122.320244772858999, 37.869454999993501 ], [ -122.320266000060997, 37.869477891952002 ], [ -122.320284700266001, 37.869495000171803 ], [ -122.320313138819003, 37.869515000082203 ], [ -122.320346000303999, 37.8695483586013 ], [ -122.320375141064005, 37.869574999965003 ], [ -122.320388210410997, 37.869595000234199 ], [ -122.320405999925001, 37.869615826103797 ], [ -122.320469850939006, 37.869675000135999 ], [ -122.320485724777001, 37.869695000129497 ], [ -122.320510131571993, 37.869715000608998 ], [ -122.320545999434003, 37.869753915777501 ], [ -122.320565999761001, 37.869771968807001 ], [ -122.320583832641006, 37.8697950001661 ], [ -122.320605121908002, 37.869815000653198 ], [ -122.320620690645001, 37.869835000234197 ], [ -122.320645999443997, 37.869860444230198 ], [ -122.320664613938007, 37.869875000370101 ], [ -122.320705999747005, 37.869915530987598 ], [ -122.320726000391005, 37.869942228534697 ], [ -122.320746000159005, 37.869959451914902 ], [ -122.320765999640003, 37.869981002520902 ], [ -122.320849337229006, 37.8700550008544 ], [ -122.320867481703999, 37.870075000957897 ], [ -122.320905999724005, 37.870109622107201 ], [ -122.320965999596993, 37.870174494268703 ], [ -122.320985999906995, 37.870193164507597 ], [ -122.321004158023996, 37.870214999056401 ], [ -122.321025243687998, 37.8702349989141 ], [ -122.321042150565006, 37.870254999545402 ], [ -122.321065935972996, 37.870274999344801 ], [ -122.321138639607994, 37.8703549989878 ], [ -122.321165999924006, 37.870380641633602 ], [ -122.321185999815, 37.870395289663598 ], [ -122.321205998962995, 37.870412853114601 ], [ -122.321227802560003, 37.870434999508198 ], [ -122.321245999256007, 37.870456237596798 ], [ -122.321285999948998, 37.8704926520698 ], [ -122.321302840773001, 37.8705149997704 ], [ -122.321322319955996, 37.870534999174602 ], [ -122.321392727117001, 37.870594999673202 ], [ -122.321429809126997, 37.870634999672397 ], [ -122.321465999503999, 37.870667317175702 ], [ -122.321509395532004, 37.8707149999723 ], [ -122.321526000237, 37.870728806642902 ], [ -122.321586000249994, 37.870787808099401 ], [ -122.321625999434005, 37.870823868866403 ], [ -122.321645999436001, 37.870845273554501 ], [ -122.321686642672006, 37.870874999715703 ], [ -122.321726000324006, 37.870913577061799 ], [ -122.321746000195006, 37.870927003950698 ], [ -122.321786000309999, 37.8709645592469 ], [ -122.321825999693999, 37.870993530281098 ], [ -122.321846000383005, 37.871010325157002 ], [ -122.321866000092001, 37.871023635053703 ], [ -122.321876216511001, 37.871034999055396 ], [ -122.321886000247005, 37.871050293738399 ], [ -122.321926000858994, 37.871085142328397 ], [ -122.321946000877006, 37.8711090403649 ], [ -122.321970700281, 37.871134999793099 ], [ -122.322049718423997, 37.871254999569402 ], [ -122.322091983736996, 37.871315000071398 ], [ -122.322125999438995, 37.871357146807497 ], [ -122.322146000161993, 37.871376251468803 ], [ -122.322178563533001, 37.871414999799903 ], [ -122.322199595197006, 37.871434999609399 ], [ -122.322265999503998, 37.871491519238397 ], [ -122.322289752361002, 37.871514999935599 ], [ -122.322338266352006, 37.8715549996992 ], [ -122.322365999976, 37.871585273422497 ], [ -122.322406000559994, 37.871618855818703 ], [ -122.322422482250005, 37.871634999782003 ], [ -122.322457860762, 37.871675000072898 ], [ -122.322486000064004, 37.871702636647001 ], [ -122.322494926806002, 37.871715000073401 ], [ -122.322504173428996, 37.871734999460998 ], [ -122.322542214918002, 37.871794999715398 ], [ -122.322557578496998, 37.871814999435998 ], [ -122.322598072768002, 37.871874999872396 ], [ -122.322615611241005, 37.871894999765402 ], [ -122.322645999882994, 37.871923638339403 ], [ -122.322666000058007, 37.871951088743799 ], [ -122.322688640376001, 37.871974999427202 ], [ -122.322706000615, 37.872008675496502 ], [ -122.322733238599994, 37.8720349995384 ], [ -122.322745999918993, 37.872055791077102 ], [ -122.322765644393996, 37.872074999720603 ], [ -122.322776531979997, 37.872094999706903 ], [ -122.322804195252999, 37.872134999933699 ], [ -122.322820603150006, 37.872155000096299 ], [ -122.322833234056006, 37.872174999612497 ], [ -122.322865999848005, 37.872216911210899 ], [ -122.322905999501998, 37.872262121820299 ], [ -122.322959266520002, 37.872335000444302 ], [ -122.322994477113994, 37.872375000241398 ], [ -122.323007949610997, 37.8723950005391 ], [ -122.323017519839993, 37.872414999923102 ], [ -122.323025999823003, 37.872426023137699 ], [ -122.323056000801998, 37.872455000255798 ], [ -122.323089795002005, 37.872495000463097 ], [ -122.32312600006, 37.872554063411101 ], [ -122.323142923370995, 37.872574999260102 ], [ -122.323156252472003, 37.872594999620297 ], [ -122.323189943147995, 37.872634999107198 ], [ -122.323203429426997, 37.872655000017602 ], [ -122.323220101698993, 37.872674999508703 ], [ -122.323265999906994, 37.872736391474099 ], [ -122.323288434068999, 37.872754999816898 ], [ -122.323326000134003, 37.872799304523802 ], [ -122.323364927509999, 37.872834999485399 ], [ -122.323396387751004, 37.872874999828497 ], [ -122.323433953640006, 37.872914999776398 ], [ -122.323446129386994, 37.872934999951497 ], [ -122.323539901426003, 37.873034999828903 ], [ -122.323605999918001, 37.873097696541301 ], [ -122.323645999619004, 37.873139648678297 ], [ -122.323665999951999, 37.873163337685298 ], [ -122.323699060167996, 37.873194999837303 ], [ -122.323715073425006, 37.873215000333097 ], [ -122.323778610774994, 37.873275000324497 ], [ -122.323826000368001, 37.873323179060101 ], [ -122.323903229506001, 37.873414999467499 ], [ -122.323943687099998, 37.873454999932697 ], [ -122.324050265037997, 37.873574999954201 ], [ -122.324090803624003, 37.873614999703697 ], [ -122.324113412401005, 37.873635000136701 ], [ -122.324129319944007, 37.873654999929897 ], [ -122.324149004570003, 37.873675000323999 ], [ -122.324158840592006, 37.873694999875198 ], [ -122.324229584381996, 37.873774999753003 ], [ -122.324245378127998, 37.873794999937203 ], [ -122.324266000782004, 37.873814732888398 ], [ -122.324286000252002, 37.873839152468697 ], [ -122.324345999626999, 37.873905027261202 ], [ -122.324365999570006, 37.8739197728706 ], [ -122.324399067447004, 37.8739550006744 ], [ -122.324445999814998, 37.873996601368901 ], [ -122.324485999345995, 37.874035838494798 ], [ -122.324525999564997, 37.874069005418598 ], [ -122.324573832490998, 37.874114999525297 ], [ -122.324660168386998, 37.874214999616697 ], [ -122.324686000110006, 37.874239111747798 ], [ -122.324709687622999, 37.874274999963298 ], [ -122.324728477524005, 37.874294999611799 ], [ -122.324790405504004, 37.874374999966101 ], [ -122.324798034988007, 37.874394999942297 ], [ -122.324807214404998, 37.874434999842897 ], [ -122.324807450272999, 37.874455000040399 ], [ -122.324803055005006, 37.8744750000102 ], [ -122.324796341321004, 37.874494999921097 ], [ -122.324785823203996, 37.8745149997781 ], [ -122.324768065190995, 37.874535000473699 ], [ -122.324739990433002, 37.874555000446598 ], [ -122.324686000295003, 37.874580778281697 ], [ -122.324646000374003, 37.8745907073125 ], [ -122.324625999305994, 37.874597434139098 ], [ -122.324586000191999, 37.874605665176198 ], [ -122.324565999417999, 37.874612218321801 ], [ -122.324525999604006, 37.874620500641903 ], [ -122.324485999421, 37.8746261293904 ], [ -122.324425999989998, 37.874641296816101 ], [ -122.324385999716, 37.874650335845097 ], [ -122.324366000059996, 37.874653256367701 ], [ -122.324326000666005, 37.874666030506198 ], [ -122.324286000062997, 37.874674068909698 ], [ -122.324246000488003, 37.874686397614397 ], [ -122.324204765944003, 37.874695000689997 ], [ -122.324166000120997, 37.874705695687602 ], [ -122.324145999882006, 37.874709956014101 ], [ -122.324086000387993, 37.874718372829904 ], [ -122.323986000022998, 37.874726050193402 ], [ -122.323965999907998, 37.874727892674898 ], [ -122.323946000275001, 37.8747318794112 ], [ -122.323906000172002, 37.874734834602201 ], [ -122.323866000248998, 37.8747453932423 ], [ -122.323825999483006, 37.8747521078608 ], [ -122.323746000034006, 37.874771147384799 ], [ -122.323725999225005, 37.874771866866098 ], [ -122.323685999366006, 37.874777987539602 ], [ -122.323645999003006, 37.874788386845999 ], [ -122.323605999871006, 37.8747932099404 ], [ -122.323565999701998, 37.874802478144197 ], [ -122.323506000543006, 37.874812892257502 ], [ -122.323426000024995, 37.874833149940102 ], [ -122.323405999616995, 37.874835718486501 ], [ -122.323366000293007, 37.874844648274703 ], [ -122.323325999830999, 37.874851265538403 ], [ -122.323286000555996, 37.874863575016199 ], [ -122.323266000263999, 37.874871764701801 ], [ -122.32316599987, 37.874944948148197 ], [ -122.323145999722996, 37.874955089516199 ], [ -122.323125999802997, 37.8749606490017 ], [ -122.323105999201005, 37.874963139216803 ], [ -122.323045999477003, 37.874962416056697 ], [ -122.322965999936997, 37.874943499821001 ], [ -122.322925999377006, 37.874937742650999 ], [ -122.322885999335, 37.874938905059999 ], [ -122.322865999586, 37.874941165765001 ], [ -122.322825999000997, 37.874948553106798 ], [ -122.322785998868994, 37.874952797361402 ], [ -122.322765999297005, 37.874958442262297 ], [ -122.322746000636002, 37.874961766511099 ], [ -122.322705999790998, 37.874966538945898 ], [ -122.322466000214007, 37.875030683588598 ], [ -122.322405999639003, 37.875043302626999 ], [ -122.322305999958999, 37.875069347451699 ], [ -122.322265999359004, 37.875076113730202 ], [ -122.322225999004004, 37.875080463979103 ], [ -122.322105999529995, 37.875106900307301 ], [ -122.322005999262004, 37.875135760420399 ], [ -122.321965999697994, 37.875150533158298 ], [ -122.321946000517997, 37.875163724686303 ], [ -122.321920269968004, 37.875174999859702 ], [ -122.321906000157995, 37.875185452112397 ], [ -122.321845999657995, 37.875247562653698 ], [ -122.321825999704004, 37.875262604201602 ], [ -122.321785999634002, 37.875284674410999 ], [ -122.321766000045997, 37.875290176971099 ], [ -122.321746000087003, 37.875293720631298 ], [ -122.321725999831003, 37.875291597240498 ], [ -122.321665999868998, 37.875275774445001 ], [ -122.321627266928999, 37.875255000440198 ], [ -122.321605999642003, 37.875246275292398 ], [ -122.321585999948994, 37.8752350214152 ], [ -122.321565999157002, 37.875226193465203 ], [ -122.321525999084997, 37.8752156766813 ], [ -122.321485999676995, 37.875210949299898 ], [ -122.321445999117003, 37.875210887483199 ], [ -122.321425999319999, 37.875211937691702 ], [ -122.321345999011996, 37.875221613905701 ], [ -122.321305999591004, 37.8752336041807 ], [ -122.321245999691996, 37.8752449331799 ], [ -122.321205999379998, 37.875250391660501 ], [ -122.321085999863001, 37.875275743576601 ], [ -122.321046000126003, 37.875285484225003 ], [ -122.321006000075997, 37.875299845430398 ], [ -122.320945999339003, 37.875307548928099 ], [ -122.320885999718001, 37.875320764657602 ], [ -122.320785999028999, 37.875347760224699 ], [ -122.320765999676993, 37.875350847501103 ], [ -122.320705999840996, 37.875366116527502 ], [ -122.320585998797995, 37.875389004265301 ], [ -122.320366000245002, 37.875442345930999 ], [ -122.320326000316001, 37.875450762707899 ], [ -122.320305999509998, 37.875453179570698 ], [ -122.320285999538996, 37.875459372948498 ], [ -122.320165999363994, 37.875480312138997 ], [ -122.320145999177001, 37.8754869770017 ], [ -122.320125999072999, 37.875490887517799 ], [ -122.320085999837005, 37.875496203428902 ], [ -122.319965999689998, 37.875528066201603 ], [ -122.319865999593006, 37.875563004567802 ], [ -122.319845998801995, 37.8755720413102 ], [ -122.319825999149003, 37.875577438265402 ], [ -122.319745998816998, 37.875604891095698 ], [ -122.319619696979004, 37.875634999259198 ], [ -122.319585999355994, 37.875644728226497 ], [ -122.319525999495994, 37.875653208431203 ], [ -122.319466000095005, 37.875656996948798 ], [ -122.319445999674002, 37.875660200999398 ], [ -122.319365999054, 37.875667977270297 ], [ -122.319324763474995, 37.875674999487899 ], [ -122.319246000020001, 37.875693016874799 ], [ -122.319185999358993, 37.875710962102303 ], [ -122.319066000651006, 37.8757402090638 ], [ -122.319026000058997, 37.875753946933898 ], [ -122.318926000282005, 37.8757790980832 ], [ -122.318816550432999, 37.875814999275399 ], [ -122.318746000860997, 37.875832959230898 ], [ -122.318706001104005, 37.8758457710641 ], [ -122.318686000870997, 37.875854464767798 ], [ -122.318666000641002, 37.875860142280601 ], [ -122.318606001250004, 37.875871699385797 ], [ -122.318526000573996, 37.875860905563897 ], [ -122.318506000935997, 37.875854793633302 ], [ -122.318486000476, 37.875846227014001 ], [ -122.318470958822004, 37.875835000071497 ], [ -122.318440956448001, 37.875794999981302 ], [ -122.318430291539997, 37.875774999808897 ], [ -122.318422573654004, 37.875754999366897 ], [ -122.318406316193006, 37.8756949997288 ], [ -122.318386000825996, 37.875641527505103 ], [ -122.318365833250994, 37.875594999910597 ], [ -122.318329752973, 37.875535000048401 ], [ -122.318269292042004, 37.875455000515899 ], [ -122.318235163192, 37.875415000043198 ], [ -122.318221473948995, 37.875394999813302 ], [ -122.318185999777995, 37.875350492947703 ], [ -122.318133462404006, 37.875294999715997 ], [ -122.318106000594994, 37.875271988490802 ], [ -122.318066000816998, 37.875232581028797 ], [ -122.318026001136005, 37.875186662475798 ], [ -122.318002866384006, 37.875154999554397 ], [ -122.317966000609005, 37.875123986181897 ], [ -122.317926001352006, 37.875107625680698 ], [ -122.317886000943005, 37.875105578578697 ], [ -122.317826001208999, 37.875108019263301 ], [ -122.317786000601998, 37.875105892048197 ], [ -122.317746000227999, 37.875098509883799 ], [ -122.317726000937995, 37.8750905603953 ], [ -122.317708105047004, 37.875074999202802 ], [ -122.317689639112004, 37.875054999426503 ], [ -122.317684231960996, 37.875034999287003 ], [ -122.317684070883004, 37.875014999466998 ], [ -122.317688579665997, 37.8749949994017 ], [ -122.317700309033, 37.8749749992974 ], [ -122.317715141400001, 37.874954999525499 ], [ -122.317734131788001, 37.874914999262899 ], [ -122.317750479224003, 37.874874999673601 ], [ -122.317763333599004, 37.874854999420997 ], [ -122.317768600753993, 37.874834999995898 ], [ -122.317766030132006, 37.874814999941897 ], [ -122.317746125501003, 37.874774999845997 ], [ -122.317686000948001, 37.874705941617599 ], [ -122.317650153485999, 37.874675000261099 ], [ -122.317630864368994, 37.874655000185903 ], [ -122.317585999846003, 37.874599411575502 ], [ -122.317545999805006, 37.8745550801588 ], [ -122.317525831460998, 37.8745349998743 ], [ -122.317491727353001, 37.8744949996277 ], [ -122.317452380692998, 37.874454999875198 ], [ -122.317368909032993, 37.874354999732603 ], [ -122.317326000400001, 37.874295153105699 ], [ -122.317291205133003, 37.874254999692099 ], [ -122.317242916783002, 37.874174999384898 ], [ -122.317226665953996, 37.874154999044798 ], [ -122.317217410197998, 37.874134999448401 ], [ -122.317193106112995, 37.874094999673197 ], [ -122.317183884515003, 37.874074999414702 ], [ -122.317171333402996, 37.874055000484802 ], [ -122.317140782438003, 37.874014999895998 ], [ -122.317126000257005, 37.8739919702845 ], [ -122.317080023399996, 37.873935000171997 ], [ -122.317027900715999, 37.873875000296302 ], [ -122.317006000193004, 37.873852988189199 ], [ -122.316986000848004, 37.873828200313604 ], [ -122.316932064851997, 37.873755000018498 ], [ -122.316897352216003, 37.873714999672103 ], [ -122.316883744495996, 37.873694999527402 ], [ -122.316866000944998, 37.873663841451098 ], [ -122.316858544585997, 37.8736549998968 ], [ -122.316846000739005, 37.873648189410801 ], [ -122.316785999819999, 37.873579022198598 ], [ -122.316766000033994, 37.873551601433498 ], [ -122.316722287722001, 37.873514999801301 ], [ -122.316670718118999, 37.873474999225301 ], [ -122.316649198901004, 37.873454999781799 ], [ -122.316631449873995, 37.873434999507502 ], [ -122.316620062731005, 37.873414999641099 ], [ -122.316606818143001, 37.8733749994257 ], [ -122.316589052973995, 37.873334999230302 ], [ -122.316577513281004, 37.873314999606997 ], [ -122.316562337736002, 37.873294999113497 ], [ -122.316505999770996, 37.873242118800597 ], [ -122.316466000890998, 37.873207758796802 ], [ -122.316435641572994, 37.8731749996657 ], [ -122.316421979422003, 37.873154999624198 ], [ -122.316400124267005, 37.8731150001015 ], [ -122.316386000367004, 37.873072703416597 ], [ -122.316366000795995, 37.873048373456697 ], [ -122.316346000218999, 37.873027508707104 ], [ -122.316312168793004, 37.872974999931998 ], [ -122.316306000949993, 37.872967942995899 ], [ -122.316298562501999, 37.872954999698997 ], [ -122.316270857890999, 37.872894999506101 ], [ -122.31624903817, 37.872854999274701 ], [ -122.316206000243994, 37.872794007511303 ], [ -122.316126000924001, 37.872704036365803 ], [ -122.316086000119995, 37.872662160112903 ], [ -122.316066484833001, 37.872634998931197 ], [ -122.316034558417996, 37.872594999445901 ], [ -122.315966000136001, 37.872499699038897 ], [ -122.315926000210993, 37.872459133752301 ], [ -122.315875819593998, 37.872415001076199 ], [ -122.315855524932999, 37.872395000353698 ], [ -122.315826000749993, 37.872352035433202 ], [ -122.315806000259002, 37.872340849025697 ], [ -122.315786000496999, 37.872325892369403 ], [ -122.315759865971003, 37.872295000518797 ], [ -122.315738717406006, 37.872275000966098 ], [ -122.315725999931004, 37.872250850656897 ], [ -122.315714936220004, 37.872235000721403 ], [ -122.315681758731998, 37.8721950001067 ], [ -122.315646000566005, 37.872157341135797 ], [ -122.315606000542004, 37.8721182712464 ], [ -122.315578033921, 37.872095000180103 ], [ -122.315545512466997, 37.872055000363297 ], [ -122.315491702543, 37.871995000046297 ], [ -122.315446000655996, 37.871934946674799 ], [ -122.315428505612005, 37.871914999821001 ], [ -122.315398979001998, 37.871874999745998 ], [ -122.315346000388004, 37.871819267347902 ], [ -122.315306000188002, 37.871766881884298 ], [ -122.315271157694994, 37.871734999952899 ], [ -122.315231251200004, 37.871695000430599 ], [ -122.315213715910005, 37.8716750003355 ], [ -122.315192642827995, 37.8716550010354 ], [ -122.315145999913995, 37.871617058913898 ], [ -122.315105319381999, 37.871575000214897 ], [ -122.315088018745001, 37.871555000972599 ], [ -122.315026281231994, 37.871475000277897 ], [ -122.314989307057999, 37.871435000775399 ], [ -122.314965999511998, 37.871404372739697 ], [ -122.314917105489997, 37.871355000420799 ], [ -122.314873201769998, 37.871295000326597 ], [ -122.314837625126998, 37.871235000586502 ], [ -122.314808253948996, 37.871195000077201 ], [ -122.314786001328002, 37.871154361890298 ], [ -122.314753852265, 37.8711149998568 ], [ -122.314726000937, 37.871090095912102 ], [ -122.314687332003999, 37.871034999516098 ], [ -122.314669756046001, 37.871015000131997 ], [ -122.314645573904002, 37.870975000232797 ], [ -122.314629277777001, 37.870954999541901 ], [ -122.314601662686002, 37.8709150010922 ], [ -122.314537289121006, 37.870835000642799 ], [ -122.314518749943005, 37.870815000928403 ], [ -122.314506000937001, 37.8708053975406 ], [ -122.314486000254007, 37.870780365455403 ], [ -122.314434697281996, 37.870735000426897 ], [ -122.314406000627997, 37.870698944204001 ], [ -122.314362746361994, 37.870655000325698 ], [ -122.314328466964994, 37.870614999929103 ], [ -122.314285999841999, 37.870571653612501 ], [ -122.314266000448001, 37.870546216551098 ], [ -122.314235454008994, 37.870515000098301 ], [ -122.314165999628997, 37.8704321685886 ], [ -122.314107021224004, 37.870375000151199 ], [ -122.314017357138994, 37.870294999655599 ], [ -122.313921470584006, 37.870214999458597 ], [ -122.313900941371003, 37.8701949993524 ], [ -122.313886558554998, 37.870174999450597 ], [ -122.313866000670998, 37.870156392807303 ], [ -122.313836104166, 37.870135000511397 ], [ -122.313819134403005, 37.870115001015101 ], [ -122.313761601655003, 37.8700550007038 ], [ -122.313729201624994, 37.870015000787603 ], [ -122.313656020699995, 37.869915000409001 ], [ -122.313637825843003, 37.869895000224503 ], [ -122.313572334932999, 37.869815000150197 ], [ -122.313550309758995, 37.8697950000481 ], [ -122.313531610566002, 37.869775000578102 ], [ -122.313518699029999, 37.869755000152203 ], [ -122.313506000218993, 37.8697405231921 ], [ -122.313466000093001, 37.8697064223214 ], [ -122.313426000597005, 37.869663012829101 ], [ -122.313396793775993, 37.869634999779002 ], [ -122.313379441641004, 37.869614999501302 ], [ -122.313365730884996, 37.869595000077403 ], [ -122.313345316978996, 37.869574999458102 ], [ -122.313321589192, 37.869534999549799 ], [ -122.313300527457997, 37.869514999719797 ], [ -122.313266000366994, 37.869488365185298 ], [ -122.313246000874997, 37.869479902096799 ], [ -122.313206000606996, 37.869471598871399 ], [ -122.313186000705002, 37.869469574864098 ], [ -122.313166001030993, 37.869472904754197 ], [ -122.313126000919993, 37.869491487100497 ], [ -122.313106000518999, 37.869498665507301 ], [ -122.313086000884994, 37.869501775827899 ], [ -122.313066000069, 37.869502045449103 ], [ -122.313030076649994, 37.869514999982798 ], [ -122.313006000320996, 37.869517175710897 ], [ -122.312986000814007, 37.869522060449299 ], [ -122.312946000034003, 37.869537451999797 ], [ -122.312926000632999, 37.869542672357298 ], [ -122.312906000195994, 37.869545240973899 ], [ -122.312866000032997, 37.8695567074883 ], [ -122.312786000594997, 37.869585276006298 ], [ -122.312766000693998, 37.869587530553197 ], [ -122.312725999701996, 37.8695955048507 ], [ -122.312706000220999, 37.869604190363397 ], [ -122.312665999651003, 37.869614317891802 ], [ -122.312626000544, 37.869621763927199 ], [ -122.312606000369001, 37.8696229404731 ], [ -122.312586000997996, 37.8696273887304 ], [ -122.312526000318002, 37.869648138116098 ], [ -122.312446000622003, 37.869663722065802 ], [ -122.312386000415003, 37.869667632218402 ], [ -122.312332235048004, 37.869674999814201 ], [ -122.312286000010005, 37.869686517041103 ], [ -122.312246000032005, 37.869689547569301 ], [ -122.312206000236003, 37.869689780553401 ], [ -122.312186000794995, 37.869693822027898 ], [ -122.312126000001996, 37.869700628567699 ], [ -122.312086000628, 37.869707663210598 ], [ -122.312066000265006, 37.86971577005 ], [ -122.312046000478006, 37.869721018160497 ], [ -122.312005999614001, 37.869726898341497 ], [ -122.311986000627002, 37.8697377801724 ], [ -122.311866000297002, 37.8697635018152 ], [ -122.311786001165004, 37.869769962078003 ], [ -122.311746000588002, 37.869775926748602 ], [ -122.311706000998001, 37.8697749502088 ], [ -122.311666001090998, 37.869791969074498 ], [ -122.311654340518004, 37.869795000324402 ], [ -122.311606000880005, 37.869801639453797 ], [ -122.311546000131003, 37.869815794494102 ], [ -122.311485999965001, 37.869817128020401 ], [ -122.311466000595004, 37.869816081814903 ], [ -122.311406000822004, 37.869831930218503 ], [ -122.311386000740995, 37.869840049534503 ], [ -122.311366000573003, 37.869840970324297 ], [ -122.311325999977996, 37.8698538004464 ], [ -122.311286000124994, 37.869856469823603 ], [ -122.311246000520001, 37.869856121201302 ], [ -122.311205999974007, 37.869866739535297 ], [ -122.311185999814001, 37.869868620398002 ], [ -122.311166000542002, 37.869873150297003 ], [ -122.311146000365, 37.869873849695502 ], [ -122.311085999504002, 37.869889961603803 ], [ -122.31106599972, 37.869892187068402 ], [ -122.310986000501003, 37.869911014759097 ], [ -122.310966000134997, 37.869912520365602 ], [ -122.310926000647001, 37.869921772664703 ], [ -122.310906000759005, 37.869924585683798 ], [ -122.310846000303997, 37.869925654348002 ], [ -122.310805999997996, 37.869932592297197 ], [ -122.310746000902, 37.869928057734498 ], [ -122.310725999949, 37.869929286168997 ], [ -122.310686000524996, 37.869939058479403 ], [ -122.310646000042993, 37.869953226394799 ], [ -122.310605999751999, 37.869957471128998 ], [ -122.310586000553997, 37.869957723206497 ], [ -122.310566000291999, 37.869963034963 ], [ -122.310533668860003, 37.869974999932602 ], [ -122.310506000453998, 37.869982139343598 ], [ -122.310446000267007, 37.869983882663099 ], [ -122.310386000251995, 37.869994528722103 ], [ -122.310345999456999, 37.869998573619498 ], [ -122.310306000283006, 37.870000603785797 ], [ -122.310265999414, 37.870011291994203 ], [ -122.310226000628006, 37.870018983763998 ], [ -122.310206000462003, 37.870015955969698 ], [ -122.310186000551994, 37.870019840548203 ], [ -122.310166000302004, 37.870019246749301 ], [ -122.310106000001994, 37.870035350052 ], [ -122.310066000811005, 37.870041405011698 ], [ -122.310003036675994, 37.8700549999689 ], [ -122.309966000100999, 37.870061273183403 ], [ -122.309926000535, 37.8700608179401 ], [ -122.309886000301006, 37.870066470641902 ], [ -122.309845999914998, 37.870069386095402 ], [ -122.309826000382998, 37.870076385766197 ], [ -122.309805999727004, 37.870085675484901 ], [ -122.309746000529998, 37.8701032587798 ], [ -122.309705999726006, 37.8701100389004 ], [ -122.309645999493995, 37.870122863041999 ], [ -122.309605999794996, 37.870136290041998 ], [ -122.309566000299995, 37.870147212839001 ], [ -122.309506000105003, 37.8701495882556 ], [ -122.309446000237003, 37.870162832502601 ], [ -122.309406000332999, 37.870165100831699 ], [ -122.309386000626006, 37.870167960381998 ], [ -122.309366000601003, 37.870173542775497 ], [ -122.309346000947002, 37.870173190877999 ], [ -122.309326000069007, 37.870175273900301 ], [ -122.309306000285005, 37.8701809381622 ], [ -122.309286000148006, 37.870189435045297 ], [ -122.309266000025005, 37.870189659025101 ], [ -122.309245999827994, 37.870186519494197 ], [ -122.309226000400002, 37.870187504697398 ], [ -122.309186000077005, 37.870196814913498 ], [ -122.309146000536003, 37.870216123845701 ], [ -122.309106000008995, 37.870221365074897 ], [ -122.309006000207006, 37.870227425657902 ], [ -122.308966000211996, 37.870234937962998 ], [ -122.308945999627994, 37.870241501094704 ], [ -122.308906000085003, 37.870249176237301 ], [ -122.308885999756001, 37.870250613107899 ], [ -122.308846000266996, 37.870260063564203 ], [ -122.308805999409998, 37.870272129795403 ], [ -122.308786000089995, 37.870271161424398 ], [ -122.308745999639001, 37.870275963421399 ], [ -122.308705999794995, 37.870286474719101 ], [ -122.308685999990999, 37.870295317922697 ], [ -122.308666000263997, 37.870299102361898 ], [ -122.308646000080998, 37.870302502585602 ], [ -122.308626000839993, 37.870302756134897 ], [ -122.308586000497002, 37.870307008288997 ], [ -122.308545999816005, 37.870313725029298 ], [ -122.308526000122995, 37.870320762275099 ], [ -122.308505999955003, 37.870319951341202 ], [ -122.308486000753007, 37.870325859303101 ], [ -122.308466000798006, 37.8703287870892 ], [ -122.308400048600006, 37.870334999931799 ], [ -122.30838600013, 37.87033936265 ], [ -122.308365999809993, 37.870349188406998 ], [ -122.308334972154, 37.870354999944396 ], [ -122.308286000077999, 37.870367111770399 ], [ -122.308218916415996, 37.870375000145998 ], [ -122.308145999564005, 37.870396379177002 ], [ -122.308126000138003, 37.870400285894199 ], [ -122.308105999377005, 37.870406366586202 ], [ -122.308085999428997, 37.870408445782701 ], [ -122.308025999365995, 37.870427278064099 ], [ -122.308005999691005, 37.870430364134599 ], [ -122.307965999142993, 37.8704333932358 ], [ -122.307945999311997, 37.870440872194997 ], [ -122.307925999957007, 37.870445114507902 ], [ -122.307886000771006, 37.870451994763002 ], [ -122.307846000669002, 37.870455704075198 ], [ -122.307806000384005, 37.870467168880701 ], [ -122.307733607607005, 37.8704749998615 ], [ -122.307626000244994, 37.870492485726203 ], [ -122.307586000515997, 37.870495875509597 ], [ -122.307545999590005, 37.870507284451001 ], [ -122.307485999790003, 37.870517149800001 ], [ -122.307465999727995, 37.8705189679483 ], [ -122.307425999589995, 37.870528776963504 ], [ -122.307381886653999, 37.870535000135398 ], [ -122.307305999625996, 37.870548572303498 ], [ -122.307277852216004, 37.870555000322298 ], [ -122.307265999223006, 37.870560702791501 ], [ -122.307205999470995, 37.870569426133301 ], [ -122.307186271069, 37.870575000234197 ], [ -122.307165999527001, 37.870586119538302 ], [ -122.307139748316004, 37.870594999938803 ], [ -122.307111504868004, 37.870612174450898 ], [ -122.307106257341999, 37.8706150000205 ], [ -122.307106000651004, 37.870620714281102 ], [ -122.307105577540995, 37.870634999777003 ], [ -122.307106000519994, 37.870636052522698 ], [ -122.307122666309994, 37.870654999701301 ], [ -122.307125999638998, 37.870656827897598 ], [ -122.307145999048004, 37.870661567668101 ], [ -122.307162449462993, 37.870675000421102 ], [ -122.307165999234002, 37.870688957553 ], [ -122.307167180533, 37.870695000481398 ], [ -122.307179523437995, 37.870714999901303 ], [ -122.307185998953997, 37.870730453837197 ], [ -122.307189592488996, 37.870734999865803 ], [ -122.307204509914001, 37.870755000152897 ], [ -122.307205999583999, 37.870756156555203 ], [ -122.307225999224002, 37.870763897190201 ], [ -122.307245999244003, 37.870774052917 ], [ -122.307247759155004, 37.870774999862803 ], [ -122.307265999273994, 37.870785909289999 ], [ -122.307286000014997, 37.870794461526899 ], [ -122.307288142478001, 37.870795000695999 ], [ -122.307305999823001, 37.870801578574103 ], [ -122.307326000165006, 37.870800543287402 ], [ -122.307346000224996, 37.8708009405076 ], [ -122.307364928314001, 37.870795000254901 ], [ -122.307366000185993, 37.870794791575001 ], [ -122.307385999447007, 37.870788213440903 ], [ -122.307405999731998, 37.870779820357498 ], [ -122.307426000275996, 37.8707771653837 ], [ -122.307445999343997, 37.870778269860502 ], [ -122.307466000003998, 37.870782457068501 ], [ -122.307486000151997, 37.870791543773699 ], [ -122.307492438647998, 37.870795000277901 ], [ -122.307506000074994, 37.870803580072497 ], [ -122.307522371518999, 37.870815000512003 ], [ -122.307526000123005, 37.870817838008101 ], [ -122.307543906860005, 37.870835000320902 ], [ -122.307545999941993, 37.870837078218798 ], [ -122.307563767255004, 37.8708549999551 ], [ -122.307566000023002, 37.870857213736898 ], [ -122.307585999793005, 37.870874788385201 ], [ -122.307586205587, 37.870875000381702 ], [ -122.307606000464006, 37.8708942031341 ], [ -122.307606807268996, 37.870895000145403 ], [ -122.307626000065994, 37.870914063308703 ], [ -122.307626964902994, 37.870915000350202 ], [ -122.307646000505002, 37.870934504744397 ], [ -122.307646525859994, 37.870934999433402 ], [ -122.307666000590999, 37.8709530493743 ], [ -122.307668162631998, 37.870954999969399 ], [ -122.307686000158995, 37.870971133306 ], [ -122.307690316332994, 37.870974999554797 ], [ -122.307706000463995, 37.870990571441403 ], [ -122.307710351026003, 37.870994999412197 ], [ -122.307725999986999, 37.871011277427698 ], [ -122.307729877913999, 37.871015000038 ], [ -122.307745999727004, 37.871028811559803 ], [ -122.307754920416002, 37.871034999822598 ], [ -122.307766000488002, 37.871042128237498 ], [ -122.307784153179995, 37.871054999967001 ], [ -122.307786000655, 37.871056275452403 ], [ -122.307804811891003, 37.871074999501197 ], [ -122.307805999758003, 37.871076264281903 ], [ -122.307823809333996, 37.871094999501203 ], [ -122.307826000036002, 37.871096771378902 ], [ -122.307845812850005, 37.871115000149402 ], [ -122.307846000552999, 37.871115142308 ], [ -122.307866000470995, 37.8711304259811 ], [ -122.307871367811003, 37.871134999949199 ], [ -122.307885999988997, 37.871146583378803 ], [ -122.307898069421995, 37.871155000177097 ], [ -122.307905999282994, 37.871163435434603 ], [ -122.307915528585994, 37.871175000066799 ], [ -122.307925999302995, 37.871184523801197 ], [ -122.307938222152998, 37.871195000019299 ], [ -122.307945999786, 37.871207031163699 ], [ -122.307950435560997, 37.871215000057397 ], [ -122.307965999008999, 37.871232047230798 ], [ -122.307970106011993, 37.8712349996838 ], [ -122.307985999677996, 37.871247833867002 ], [ -122.307992217771996, 37.871255000023602 ], [ -122.307996282993997, 37.871275000270501 ], [ -122.308005999745006, 37.871288397811199 ], [ -122.308009817263994, 37.871295000082803 ], [ -122.308016593632999, 37.871315000352297 ], [ -122.308021513987001, 37.871335000341197 ], [ -122.308025999422, 37.871344765206999 ], [ -122.308032235797995, 37.8713550002782 ], [ -122.308039992535001, 37.871374999679098 ], [ -122.308044720468999, 37.871394999770501 ], [ -122.308045999871993, 37.871398606805201 ], [ -122.308051950050995, 37.871415000315899 ], [ -122.308060936569007, 37.871435000347503 ], [ -122.308064384643998, 37.871454999870203 ], [ -122.308065152355994, 37.8714750005783 ], [ -122.308064179037999, 37.871495000593903 ], [ -122.308065999215998, 37.871502189283603 ], [ -122.308070415702005, 37.871515000447999 ], [ -122.308078758888001, 37.871535000260103 ], [ -122.308084405751998, 37.871555000664699 ], [ -122.308085999699003, 37.871567522410402 ], [ -122.308087787808006, 37.871575000557499 ], [ -122.308093381134995, 37.871595000192301 ], [ -122.308100077839001, 37.871615000191198 ], [ -122.308105999610007, 37.871630618606098 ], [ -122.308109161179004, 37.871635000156502 ], [ -122.308124906844, 37.871655000596903 ], [ -122.308125999569995, 37.871656429171999 ], [ -122.308143635787999, 37.871675000318298 ], [ -122.308145999706994, 37.871685570845997 ], [ -122.308148348974996, 37.871695000690302 ], [ -122.308150056078006, 37.871715000418597 ], [ -122.308153180806997, 37.871734999862703 ], [ -122.308157550106998, 37.871754999653199 ], [ -122.308163363237, 37.871774999554901 ], [ -122.308165999576005, 37.871789606808299 ], [ -122.308167573139997, 37.871794999712797 ], [ -122.308170948400999, 37.871814999734703 ], [ -122.308174874783006, 37.871834999949201 ], [ -122.308180366816998, 37.871854999730303 ], [ -122.308185999775006, 37.871872699572201 ], [ -122.308186879101996, 37.871874999674702 ], [ -122.308193643053002, 37.871895000175002 ], [ -122.308198231006003, 37.871915000256003 ], [ -122.308200925346, 37.871934999882797 ], [ -122.3082058902, 37.871954999909399 ], [ -122.308205999376995, 37.871955291148197 ], [ -122.308217501445995, 37.871974999813801 ], [ -122.308218450227997, 37.871994999736899 ], [ -122.308219287431001, 37.872015000007401 ], [ -122.308221649293003, 37.872034999733103 ], [ -122.308225302416005, 37.872054999805897 ], [ -122.308226000264995, 37.872057581443201 ], [ -122.308233499956998, 37.872074999712403 ], [ -122.308240219528997, 37.872095000164798 ], [ -122.308245055727994, 37.872114999966499 ], [ -122.308246000086001, 37.872121922965697 ], [ -122.308249207607005, 37.8721350003391 ], [ -122.308250338589005, 37.872155000355299 ], [ -122.308255793084996, 37.872174999956201 ], [ -122.308259924458, 37.8721949998234 ], [ -122.308261459681006, 37.872215000158903 ], [ -122.308262710240996, 37.872235000573497 ], [ -122.308265042505994, 37.872254999968398 ], [ -122.308265999943004, 37.872260167177103 ], [ -122.308270897837005, 37.872274999953902 ], [ -122.308276647282, 37.872295000177097 ], [ -122.308280553233999, 37.8723150007824 ], [ -122.308285083141996, 37.872335000178303 ], [ -122.308286000232997, 37.872345102747801 ], [ -122.308287828786007, 37.872355000616203 ], [ -122.308292474858007, 37.872375000475998 ], [ -122.308297722155004, 37.872395000463598 ], [ -122.308302995656007, 37.872415000846601 ], [ -122.308306000122002, 37.8724243703901 ], [ -122.308311066857001, 37.872435000480699 ], [ -122.308317918545001, 37.872455000187003 ], [ -122.308322562382003, 37.8724750009887 ], [ -122.308325520957993, 37.872495000927699 ], [ -122.308326000245003, 37.872509445430403 ], [ -122.308326338794004, 37.872514999771298 ], [ -122.308330472481998, 37.872534999592098 ], [ -122.308332919795006, 37.872554999471802 ], [ -122.308334715813999, 37.872575000187098 ], [ -122.308341102940005, 37.872594999834199 ], [ -122.308346000064006, 37.872610434599601 ], [ -122.308347849898993, 37.872614999755001 ], [ -122.308356930011996, 37.8726349997673 ], [ -122.30836342648, 37.872655000008699 ], [ -122.308365878358003, 37.872674999799997 ], [ -122.308365999556003, 37.872681666895403 ], [ -122.308367009380007, 37.872694999815103 ], [ -122.308371141948996, 37.872714999656502 ], [ -122.308374566268, 37.872734999630197 ], [ -122.308379605246998, 37.872755000024704 ], [ -122.308382903167995, 37.872774999731099 ], [ -122.308385643164002, 37.872795000276398 ], [ -122.308386000034005, 37.8727959760066 ], [ -122.308392811464003, 37.872815000185199 ], [ -122.308398499475999, 37.872834999786598 ], [ -122.308402774423001, 37.872855000486503 ], [ -122.308405644215995, 37.872875000333302 ], [ -122.308406000054006, 37.872877272716501 ], [ -122.308409979481993, 37.872894999872301 ], [ -122.308415089064994, 37.872914999806802 ], [ -122.308421273592998, 37.872935000650003 ], [ -122.308426000064003, 37.872945524808003 ], [ -122.308431091608, 37.872954999954501 ], [ -122.308441800102997, 37.872975000117698 ], [ -122.308445694726004, 37.872995000037299 ], [ -122.308445999593005, 37.872996948568201 ], [ -122.308452374579005, 37.873015000345099 ], [ -122.308461787260995, 37.873035000249402 ], [ -122.308465999570998, 37.873054223813099 ], [ -122.308466300191, 37.873054999966897 ], [ -122.308469661931994, 37.873075000243098 ], [ -122.308473031641, 37.873095000366 ], [ -122.308477069752001, 37.873115000222903 ], [ -122.308479698178004, 37.873135000214397 ], [ -122.308483084990002, 37.873155000907701 ], [ -122.308484657847004, 37.873175000517698 ], [ -122.308484600132999, 37.873195000914002 ], [ -122.308485733469993, 37.873215000884201 ], [ -122.308486000269994, 37.873217857161002 ], [ -122.308488739943002, 37.873235000798701 ], [ -122.308492347647004, 37.873255000840103 ], [ -122.308496475729001, 37.8732750007647 ], [ -122.308499005076001, 37.873294999963399 ], [ -122.308502538759996, 37.8733149996295 ], [ -122.308505595341003, 37.873334999479098 ], [ -122.308505999600996, 37.8733370693718 ], [ -122.308511023817005, 37.8733549995722 ], [ -122.308522981538999, 37.873374999983298 ], [ -122.308526000117993, 37.873378248710097 ], [ -122.308540103203001, 37.873394999991703 ], [ -122.308545999892999, 37.873404476735502 ], [ -122.308552831816996, 37.873414999961099 ], [ -122.308561686616002, 37.873434999797901 ], [ -122.308566000062001, 37.873453032757197 ], [ -122.308566502502003, 37.873454999980801 ], [ -122.308572752009994, 37.873475000467103 ], [ -122.308579570833004, 37.873494999894397 ], [ -122.308585999770003, 37.873511179012297 ], [ -122.308587619464006, 37.873514999947901 ], [ -122.308594586346999, 37.8735350001242 ], [ -122.308603808971995, 37.873555000077801 ], [ -122.308606000001006, 37.873564538239201 ], [ -122.308608775178996, 37.873575000065799 ], [ -122.308618574009003, 37.873595000626601 ], [ -122.308625999762, 37.873612856709201 ], [ -122.308627028016005, 37.873615000074601 ], [ -122.308632139981995, 37.873634999956003 ], [ -122.308637357869003, 37.873655000498097 ], [ -122.308642655447997, 37.873675000406202 ], [ -122.308645999885997, 37.873688784190698 ], [ -122.308648119292002, 37.873695000713397 ], [ -122.308655586075005, 37.8737150002638 ], [ -122.308662517689001, 37.873735000215802 ], [ -122.308666000141997, 37.873744247176099 ], [ -122.308671102706001, 37.873755000739003 ], [ -122.308681188495996, 37.8737750002716 ], [ -122.308685527329004, 37.873795000634203 ], [ -122.308685999418998, 37.8737967587847 ], [ -122.308692946308, 37.873815000202903 ], [ -122.308699224329004, 37.873835000135003 ], [ -122.308704485521005, 37.873855000741202 ], [ -122.308705999126005, 37.873865612821 ], [ -122.308708371156001, 37.873875000827503 ], [ -122.308712665564002, 37.873895000244801 ], [ -122.308716522753002, 37.873915000878398 ], [ -122.308720745442002, 37.873935000775901 ], [ -122.308724488750002, 37.873955000901702 ], [ -122.308725999898002, 37.873960250131603 ], [ -122.308731618530999, 37.873975000635703 ], [ -122.308738755144006, 37.873995000237898 ], [ -122.308741720746994, 37.874015000934499 ], [ -122.308745999628997, 37.874025888223798 ], [ -122.308750432194003, 37.874035000819298 ], [ -122.308761889053002, 37.874055000951998 ], [ -122.308765999643001, 37.874065452370097 ], [ -122.308769856908995, 37.874074999850599 ], [ -122.308782804339003, 37.874095000086498 ], [ -122.308785999432004, 37.874098986857703 ], [ -122.308805999854002, 37.874111927265197 ], [ -122.308825999773006, 37.874109778681998 ], [ -122.308845999924998, 37.874108044005901 ], [ -122.308856148328005, 37.874114999502503 ], [ -122.308854149244993, 37.874135000375297 ], [ -122.308845999531997, 37.874147670065099 ], [ -122.308841290339004, 37.874154999717099 ], [ -122.308837482987002, 37.874175000301598 ], [ -122.308840875604005, 37.874194999975998 ], [ -122.308845999021997, 37.874202881821603 ], [ -122.308856352123996, 37.874215000115903 ], [ -122.308866000018, 37.8742216764049 ], [ -122.308876169382998, 37.874235000387003 ], [ -122.308885999382994, 37.8742432622427 ], [ -122.308905999977, 37.874247192783798 ], [ -122.308925999942005, 37.874249551357003 ], [ -122.308933685607997, 37.874255000270402 ], [ -122.308945999922997, 37.874262623123897 ], [ -122.308964326237003, 37.874275000052798 ], [ -122.308965999563995, 37.874276053020502 ], [ -122.308985999970005, 37.874291354514298 ], [ -122.308989117376996, 37.874294999946301 ], [ -122.309006000175998, 37.874310564805299 ], [ -122.309010067694004, 37.874314999981998 ], [ -122.309025999469, 37.874332811086497 ], [ -122.309027837627994, 37.874335000046301 ], [ -122.309040179381, 37.874355000217797 ], [ -122.309046000324997, 37.874366595662501 ], [ -122.309051552097003, 37.874375000145299 ], [ -122.309054060034001, 37.874395000647702 ], [ -122.309061240046006, 37.874415000297503 ], [ -122.309065999818003, 37.874422535507001 ], [ -122.309076142772, 37.874435000658401 ], [ -122.309086000351996, 37.874451321610898 ], [ -122.309088326256997, 37.874455000272903 ], [ -122.309092253022001, 37.874475000457302 ], [ -122.309101926832994, 37.874495000690501 ], [ -122.309106000393996, 37.874501515220501 ], [ -122.309112262232006, 37.874515000784903 ], [ -122.309116651295994, 37.874535000168002 ], [ -122.309121015326994, 37.874555000032899 ], [ -122.309126000261998, 37.874566625064404 ], [ -122.309129736068996, 37.8745750006142 ], [ -122.309139469108004, 37.874595000604501 ], [ -122.309145999595003, 37.874603163988901 ], [ -122.309156241645994, 37.874615000955401 ], [ -122.309162954835998, 37.874635000588299 ], [ -122.309166000321, 37.874644586179798 ], [ -122.309169023543006, 37.8746550009296 ], [ -122.309171621453999, 37.874675000598202 ], [ -122.309181954620001, 37.874695000730497 ], [ -122.309186000528001, 37.874699177171102 ], [ -122.309199504911007, 37.874715000501098 ], [ -122.309205999455003, 37.874729643242901 ], [ -122.309208117496993, 37.874735000460099 ], [ -122.309210008313997, 37.874755001142503 ], [ -122.309209914319993, 37.874775000441701 ], [ -122.309205999520003, 37.874790036128402 ], [ -122.309204811176002, 37.874795000788801 ], [ -122.309205381070001, 37.8748150008051 ], [ -122.309205999723005, 37.874817080065903 ], [ -122.309212667083003, 37.874835001106298 ], [ -122.309225999831995, 37.874850464212599 ], [ -122.309230470169993, 37.874854999605901 ], [ -122.309242846231001, 37.874874999998603 ], [ -122.309245999813996, 37.874885579602903 ], [ -122.309248631442003, 37.874895000395298 ], [ -122.309254908564995, 37.8749150003203 ], [ -122.309265999912995, 37.874934216508898 ], [ -122.309266374798, 37.874935000229499 ], [ -122.309273275932995, 37.874954999838501 ], [ -122.309275190671002, 37.874975000059798 ], [ -122.309281635209999, 37.874995000360002 ], [ -122.309285999756, 37.875003269321198 ], [ -122.309292024241003, 37.875015000308601 ], [ -122.309299737309999, 37.875035000482299 ], [ -122.309305511141005, 37.875055000196099 ], [ -122.309305999881005, 37.875055931094103 ], [ -122.309314116965993, 37.875075000278898 ], [ -122.309325999585994, 37.875092844308597 ], [ -122.309326916686004, 37.8750950006064 ], [ -122.309329122945996, 37.875115000614002 ], [ -122.309329065428003, 37.875135000111399 ], [ -122.309341980159999, 37.875155000023 ], [ -122.309346000087004, 37.8751593668201 ], [ -122.309352377222993, 37.875175000712296 ], [ -122.309349032249997, 37.875195000511503 ], [ -122.309350876400998, 37.875215000291398 ], [ -122.309362694580997, 37.875235000615703 ], [ -122.309366000653, 37.875241107000399 ], [ -122.309374316887002, 37.875255000210899 ], [ -122.309386000019003, 37.875266741930702 ], [ -122.309390323290003, 37.875275000885502 ], [ -122.309405868490003, 37.875295000539303 ], [ -122.309406000151, 37.8752955405931 ], [ -122.309409891035003, 37.875315000671499 ], [ -122.309411636139998, 37.875335000558103 ], [ -122.309415765720004, 37.875355000429202 ], [ -122.309413659694002, 37.875375000673003 ], [ -122.309425999813001, 37.875391504160099 ], [ -122.309428412372, 37.875395000285202 ], [ -122.309436227996002, 37.875415000276902 ], [ -122.309446000302003, 37.8754293612485 ], [ -122.309450511563995, 37.8754350008196 ], [ -122.309455510014004, 37.875455001058398 ], [ -122.309446000695004, 37.875468263847203 ], [ -122.309441168448998, 37.8754750011136 ], [ -122.309432185673998, 37.8754950005778 ], [ -122.309443559805999, 37.8755150004461 ], [ -122.309446000205995, 37.875518623808802 ], [ -122.309453794095006, 37.875535000662602 ], [ -122.309459573723004, 37.875555001158702 ], [ -122.309465999829001, 37.875573883335598 ], [ -122.309466612725998, 37.875574999904003 ], [ -122.309465999702994, 37.875581856599702 ], [ -122.309464885899004, 37.8755950000469 ], [ -122.309465999563002, 37.875603678918502 ], [ -122.309467419024003, 37.875615000058701 ], [ -122.309476267471993, 37.875634999060097 ], [ -122.309485999269995, 37.875654138827301 ], [ -122.309486541645001, 37.875654999406201 ], [ -122.309489004164007, 37.875674998977402 ], [ -122.309496198098998, 37.875694999237503 ], [ -122.309505492983007, 37.875714999540101 ], [ -122.309505998812, 37.875716447502001 ], [ -122.309516245433997, 37.875734999674002 ], [ -122.309524390205993, 37.8757549996227 ], [ -122.309525999711994, 37.875760111978401 ], [ -122.309533878657007, 37.875774998896098 ], [ -122.309539584296004, 37.875794999013998 ], [ -122.309545876395006, 37.8758149995382 ], [ -122.309545999003007, 37.875815726027902 ], [ -122.309551260915995, 37.8758349995394 ], [ -122.309559737076, 37.875854999404702 ], [ -122.309565999447003, 37.875870933335896 ], [ -122.309567673499004, 37.875874999762999 ], [ -122.309567527221006, 37.875894999171102 ], [ -122.309572459698003, 37.875914999776597 ], [ -122.309585999426005, 37.875932993642301 ], [ -122.309588006217993, 37.875934999384803 ], [ -122.309600160494, 37.8759549995169 ], [ -122.309605999279995, 37.875961996539601 ], [ -122.309623976466995, 37.875974999172499 ], [ -122.309621149677, 37.875994999800803 ], [ -122.309625341970005, 37.876014999358802 ], [ -122.309625999900007, 37.876016874503399 ], [ -122.309632303672998, 37.876034999584398 ], [ -122.309632036721993, 37.876054999516597 ], [ -122.309625999337001, 37.876066378744497 ], [ -122.309617978630996, 37.876074999532598 ], [ -122.309610516047996, 37.8760949994344 ], [ -122.309625999782, 37.876112887481597 ], [ -122.309645999878001, 37.876113460708901 ], [ -122.309650761667001, 37.876114999491499 ], [ -122.309665999895998, 37.8761257378303 ], [ -122.309669324756001, 37.8761349994979 ], [ -122.309665999529997, 37.876150505249598 ], [ -122.309664812652997, 37.876155000182898 ], [ -122.309665999659998, 37.876156270362799 ], [ -122.309682635577005, 37.876175000041599 ], [ -122.309685999083996, 37.876177649122901 ], [ -122.309698609199998, 37.876194999512002 ], [ -122.309705999201995, 37.876210571595301 ], [ -122.309711940989999, 37.876214999457403 ], [ -122.309725999975001, 37.876224792293598 ], [ -122.309732914826, 37.876234999827901 ], [ -122.309733224091005, 37.876254999464003 ], [ -122.309732576833994, 37.876274999521002 ], [ -122.309742895575994, 37.876294999889801 ], [ -122.309745999786998, 37.876299321319699 ], [ -122.309756469940993, 37.8763149996593 ], [ -122.309765999640007, 37.8763300176456 ], [ -122.309769835937999, 37.876334999840203 ], [ -122.309776879704003, 37.876355000278203 ], [ -122.309779431147007, 37.8763749999328 ], [ -122.309785858843, 37.876394999635302 ], [ -122.309785999482003, 37.876395276769799 ], [ -122.309797312897004, 37.8764149988355 ], [ -122.309806000213001, 37.876426812600499 ], [ -122.309812141077003, 37.876434999651998 ], [ -122.309823021230997, 37.876454999102798 ], [ -122.309826, 37.876459942019103 ], [ -122.309837069384002, 37.8764749996392 ], [ -122.309842916359997, 37.876494999723199 ], [ -122.309837744928998, 37.876514999613597 ], [ -122.309835084415994, 37.876534999745402 ], [ -122.309845999321993, 37.8765507711935 ], [ -122.309847955110996, 37.876554999557897 ], [ -122.309848710804999, 37.876574999596301 ], [ -122.309846756306001, 37.876594999631003 ], [ -122.309865999671999, 37.876614380935699 ], [ -122.309866474253994, 37.876614999868501 ], [ -122.309880098812002, 37.876634999559002 ], [ -122.309886000310996, 37.876645541533698 ], [ -122.309895196916997, 37.876654999668098 ], [ -122.309905711612998, 37.876674999850799 ], [ -122.309906000103993, 37.876675787932697 ], [ -122.309912771379999, 37.876694999973999 ], [ -122.309909442421002, 37.876714999481997 ], [ -122.309905999414994, 37.876723435860903 ], [ -122.309901952537999, 37.876734999927898 ], [ -122.309905999318005, 37.876747323257298 ], [ -122.309909107962994, 37.876755000009098 ], [ -122.309920245558004, 37.876774999894003 ], [ -122.309925999845007, 37.876792805310799 ], [ -122.309926735945993, 37.876794999283 ], [ -122.309933243437001, 37.8768149992422 ], [ -122.309944435728994, 37.876834999871598 ], [ -122.309945999801002, 37.876836643409902 ], [ -122.309965068159002, 37.876854999581603 ], [ -122.309965999314997, 37.876856133414499 ], [ -122.309984711038993, 37.876874999447402 ], [ -122.309986000424999, 37.876878702553 ], [ -122.309991914326005, 37.876894999502497 ], [ -122.309994508008998, 37.876915000140201 ], [ -122.309996820397004, 37.876934999895902 ], [ -122.309991379088999, 37.876954999591099 ], [ -122.310002339112998, 37.876975000189297 ], [ -122.310005999412994, 37.876981363383599 ], [ -122.310011274440996, 37.876995000183598 ], [ -122.310017078230004, 37.877015000192699 ], [ -122.310016950305993, 37.877035000149903 ], [ -122.310026000106006, 37.877044606872602 ], [ -122.310031288965007, 37.877054999571698 ], [ -122.310038211012994, 37.877074999641401 ], [ -122.310043177862994, 37.877095000469303 ], [ -122.310040305564996, 37.877115000185597 ], [ -122.310044460476007, 37.877135000452199 ], [ -122.310046000411006, 37.877140882584101 ], [ -122.310049692613006, 37.877154999770703 ], [ -122.310058954794997, 37.877174999766602 ], [ -122.310065999635, 37.877187202370997 ], [ -122.310070652782997, 37.877195000545697 ], [ -122.310073424091001, 37.877214999561403 ], [ -122.310073743694005, 37.877234998999299 ], [ -122.310079347107006, 37.877254999265404 ], [ -122.310085999589006, 37.877265445786598 ], [ -122.310094498907006, 37.877274999218599 ], [ -122.310105999458003, 37.877289040721102 ], [ -122.310110862344004, 37.877294999232397 ], [ -122.310115593481996, 37.877314999198298 ], [ -122.310122481405998, 37.8773349990214 ], [ -122.310125827847997, 37.877354999558001 ], [ -122.310126000116, 37.877356043625603 ], [ -122.310129837039, 37.877374999929202 ], [ -122.310129737596995, 37.877394999338598 ], [ -122.310130860309002, 37.8773954024308 ], [ -122.310146000261, 37.877400839096403 ], [ -122.310165999990005, 37.877402312066202 ], [ -122.310186000076001, 37.877406380992902 ], [ -122.310204781958006, 37.877414999447304 ], [ -122.310206000321003, 37.877415586958598 ], [ -122.310226000146997, 37.877420311849001 ], [ -122.310245999726007, 37.877425028642598 ], [ -122.310265999810994, 37.877428358807897 ], [ -122.310282771166001, 37.877434999484301 ], [ -122.310285999656998, 37.877436222243801 ], [ -122.310305999459999, 37.877439986118802 ], [ -122.310325999946997, 37.8774493837211 ], [ -122.310332962391001, 37.8774549994503 ], [ -122.310345999725996, 37.877468726092502 ], [ -122.310352219497005, 37.877474999492001 ], [ -122.310365999200002, 37.877493854279301 ], [ -122.310366902251005, 37.877494999448402 ], [ -122.310385999353997, 37.877514943178902 ], [ -122.310386061447005, 37.877514999571197 ], [ -122.310405999430003, 37.877532263650203 ], [ -122.310409149341993, 37.877534999609701 ], [ -122.310425999312002, 37.877548654612902 ], [ -122.310432909102005, 37.877554999301303 ], [ -122.310445999357995, 37.877571178710603 ], [ -122.310449405929006, 37.877574999402199 ], [ -122.310466000103006, 37.8775898488827 ], [ -122.310472493858995, 37.877594999428503 ], [ -122.310485999473002, 37.877609766222101 ], [ -122.310490268403996, 37.877615000109799 ], [ -122.310494659156006, 37.8776349994206 ], [ -122.310496146122006, 37.877654999770797 ], [ -122.310486863886993, 37.877674999683201 ], [ -122.310485999638004, 37.877676662991 ], [ -122.310474101628998, 37.877695000034599 ], [ -122.310465999396996, 37.877702604756898 ], [ -122.310445999370003, 37.8777103171562 ], [ -122.310438228345006, 37.877715000095797 ], [ -122.310425999266002, 37.877722937146402 ], [ -122.310405999286999, 37.877722455819502 ], [ -122.310385999280996, 37.877717986508301 ], [ -122.310375125430994, 37.877714999789099 ], [ -122.310365999870001, 37.877712982692103 ], [ -122.310345999860999, 37.877706261136602 ], [ -122.310325999590006, 37.877695174578903 ], [ -122.310325708383999, 37.877695000224101 ], [ -122.310305999386003, 37.877681247299698 ], [ -122.310300189225003, 37.877675000201897 ], [ -122.310285999502, 37.877660758557901 ], [ -122.310279066801996, 37.877655000082001 ], [ -122.310265999074005, 37.877647672603999 ], [ -122.310245998811993, 37.877639834366498 ], [ -122.310237679142006, 37.877634999714999 ], [ -122.310225999946994, 37.877629309250302 ], [ -122.310206000386998, 37.8776227118381 ], [ -122.310186000588004, 37.877619318669403 ], [ -122.310173201029002, 37.877614999498498 ], [ -122.310166000368, 37.877612662775299 ], [ -122.310145999807006, 37.877606512580698 ], [ -122.310125999749999, 37.877601486242298 ], [ -122.310107579657, 37.877594999668503 ], [ -122.310105999548995, 37.8775944614138 ], [ -122.310104688436994, 37.877594226615599 ], [ -122.310085999712001, 37.877590881967699 ], [ -122.310066000126994, 37.877589452171897 ], [ -122.310045999463, 37.877589021188598 ], [ -122.310025999963997, 37.877588627971797 ], [ -122.310005999306, 37.877586904847 ], [ -122.309985999551003, 37.877584657109303 ], [ -122.309965999699997, 37.877582923164503 ], [ -122.309945999716007, 37.877584138813297 ], [ -122.309925999404996, 37.877586119308098 ], [ -122.309905999511003, 37.877588039503799 ], [ -122.309886000106005, 37.877589310919902 ], [ -122.309866000102005, 37.877591116834502 ], [ -122.309845999632998, 37.877592686103299 ], [ -122.309835737957997, 37.877595000057397 ], [ -122.309825999690005, 37.877597189656001 ], [ -122.309805999971999, 37.8776043962458 ], [ -122.309797375247001, 37.877615000168397 ], [ -122.309795116646995, 37.8776349997582 ], [ -122.309794432947996, 37.877654999617498 ], [ -122.309786735672006, 37.877674999547999 ], [ -122.309786765989003, 37.8776950000562 ], [ -122.309785999997999, 37.877711666784897 ], [ -122.309785863637998, 37.877714999626399 ], [ -122.309785999671007, 37.877715311942502 ], [ -122.309793753630004, 37.877734999969 ], [ -122.309802392924993, 37.877755000280601 ], [ -122.309805999437003, 37.877760874117698 ], [ -122.309815230789994, 37.877774999832901 ], [ -122.309821718988999, 37.8777950001706 ], [ -122.309825999409995, 37.877799980112101 ], [ -122.309837453859004, 37.877814999728002 ], [ -122.309845999908006, 37.877832049538704 ], [ -122.309847303674999, 37.877835000123497 ], [ -122.309860173459001, 37.877854999956597 ], [ -122.309866000197005, 37.877864222444899 ], [ -122.309872459082001, 37.877875000238902 ], [ -122.309878392727001, 37.877895000454302 ], [ -122.309885999605001, 37.877911874886202 ], [ -122.309887949883006, 37.8779150001834 ], [ -122.309901886711998, 37.877935000161997 ], [ -122.309905999579996, 37.877941710072598 ], [ -122.309917151327994, 37.8779549997667 ], [ -122.309925999629002, 37.877968408498802 ], [ -122.309929649943001, 37.877975000441502 ], [ -122.309935843204002, 37.877994999254703 ], [ -122.309946000105001, 37.8780128440713 ], [ -122.309947938700006, 37.878014999591898 ], [ -122.309963023416998, 37.878034999056098 ], [ -122.309966000157004, 37.878038544596301 ], [ -122.309981320614995, 37.878054999645897 ], [ -122.309986000297002, 37.878060370512202 ], [ -122.309995517115993, 37.878074999113402 ], [ -122.310005999973001, 37.878089824167603 ], [ -122.310011030054994, 37.878094999324297 ], [ -122.310025999564999, 37.878112333047603 ], [ -122.310028076915003, 37.878114999689402 ], [ -122.310041396616995, 37.878134999839297 ], [ -122.310045999512994, 37.878144268382101 ], [ -122.310053360034004, 37.878154999110997 ], [ -122.310066000462996, 37.878167928093497 ], [ -122.310072678758004, 37.8781749998127 ], [ -122.310083797231997, 37.878194999155802 ], [ -122.310085999777002, 37.878197626493403 ], [ -122.310102547737003, 37.878214999997297 ], [ -122.310106000225005, 37.878220235224099 ], [ -122.310114568144002, 37.878234999965599 ], [ -122.310125887080005, 37.878254999943998 ], [ -122.310125999912003, 37.878255187632099 ], [ -122.310139935622999, 37.878274999545702 ], [ -122.310146000122998, 37.878281849129202 ], [ -122.310158631479993, 37.878294999631898 ], [ -122.310165999549994, 37.878302429686698 ], [ -122.310178557200999, 37.878314999426301 ], [ -122.310185999840002, 37.878323333258102 ], [ -122.310199388266994, 37.878334999779 ], [ -122.310206000210997, 37.878349592525403 ], [ -122.310209222287, 37.8783549995524 ], [ -122.310219649616002, 37.878374999596602 ], [ -122.310225999942006, 37.878380150219598 ], [ -122.310240890670997, 37.878395000145403 ], [ -122.310245998897997, 37.878400344752997 ], [ -122.310254095448997, 37.878414999787601 ], [ -122.310265999677, 37.878431304638397 ], [ -122.310269058496999, 37.878434999760003 ], [ -122.310282363523996, 37.878455000168003 ], [ -122.310285999287004, 37.878460601684601 ], [ -122.310294742709999, 37.878474999509102 ], [ -122.310305998724004, 37.878487160593103 ], [ -122.310315424677995, 37.878495000015 ], [ -122.310325999678994, 37.8785109624352 ], [ -122.310328196770001, 37.878514999884402 ], [ -122.310338365668002, 37.878535000397399 ], [ -122.310345998765001, 37.878546110981397 ], [ -122.310353704554004, 37.878555000320397 ], [ -122.310365999770994, 37.878570098178301 ], [ -122.310370778925005, 37.8785750001108 ], [ -122.310385999630995, 37.878592460327802 ], [ -122.310387485480007, 37.878594999784298 ], [ -122.310400274707007, 37.878615000216499 ], [ -122.310405999143001, 37.878628211732902 ], [ -122.310411798743999, 37.878634999819504 ], [ -122.310425999312002, 37.878650361513898 ], [ -122.310429896932007, 37.878655000579698 ], [ -122.310441673778001, 37.878674999810201 ], [ -122.310445999101006, 37.878679623439503 ], [ -122.310458243748002, 37.878695000305598 ], [ -122.310465999868001, 37.878709285761097 ], [ -122.310470063910998, 37.878715000499 ], [ -122.310485999066003, 37.878731993437 ], [ -122.310490150381, 37.878734999848803 ], [ -122.310505999274994, 37.878747534960901 ], [ -122.310512250231994, 37.8787550000091 ], [ -122.310525163628, 37.878774999837198 ], [ -122.310525999633995, 37.878777551808398 ], [ -122.310532315971997, 37.878794999047699 ], [ -122.310542875550993, 37.878814999219102 ], [ -122.310545999408006, 37.8788203586397 ], [ -122.310555509992994, 37.878834999917999 ], [ -122.310565944310994, 37.878854999800701 ], [ -122.310566000020003, 37.878855070712902 ], [ -122.310585681255006, 37.878874999569298 ], [ -122.310585999775995, 37.878875357859499 ], [ -122.310605469451005, 37.878894999247301 ], [ -122.310606000128004, 37.878895516317797 ], [ -122.310621148994997, 37.8789149997761 ], [ -122.310625999761001, 37.878922369413203 ], [ -122.310637189518005, 37.878934999648699 ], [ -122.310646000082002, 37.878942415388998 ], [ -122.310660700401002, 37.8789549995996 ], [ -122.310665999495995, 37.878960991980499 ], [ -122.310676176114001, 37.878974999548703 ], [ -122.310685999995002, 37.878989865135701 ], [ -122.310689630520002, 37.878994999737699 ], [ -122.310702963072998, 37.879014999573101 ], [ -122.310705999853994, 37.879018089533098 ], [ -122.310724426478998, 37.879034999358602 ], [ -122.310726000014, 37.879037242882703 ], [ -122.310740312190006, 37.879054999501001 ], [ -122.310746000131005, 37.879066692817702 ], [ -122.310750255789998, 37.879074999823303 ], [ -122.310766000317003, 37.879092748644503 ], [ -122.310768097934996, 37.879095000069299 ], [ -122.310784990333005, 37.879114999711199 ], [ -122.310785999665995, 37.879116414574703 ], [ -122.310799730484007, 37.879135000317099 ], [ -122.310805999631995, 37.879142314731602 ], [ -122.310818736461002, 37.879154999733302 ], [ -122.310826000323999, 37.879166946131697 ], [ -122.310833037045001, 37.879174999804498 ], [ -122.310845999939005, 37.8791846399725 ], [ -122.310855772565006, 37.879195000258299 ], [ -122.310862382997001, 37.879214999992598 ], [ -122.310866000371007, 37.879223177119101 ], [ -122.310875343255006, 37.879234999783499 ], [ -122.310885999524004, 37.879241888653901 ], [ -122.310897122217995, 37.879254999760299 ], [ -122.310905999447002, 37.879273727578202 ], [ -122.310906867745004, 37.879275000287301 ], [ -122.310923402661999, 37.8792950004988 ], [ -122.310926000397998, 37.879298660396103 ], [ -122.310938651895, 37.879315000280499 ], [ -122.310945999842005, 37.879325167917102 ], [ -122.310954201789002, 37.879335000567202 ], [ -122.310966000305001, 37.879351265099501 ], [ -122.310969087760995, 37.879355000144599 ], [ -122.310983265423999, 37.879374999867998 ], [ -122.310986000184002, 37.8793785239518 ], [ -122.310998872274993, 37.879394999951998 ], [ -122.311005999797004, 37.8794015662709 ], [ -122.311021136454997, 37.879415000458401 ], [ -122.311025999776007, 37.879420781664699 ], [ -122.311036916399004, 37.879434999902699 ], [ -122.311045362634005, 37.879455000255 ], [ -122.311045999352004, 37.879455742934098 ], [ -122.311065587277994, 37.8794750004527 ], [ -122.311065999180997, 37.879475616989502 ], [ -122.311079489402005, 37.879495000075003 ], [ -122.311085999414999, 37.879502183861497 ], [ -122.311095614446998, 37.879515000062398 ], [ -122.311105999039995, 37.879532347304803 ], [ -122.311108200188002, 37.879535000746699 ], [ -122.311123220593004, 37.879554999516301 ], [ -122.311125999354005, 37.879559358678101 ], [ -122.311139552908998, 37.879574999104499 ], [ -122.311145998873002, 37.879586786678203 ], [ -122.311155042563001, 37.879594999627898 ], [ -122.311165998977998, 37.879602054557203 ], [ -122.311175140860996, 37.8796149995432 ], [ -122.311185999154006, 37.879630167298103 ], [ -122.311190504118997, 37.879634999798 ], [ -122.311203510089001, 37.879654999575699 ], [ -122.311205999658, 37.879657662756202 ], [ -122.311220820665, 37.879674999202699 ], [ -122.311225999906, 37.8796843375845 ], [ -122.311233621680003, 37.879694999326901 ], [ -122.311245999500002, 37.879708259886499 ], [ -122.311252828359997, 37.879714999311503 ], [ -122.311265999336996, 37.879734330040499 ], [ -122.311266514227, 37.879734999481101 ], [ -122.311283536757998, 37.879755000150197 ], [ -122.311285999709995, 37.879757833907099 ], [ -122.311299373777004, 37.879774999363001 ], [ -122.311305999479004, 37.879782129619997 ], [ -122.311320032473006, 37.8797950001562 ], [ -122.311325999893995, 37.879803604395597 ], [ -122.311334012171002, 37.879815000056503 ], [ -122.311345999704002, 37.879832771702901 ], [ -122.311348376780998, 37.879834999737703 ], [ -122.311364681903001, 37.879854999821497 ], [ -122.311365999483996, 37.879857103398997 ], [ -122.311377239292, 37.879875000126397 ], [ -122.311385999551007, 37.8798856507224 ], [ -122.311396140848998, 37.87989499967 ], [ -122.311405999249999, 37.879909572997803 ], [ -122.311410913184005, 37.879914999586802 ], [ -122.311425999742994, 37.879928944887403 ], [ -122.311432644687002, 37.879935000387498 ], [ -122.311446000063, 37.879946687211401 ], [ -122.311455801920999, 37.879954999808199 ], [ -122.311465999467003, 37.879965912445797 ], [ -122.311477576696007, 37.879974999767398 ], [ -122.311485426377004, 37.879994999889 ], [ -122.311485999618995, 37.8799958994571 ], [ -122.311500237478995, 37.8800149999486 ], [ -122.311505999573995, 37.880019791118301 ], [ -122.311518059562999, 37.880035000477697 ], [ -122.311525999340006, 37.880044967716799 ], [ -122.311535976146999, 37.880055000083402 ], [ -122.311545999369002, 37.880065060348997 ], [ -122.311554766200999, 37.880074999952498 ], [ -122.311565999563996, 37.880092722223701 ], [ -122.311567922687004, 37.880095000392998 ], [ -122.311582875040003, 37.880115000420901 ], [ -122.311585999670001, 37.880119052370098 ], [ -122.311598046029999, 37.880134999833501 ], [ -122.311605999999003, 37.880148009070702 ], [ -122.311611356265999, 37.880155000006503 ], [ -122.311626000247003, 37.8801737525284 ], [ -122.311627330142997, 37.880175000141399 ], [ -122.311645696621994, 37.880195000060901 ], [ -122.311646000135994, 37.880195462116497 ], [ -122.311661937002, 37.880215000455003 ], [ -122.311666000385998, 37.880220466819402 ], [ -122.311680699787004, 37.880234999931503 ], [ -122.311685999554001, 37.8802407502073 ], [ -122.311695295773006, 37.880255000514801 ], [ -122.311706000523003, 37.880274448008997 ], [ -122.311706404774, 37.880275000804303 ], [ -122.311725788220997, 37.880295000011699 ], [ -122.311725999909001, 37.880295254179501 ], [ -122.311742436339003, 37.880315000636998 ], [ -122.311745999519999, 37.8803194985381 ], [ -122.311760000011006, 37.880334999813797 ], [ -122.311766000375997, 37.880339281583701 ], [ -122.311781683872994, 37.880354999673798 ], [ -122.311786000100994, 37.880360651022997 ], [ -122.311796635196004, 37.880374999696897 ], [ -122.311805999962004, 37.880389329659103 ], [ -122.311810182396002, 37.880394999782503 ], [ -122.311824317204994, 37.880414999340701 ], [ -122.311825999006999, 37.880417169679703 ], [ -122.311845582057003, 37.880435000066001 ], [ -122.311845999080006, 37.880435523820601 ], [ -122.311864641051002, 37.880455000106203 ], [ -122.311865999353003, 37.880456577401603 ], [ -122.311879294036004, 37.880474999570502 ], [ -122.311885999769004, 37.880486637231797 ], [ -122.311891738938002, 37.8804950001945 ], [ -122.311905929583006, 37.880514999567602 ], [ -122.311905999423999, 37.880515085503802 ], [ -122.311924674325994, 37.880535000256103 ], [ -122.311925999902002, 37.880536845426903 ], [ -122.311940691615007, 37.880554999515802 ], [ -122.311945999863994, 37.8805625357517 ], [ -122.311954646583004, 37.880574999826301 ], [ -122.311965998980995, 37.880594285448701 ], [ -122.311966559685999, 37.8805949998942 ], [ -122.311983708986006, 37.880614999827998 ], [ -122.311985998915006, 37.880617354604802 ], [ -122.312001452754998, 37.880635000000296 ], [ -122.312005999248996, 37.880639292681799 ], [ -122.312021026579004, 37.880654999993403 ], [ -122.312025999344002, 37.880660005211297 ], [ -122.312041194873004, 37.880675000224201 ], [ -122.312045999008006, 37.880682179046801 ], [ -122.312055506316995, 37.880694999952397 ], [ -122.312065999942007, 37.880710369922298 ], [ -122.312069346307993, 37.8807149997671 ], [ -122.312081890371999, 37.880735000261602 ], [ -122.312085999789005, 37.880743357733401 ], [ -122.312093616770994, 37.880755000317102 ], [ -122.312105999194003, 37.880768731309203 ], [ -122.312112180523997, 37.880774999967599 ], [ -122.312125999141003, 37.880794601569903 ], [ -122.312126315512998, 37.880795000389497 ], [ -122.312139247928997, 37.8808150005923 ], [ -122.312145999327001, 37.8808214751175 ], [ -122.312158288860999, 37.8808350000375 ], [ -122.312165999675997, 37.880851931725097 ], [ -122.31216825928, 37.880855000637098 ], [ -122.312182486514999, 37.880875000174903 ], [ -122.312185999324996, 37.880883914430697 ], [ -122.312190730520001, 37.880895000754002 ], [ -122.312204586518007, 37.880915000246098 ], [ -122.312205999935998, 37.8809163704178 ], [ -122.312221289559005, 37.880935000651299 ], [ -122.312226000264005, 37.880942619478397 ], [ -122.312236649926007, 37.880954999938801 ], [ -122.312245999601004, 37.8809673604637 ], [ -122.312253362090004, 37.880975000164 ], [ -122.312265999274999, 37.8809901569376 ], [ -122.312270199539995, 37.880995000671803 ], [ -122.312285172746002, 37.881015000217303 ], [ -122.312285999948998, 37.881016305202898 ], [ -122.312297399187003, 37.8810350005147 ], [ -122.312305999253994, 37.881049564735598 ], [ -122.312310173379004, 37.8810550001512 ], [ -122.312319422987997, 37.881075000236002 ], [ -122.312325999281001, 37.881090224336297 ], [ -122.312329106506994, 37.881095000954701 ], [ -122.312345999395006, 37.881106504323597 ], [ -122.312353823354002, 37.881114999846297 ], [ -122.312365999877002, 37.881132496912301 ], [ -122.312367530258001, 37.881134999495501 ], [ -122.312375545438996, 37.881154999975003 ], [ -122.312383223514999, 37.881174999753398 ], [ -122.312385999984002, 37.8811822680372 ], [ -122.312393406981002, 37.881194999829098 ], [ -122.31240207127, 37.881214999492897 ], [ -122.312405999812995, 37.8812277137501 ], [ -122.312409857565001, 37.881234999883198 ], [ -122.312420355365006, 37.881255000196703 ], [ -122.312426000076002, 37.881263250680199 ], [ -122.312435376492999, 37.881274999701397 ], [ -122.312446000150004, 37.881292658065703 ], [ -122.312447711193997, 37.8812949996979 ], [ -122.312463972512006, 37.881314999588596 ], [ -122.31246600019, 37.881318818013597 ], [ -122.312475377984001, 37.881335000397797 ], [ -122.312480515404999, 37.881354999654697 ], [ -122.312486000432003, 37.8813673356781 ], [ -122.312490616947997, 37.8813750004024 ], [ -122.312502580426994, 37.881395000351098 ], [ -122.312504723833996, 37.881398435922598 ], [ -122.310981079198001, 37.881710908043097 ], [ -122.308630547186993, 37.882192907568601 ], [ -122.308549795860003, 37.882209466812803 ], [ -122.308535006103, 37.882212500346697 ], [ -122.308272278022997, 37.882264427975599 ], [ -122.308205159742002, 37.882275788290102 ], [ -122.308203547862007, 37.882268863734403 ], [ -122.308107813784005, 37.8818574530899 ], [ -122.308095600824998, 37.881856778347398 ], [ -122.307774599282993, 37.881839036710197 ], [ -122.307623723020001, 37.881812489841401 ], [ -122.307591587925003, 37.881806834462097 ], [ -122.307587713290005, 37.881808115642798 ], [ -122.307518093466001, 37.8817954536541 ], [ -122.307029163684007, 37.881878007436001 ], [ -122.306981434633002, 37.881886247969497 ], [ -122.306946279938998, 37.881892477647 ], [ -122.306784674265003, 37.881919295291397 ], [ -122.306646437379996, 37.881935142769599 ], [ -122.306537649749998, 37.881951232822303 ], [ -122.306284658894, 37.881977885652802 ], [ -122.306070934513002, 37.882000402552599 ], [ -122.305889525092994, 37.882019515723997 ], [ -122.305868773227999, 37.882021206725803 ], [ -122.305522830292006, 37.882046411481397 ], [ -122.304518572779003, 37.8821489739491 ], [ -122.303590509944001, 37.882249678895299 ], [ -122.303400179101999, 37.882271497960097 ], [ -122.303383117712002, 37.882273363321097 ], [ -122.303265438262997, 37.882285678122997 ], [ -122.302918195681002, 37.882321750233302 ], [ -122.302451500963002, 37.882369391915397 ], [ -122.302186075834001, 37.882428379133103 ], [ -122.300278265141998, 37.882856460874002 ], [ -122.300085288713007, 37.882901975142801 ], [ -122.300066213315006, 37.882901530129203 ], [ -122.299639710918001, 37.882891612001004 ], [ -122.299279065468994, 37.882872624313997 ], [ -122.299225039787004, 37.882869779743402 ], [ -122.298875420325999, 37.882886768198297 ], [ -122.298644991060996, 37.882888224029898 ], [ -122.298466123273997, 37.882943816791602 ], [ -122.298440277199006, 37.882949706344803 ], [ -122.298023605867002, 37.883082517636403 ], [ -122.298004117204997, 37.8830886101495 ], [ -122.297812570890997, 37.883148913242401 ], [ -122.297814522197001, 37.883154942403898 ], [ -122.297465488523997, 37.883268073946297 ], [ -122.297388088733001, 37.883291907494097 ], [ -122.297385066100006, 37.883283808577801 ], [ -122.297384964383994, 37.883283536982702 ], [ -122.297374800447997, 37.883286735192101 ], [ -122.297348799098003, 37.8832949202016 ], [ -122.297350135233998, 37.883298679226002 ], [ -122.297162230346999, 37.883362598959998 ], [ -122.296963434111007, 37.8834302208924 ], [ -122.296606380951999, 37.883474548123502 ], [ -122.296604720291995, 37.883468152555501 ], [ -122.296590462409, 37.883413235516997 ], [ -122.296494923574002, 37.883117349841797 ], [ -122.296483996198006, 37.883119457620197 ], [ -122.296248645358006, 37.883164853586699 ], [ -122.296240840172004, 37.883158848265097 ], [ -122.296122304671002, 37.883067649021797 ], [ -122.295964888232007, 37.882946529980401 ], [ -122.295956433420997, 37.882945225094197 ], [ -122.295709358297998, 37.882907090788201 ], [ -122.295204569174004, 37.882849787080197 ], [ -122.295155016888003, 37.882843481702501 ], [ -122.295149750933007, 37.8828428122075 ], [ -122.295139570746002, 37.882838234364101 ], [ -122.294864338465999, 37.882714451237298 ], [ -122.294861904621996, 37.882714334028101 ], [ -122.294755960770004, 37.882709239449902 ], [ -122.294565582713005, 37.882665503949497 ], [ -122.294562028650006, 37.882662760014199 ], [ -122.294458359765002, 37.882582706943701 ], [ -122.294454064904997, 37.882584628299902 ], [ -122.294256602003003, 37.882672958197901 ], [ -122.294221626142999, 37.8827124314383 ], [ -122.294151565297994, 37.8827914996481 ], [ -122.294030364329004, 37.882928278836602 ], [ -122.293943348870997, 37.882972083572 ], [ -122.293790801846001, 37.883048877561897 ], [ -122.293733320756004, 37.883077814941998 ], [ -122.293415790386007, 37.882974519698699 ], [ -122.293293077778998, 37.882934599552001 ], [ -122.293084307195002, 37.883060785438097 ], [ -122.293072362055, 37.883055058804203 ], [ -122.292837581084996, 37.882942498675803 ], [ -122.292752024039004, 37.882876754132198 ], [ -122.292747037598005, 37.882878109164601 ], [ -122.292542861485003, 37.882933607100398 ], [ -122.292468044355999, 37.8829218275594 ], [ -122.292332163913002, 37.882900430527499 ], [ -122.292213833462995, 37.882949007465697 ], [ -122.292178792201, 37.883029770071097 ], [ -122.292159420670004, 37.883074421694097 ], [ -122.292008177110006, 37.8831433745151 ], [ -122.291996591468006, 37.883137670600902 ], [ -122.291846936995995, 37.883063997095903 ], [ -122.291845194958, 37.883064679138798 ], [ -122.291745940850006, 37.883103553838303 ], [ -122.291686034392001, 37.883178902915098 ], [ -122.291670135651003, 37.883198905277801 ], [ -122.29166278932, 37.883208144496599 ], [ -122.291615388866006, 37.883267770697103 ], [ -122.291540188035995, 37.883258567763498 ], [ -122.291522725697007, 37.883256425929602 ], [ -122.291520134462999, 37.883252765503599 ], [ -122.291459144116004, 37.883166590300199 ], [ -122.291458573951999, 37.883165784162202 ], [ -122.291405602411999, 37.8830909301616 ], [ -122.291382283640004, 37.8830579844604 ], [ -122.291372412681994, 37.883057737483803 ], [ -122.291287305360996, 37.883055605359999 ], [ -122.291262241010003, 37.8830549772916 ], [ -122.291103355812993, 37.883094988514898 ], [ -122.290963494821, 37.883180055089298 ], [ -122.290897685017995, 37.883168247432899 ], [ -122.290848411837004, 37.883159406481496 ], [ -122.290784262130003, 37.883150603025399 ], [ -122.290728428549002, 37.883160242534402 ], [ -122.290719313523994, 37.883161812184902 ], [ -122.290705516851006, 37.883164092095697 ], [ -122.290632993794006, 37.883176081100899 ], [ -122.290623810762995, 37.883178592344798 ], [ -122.290560418574003, 37.883197424590698 ], [ -122.290548770439003, 37.8832013290113 ], [ -122.290541329115996, 37.883194433666098 ], [ -122.290384842362002, 37.883049424041701 ], [ -122.290374874574994, 37.883047462892598 ], [ -122.290199894119993, 37.883013033815402 ], [ -122.289901163153999, 37.882947095050199 ], [ -122.289867259198004, 37.882939610594399 ], [ -122.289863327543998, 37.882941831686502 ], [ -122.289483960327004, 37.883156269658997 ], [ -122.289431419821994, 37.883142466839999 ], [ -122.289241237103994, 37.883174422956401 ], [ -122.288098334202999, 37.882823760530599 ], [ -122.287843284607007, 37.882767482560702 ], [ -122.287686333745, 37.882724630226598 ], [ -122.286629437849996, 37.882333207341098 ], [ -122.284775868365003, 37.882373249199603 ], [ -122.284751970876002, 37.882372297917499 ], [ -122.284729530611997, 37.882371406160203 ], [ -122.284585921616994, 37.882365707107098 ], [ -122.284306969548993, 37.882438592803403 ], [ -122.284304716245998, 37.882439017227298 ], [ -122.284255214766006, 37.882448299199297 ], [ -122.284171905012997, 37.882448539308399 ], [ -122.284085412986002, 37.8824488030547 ], [ -122.283913214589006, 37.882421877520201 ], [ -122.283900782486995, 37.882417034773397 ], [ -122.283777342159993, 37.882368953094797 ], [ -122.283776755364997, 37.882368905777703 ], [ -122.283576045372996, 37.8823526462741 ], [ -122.283554896736007, 37.882350938779503 ], [ -122.283463645221005, 37.882417860554703 ], [ -122.283430611029999, 37.882442085911897 ], [ -122.283378486442999, 37.882453935113098 ], [ -122.283237499500004, 37.882482620233098 ], [ -122.283123833410002, 37.882511813727902 ], [ -122.283114444847996, 37.882505869200301 ], [ -122.283014742605999, 37.882442737382398 ], [ -122.282970807366993, 37.8824173062402 ], [ -122.282969766072995, 37.882419384818803 ], [ -122.282935813357994, 37.882487157576897 ], [ -122.282914554729999, 37.882528021126603 ], [ -122.282874887009001, 37.882607590236603 ], [ -122.282856704064002, 37.882644262425202 ], [ -122.282836868705004, 37.882683700573402 ], [ -122.282798829835997, 37.882759811287997 ], [ -122.282772349092994, 37.8828117194534 ], [ -122.282752470488006, 37.882849779001702 ], [ -122.282740095262, 37.882877777180298 ], [ -122.282682938734993, 37.882988151919903 ], [ -122.282622801559995, 37.883104275532197 ], [ -122.282564754055997, 37.883216366900299 ], [ -122.282504363678996, 37.883332975761697 ], [ -122.282453916598001, 37.883430387853601 ], [ -122.282348557492995, 37.883633834295097 ], [ -122.282311953120995, 37.883699012763003 ], [ -122.282291973794997, 37.883732960216101 ], [ -122.282235537054007, 37.883836128852501 ], [ -122.282228273829006, 37.883850975297896 ], [ -122.282203770052007, 37.883895208137403 ], [ -122.282200698685003, 37.883900517848303 ], [ -122.282179181936996, 37.883938468082697 ], [ -122.282129217011004, 37.884026577624802 ], [ -122.282120938515007, 37.884042490753203 ], [ -122.282109338113003, 37.884064648757402 ], [ -122.282095464047003, 37.884090713789 ], [ -122.282066618540995, 37.884142785537797 ], [ -122.282066176808996, 37.884143574974402 ], [ -122.282032495916994, 37.884256015084397 ], [ -122.282016530600004, 37.8843125703144 ], [ -122.282007963170997, 37.884342587134299 ], [ -122.282003633041995, 37.8843573804727 ], [ -122.281993909703999, 37.884390612699498 ], [ -122.281971097958007, 37.884468597522599 ], [ -122.281955641866006, 37.8845214232473 ], [ -122.281942154079999, 37.884567534050198 ], [ -122.281941620848002, 37.884569357307299 ], [ -122.281969343274, 37.884575691949102 ], [ -122.281983062826995, 37.884578825969797 ], [ -122.281951829137, 37.884690335891101 ], [ -122.281885712082001, 37.884926384167002 ], [ -122.281815301245004, 37.885136757037898 ], [ -122.281814563173, 37.885138959410497 ], [ -122.281837205830001, 37.885143440815 ], [ -122.281859823101001, 37.885147201051602 ], [ -122.281884174365004, 37.885150272342798 ], [ -122.281911971707004, 37.885153975435898 ], [ -122.281932830958993, 37.885156402287102 ], [ -122.281958900855003, 37.885159439074599 ], [ -122.281981461819001, 37.885161164092104 ], [ -122.282005763146003, 37.885162857801497 ], [ -122.282028335139003, 37.885164570903001 ], [ -122.282056076261, 37.885165531515199 ], [ -122.282078635589002, 37.885166567292003 ], [ -122.282102896050006, 37.885166882352301 ], [ -122.282139297021999, 37.885167019559198 ], [ -122.282167028510997, 37.885167290175602 ], [ -122.282194724847002, 37.885166182947302 ], [ -122.282222436482002, 37.885165764675001 ], [ -122.282244926944003, 37.885164054614201 ], [ -122.282270880135002, 37.8851622894747 ], [ -122.282298546277005, 37.885159817786601 ], [ -122.282326212868995, 37.885157323588302 ], [ -122.282352113705997, 37.885153504263698 ], [ -122.282400480505004, 37.885147283356297 ], [ -122.282434989001004, 37.885141264891203 ], [ -122.282460873413001, 37.885136757501499 ], [ -122.282488457526, 37.885130847360401 ], [ -122.282514328876999, 37.885125650054 ], [ -122.282538447977004, 37.885119795026199 ], [ -122.282560855455003, 37.885114652813598 ], [ -122.282586674111002, 37.885107390532802 ], [ -122.282627990422, 37.885096469000402 ], [ -122.282653832253999, 37.885089892818101 ], [ -122.282662426418, 37.8850874752805 ], [ -122.282673456213999, 37.885084372535999 ], [ -122.282681860455, 37.885115517885701 ], [ -122.282752710324004, 37.885378050512898 ], [ -122.282721463745006, 37.885459219336703 ], [ -122.282652497290002, 37.8856383787735 ], [ -122.282551272445005, 37.885901329334601 ], [ -122.282490010358998, 37.886060482402002 ], [ -122.282394474287003, 37.886325304161701 ], [ -122.282394006971998, 37.886326599778599 ], [ -122.282430119859995, 37.886336286661603 ], [ -122.282443781858007, 37.886339949918899 ], [ -122.282342777883997, 37.886628776374302 ], [ -122.282267427150003, 37.886816942615702 ], [ -122.282268213381997, 37.886868080894303 ], [ -122.282169623144, 37.887123629521703 ], [ -122.282124074169005, 37.887246994115003 ], [ -122.282072255604007, 37.887385089937702 ], [ -122.282023024178997, 37.887512338819903 ], [ -122.281972828430995, 37.887644911293002 ], [ -122.281925145147, 37.887774127358703 ], [ -122.281875410576006, 37.887908876648801 ], [ -122.281825365046004, 37.888044490246401 ], [ -122.281778506796996, 37.888171458127701 ], [ -122.281731102831998, 37.888304294121198 ], [ -122.281685217410001, 37.888434194831703 ], [ -122.281665860605003, 37.888488999577 ], [ -122.281697661942999, 37.888586626019098 ], [ -122.281739222913998, 37.888714201442902 ], [ -122.281781280738997, 37.888843314177102 ], [ -122.281829027458002, 37.888989878473502 ], [ -122.281885945140004, 37.889164595213401 ], [ -122.281992137623007, 37.889490581906301 ], [ -122.282081247741004, 37.889766133421702 ], [ -122.282122497501007, 37.889894815123803 ], [ -122.282164293167, 37.890025223061997 ], [ -122.282202855658994, 37.890145506651301 ], [ -122.282241354796, 37.890265613273598 ], [ -122.282280888534999, 37.890388981808897 ], [ -122.282319694807995, 37.890510151541697 ], [ -122.282359800905994, 37.890635362774901 ], [ -122.282396350377994, 37.890749480424503 ], [ -122.282433137490997, 37.890864328688401 ], [ -122.282468592312, 37.8909750343729 ], [ -122.282485121809003, 37.891026638901202 ], [ -122.282588378981004, 37.891283167166598 ], [ -122.282590669781001, 37.891288858968103 ], [ -122.282655443552997, 37.891284538530897 ], [ -122.283003369387998, 37.891267610581302 ], [ -122.283169340073002, 37.891251370994503 ], [ -122.283338957919, 37.891241939910401 ], [ -122.283515320080994, 37.891225544377598 ], [ -122.283757644336006, 37.891212951804398 ], [ -122.284093539341995, 37.8912003312129 ], [ -122.284557979777006, 37.891200182789802 ], [ -122.284597764156999, 37.891197521263202 ], [ -122.284644458423003, 37.891187575564103 ], [ -122.284677397755999, 37.891186110624503 ], [ -122.284760339498007, 37.891183382185702 ], [ -122.284843655236998, 37.8911889923004 ], [ -122.284933557412998, 37.891180077275003 ], [ -122.284933361960995, 37.8911718423414 ], [ -122.285097871955003, 37.891166613667203 ], [ -122.285177387537004, 37.891158542336001 ], [ -122.285302026370005, 37.891152534082103 ], [ -122.285409575336999, 37.891157091057899 ], [ -122.285871357635003, 37.891118519513299 ], [ -122.285965320472002, 37.891114060489699 ], [ -122.286020228268995, 37.8911114531777 ], [ -122.286193350177001, 37.8911040388423 ], [ -122.286230303639996, 37.891099233378199 ], [ -122.286271095051006, 37.891093932759702 ], [ -122.286374914888, 37.891087552554801 ], [ -122.286539391312999, 37.891080261974203 ], [ -122.286710775928995, 37.891073546757099 ], [ -122.287058064188997, 37.891053656093 ], [ -122.286706717154999, 37.898521846669901 ], [ -122.286534501077, 37.8986052933937 ], [ -122.286531794639998, 37.898606523716602 ], [ -122.286517972892, 37.898613301717099 ], [ -122.286443541571998, 37.898649365376102 ], [ -122.286372473086004, 37.898683800142997 ], [ -122.286296708191003, 37.898704171239601 ], [ -122.285964426665004, 37.898796403981997 ], [ -122.285775390582003, 37.8988443566897 ], [ -122.285754269475007, 37.898849713374702 ], [ -122.285675989105997, 37.8988720593821 ], [ -122.285538586491001, 37.898909743943904 ], [ -122.285404194584004, 37.898948445377201 ], [ -122.285272884169004, 37.898986265545403 ], [ -122.285204937797999, 37.899005832877997 ], [ -122.285162082680998, 37.899017295556 ], [ -122.285117129235999, 37.899030358447497 ], [ -122.285118351454003, 37.8990307688805 ], [ -122.285015457952994, 37.899060402821597 ], [ -122.284918451799001, 37.899088342702797 ], [ -122.284680218708999, 37.899159843556099 ], [ -122.284454754338, 37.899225748773503 ], [ -122.284170705712, 37.899305577537298 ], [ -122.284038522027998, 37.8994304974023 ], [ -122.283918446960996, 37.899554542384102 ], [ -122.283808426921993, 37.899664009717199 ], [ -122.283778809474995, 37.8997296961996 ], [ -122.283657147984002, 37.900004149918502 ], [ -122.283367526513004, 37.900068958773097 ], [ -122.283064078267003, 37.900135334711401 ], [ -122.282796819601998, 37.900192934832099 ], [ -122.282655844258002, 37.9002191043446 ], [ -122.282552593388004, 37.900241358190399 ], [ -122.282258130152002, 37.900304822135404 ], [ -122.282258807231003, 37.900307490688498 ], [ -122.282012384357998, 37.900366834301799 ], [ -122.282026303118002, 37.900354806404003 ], [ -122.281445085881998, 37.900482324917299 ], [ -122.281432856318006, 37.900485007609497 ], [ -122.281026094246997, 37.900579483759799 ], [ -122.280815996764005, 37.9006196172095 ], [ -122.280788486090998, 37.900625586646797 ], [ -122.280754946211005, 37.900632865618498 ], [ -122.280404410177994, 37.900708927142603 ], [ -122.280244977411002, 37.900747138457398 ], [ -122.280153251044993, 37.900763424142198 ], [ -122.280062653661005, 37.900783082381999 ], [ -122.280041619418995, 37.9007839526476 ], [ -122.280038313503994, 37.900783831901101 ], [ -122.280037870510995, 37.9007839105033 ], [ -122.279718718666999, 37.900774294995003 ], [ -122.279630132690002, 37.900768955809497 ], [ -122.279429812407997, 37.900761655734001 ], [ -122.279111697518005, 37.900750061834401 ], [ -122.279099337142995, 37.900749610939201 ], [ -122.278806273791005, 37.9007389297347 ], [ -122.278799520582993, 37.900741004265299 ], [ -122.278794115427004, 37.900740849565601 ], [ -122.278789227133998, 37.900744166407897 ], [ -122.278546810769996, 37.900908688093097 ], [ -122.278403442886002, 37.901000817925798 ], [ -122.278254896251994, 37.901094368620498 ], [ -122.278125440983999, 37.901189017973003 ], [ -122.277971876430996, 37.901290224653003 ], [ -122.277748620363994, 37.901448776030101 ], [ -122.27773461228, 37.901442805353 ], [ -122.277683463638994, 37.901477913118697 ], [ -122.277407141395003, 37.9016640396894 ], [ -122.277304821304995, 37.901734238244103 ], [ -122.277332081512995, 37.901786715990099 ], [ -122.277386527936002, 37.901888897862698 ], [ -122.277441292703003, 37.9020041253847 ], [ -122.277479331551007, 37.902086793146601 ], [ -122.277483343205006, 37.9020955090322 ], [ -122.277493292578995, 37.902114507705903 ], [ -122.277542125896005, 37.902211446690103 ], [ -122.277667893238004, 37.9024611012252 ], [ -122.277683733480004, 37.9024925448931 ], [ -122.277752041103, 37.902628145136198 ], [ -122.277789829640994, 37.902703161997799 ], [ -122.277798680247997, 37.902719924787 ], [ -122.278004672267002, 37.903117769853303 ], [ -122.277862152683994, 37.9031514853083 ], [ -122.277387327691002, 37.903265082997997 ], [ -122.277369795298995, 37.9032692776996 ], [ -122.277055685481002, 37.903344429098503 ], [ -122.276756057363997, 37.903416112391398 ], [ -122.276628953406004, 37.90344651953 ], [ -122.276307931082002, 37.903523321658803 ], [ -122.276048650201005, 37.903585348614698 ], [ -122.275756277279001, 37.903655294610303 ], [ -122.275632474738998, 37.903684909225603 ], [ -122.274902687269005, 37.903859493040898 ], [ -122.274824647962006, 37.903878159626501 ], [ -122.274508926001999, 37.9041860366642 ], [ -122.274409200671002, 37.904283279348597 ], [ -122.274112502196004, 37.904572690612603 ], [ -122.273821958192997, 37.904859688179599 ], [ -122.273728859933996, 37.904954682952301 ], [ -122.273602976410999, 37.905076124159301 ], [ -122.273212923429995, 37.9051822600291 ], [ -122.273117028201995, 37.905208353285097 ], [ -122.272633998993001, 37.90533978909 ], [ -122.272504261611004, 37.905375094296403 ], [ -122.270777586687998, 37.905843529407498 ], [ -122.271337935163004, 37.904940848860498 ], [ -122.270368999812007, 37.904406603982402 ], [ -122.269668566074003, 37.904480293475501 ], [ -122.269166876913005, 37.9042962633104 ], [ -122.269163453706994, 37.904295170889597 ], [ -122.269031322765997, 37.904245543529498 ], [ -122.268978299188007, 37.904225627397501 ], [ -122.26879305512, 37.904156049327099 ], [ -122.268597096538002, 37.904082445341501 ], [ -122.268523724361003, 37.904054885621498 ], [ -122.268482235628994, 37.904041912777203 ], [ -122.268395278743995, 37.904026593391201 ], [ -122.268350759943999, 37.904024412461901 ], [ -122.268279432954003, 37.904029087270601 ], [ -122.268204971334995, 37.904047459640999 ], [ -122.268146870099002, 37.904071775493897 ], [ -122.268095066981999, 37.904104133520597 ], [ -122.267975820508994, 37.904184091765998 ], [ -122.267938608606002, 37.904209042999298 ], [ -122.26793519332, 37.904211332763801 ], [ -122.267895004812004, 37.904238277518999 ], [ -122.267825934165003, 37.904276986853198 ], [ -122.267824807408999, 37.904264157121801 ], [ -122.267818166002996, 37.904267611011498 ], [ -122.267662054810003, 37.904348839668401 ], [ -122.267492982321997, 37.904419619731797 ], [ -122.267467454151003, 37.904430306781798 ], [ -122.267442523406004, 37.904438227333401 ], [ -122.267263174422993, 37.90449520656 ], [ -122.267051448754998, 37.904542833611899 ], [ -122.266973424230002, 37.9045535683765 ], [ -122.266930248020998, 37.904559507491598 ], [ -122.266834602464996, 37.904572667079599 ], [ -122.266615007480993, 37.904584370600801 ], [ -122.266395073070001, 37.904577824877997 ], [ -122.266299450196001, 37.904566973203302 ], [ -122.266177202802993, 37.904553098798701 ], [ -122.265963791572005, 37.904510463887298 ], [ -122.265324499410994, 37.904351164725597 ], [ -122.265203598685005, 37.904311749045299 ], [ -122.265096410154996, 37.904253587031597 ], [ -122.265006823741004, 37.9041790410744 ], [ -122.264938756215997, 37.904091362968202 ], [ -122.264899441232998, 37.904041547643999 ], [ -122.264841304520999, 37.903981157602502 ], [ -122.264780590410993, 37.903934714564699 ], [ -122.264739260704999, 37.903910892989202 ], [ -122.264648340280004, 37.903874132270197 ], [ -122.264549762601007, 37.903853150992703 ], [ -122.264447831769004, 37.903848869401898 ], [ -122.264397000900004, 37.903853079557699 ], [ -122.264314239087994, 37.903854623201802 ], [ -122.264228857418999, 37.903849240933098 ], [ -122.264144653746996, 37.903836817900498 ], [ -122.264062551202997, 37.9038174806591 ], [ -122.263983453169999, 37.9037914560177 ], [ -122.263908215534997, 37.903759020272503 ], [ -122.263837670609007, 37.903720536547297 ], [ -122.263772589303002, 37.903676409616999 ], [ -122.263713691923996, 37.9036271414911 ], [ -122.263533839100006, 37.903449717408201 ], [ -122.263306098236995, 37.903178874251203 ], [ -122.263115341711, 37.902890653534101 ], [ -122.262604630685004, 37.902003567586199 ], [ -122.262559622058006, 37.901935367917901 ], [ -122.262508825449004, 37.901875227134603 ], [ -122.262450366639996, 37.9018196263373 ], [ -122.262384891482995, 37.901769167905002 ], [ -122.262313125326997, 37.901724408627501 ], [ -122.262235848532001, 37.901685841271799 ], [ -122.262153898424003, 37.901653883747997 ], [ -122.262068184341999, 37.901628886924797 ], [ -122.261979644262993, 37.901611131848 ], [ -122.261889253128004, 37.901600803489799 ], [ -122.261797987224995, 37.901598018414902 ], [ -122.261710694385002, 37.9015944745369 ], [ -122.261641107157999, 37.901585102693701 ], [ -122.261573139128998, 37.901570015331203 ], [ -122.261507531293006, 37.901549382047499 ], [ -122.261445013862001, 37.901523430233397 ], [ -122.261386255919007, 37.901492437921597 ], [ -122.261331900206002, 37.901456753827297 ], [ -122.261282561917994, 37.901416757778499 ], [ -122.261238768294007, 37.901372896946697 ], [ -122.261200997372995, 37.901325649124097 ], [ -122.261169666827001, 37.901275530132203 ], [ -122.261145115692003, 37.901223092365598 ], [ -122.261127624316998, 37.901168906420402 ], [ -122.261117372569998, 37.901113572678597 ], [ -122.261114474259998, 37.901057691866399 ], [ -122.261124350974001, 37.900108039634198 ], [ -122.261112362354993, 37.9000257750928 ], [ -122.261082229690004, 37.8999585714323 ], [ -122.261060686996004, 37.899927208870601 ], [ -122.261005822531004, 37.899870672281303 ], [ -122.260973100398004, 37.899846117712897 ], [ -122.260898872275007, 37.899805781576099 ], [ -122.260858180362007, 37.899790440864798 ], [ -122.260771855561003, 37.899770256925301 ], [ -122.260682122193003, 37.899764732861399 ], [ -122.260592901509995, 37.899774115123599 ], [ -122.260549706261003, 37.8997842895213 ], [ -122.260468507892, 37.899815060969999 ], [ -122.260304499843997, 37.899893720427301 ], [ -122.260198180963002, 37.899937390256397 ], [ -122.260121024978005, 37.899959673957298 ], [ -122.260041346373001, 37.899975444648902 ], [ -122.259960028365001, 37.899984527327 ], [ -122.259877954260006, 37.899986825271199 ], [ -122.259796030135007, 37.8999823169179 ], [ -122.259715149138998, 37.899971043036103 ], [ -122.259636194533002, 37.899953131864301 ], [ -122.259560039112998, 37.899928780225402 ], [ -122.259487512304005, 37.8998982577451 ], [ -122.259419408702001, 37.899861887794998 ], [ -122.259356475491003, 37.899820083721401 ], [ -122.259299403878003, 37.899773291418299 ], [ -122.259248815408, 37.899722026476901 ], [ -122.259034311681006, 37.8994861547163 ], [ -122.258940695381995, 37.899402422241799 ], [ -122.258882899561002, 37.899364227511498 ], [ -122.258820382672994, 37.899331027353703 ], [ -122.258753827830006, 37.8993031886192 ], [ -122.258717457868002, 37.899291648493602 ], [ -122.258696028529997, 37.899284848933497 ], [ -122.258683959633004, 37.899281018892196 ], [ -122.258611557376994, 37.899264750944099 ], [ -122.258537401330997, 37.8992545743397 ], [ -122.258462310246998, 37.899250595138803 ], [ -122.258387104340002, 37.899252854590401 ], [ -122.258312612251999, 37.899261333499403 ], [ -122.258239646578005, 37.899275933792801 ], [ -122.258169004465003, 37.899296498302597 ], [ -122.258101457094, 37.899322801966598 ], [ -122.258037756701995, 37.899354557994201 ], [ -122.257796594854, 37.899490267364399 ], [ -122.257631106196001, 37.899583392830699 ], [ -122.257480134367, 37.899668349185497 ], [ -122.257463278399996, 37.899677833488802 ], [ -122.257397971578996, 37.899714584501801 ], [ -122.257375617194995, 37.899727164075102 ], [ -122.257311761832995, 37.8997630959079 ], [ -122.257246046175993, 37.899795396001103 ], [ -122.257197823862001, 37.8998127532968 ], [ -122.257095851848007, 37.8998350555337 ], [ -122.256990262613996, 37.899840067614598 ], [ -122.256885663104001, 37.899827577812196 ], [ -122.256786623664993, 37.899798125539 ], [ -122.256740557195997, 37.899777412823902 ], [ -122.256657852832006, 37.8997251527611 ], [ -122.256590669272995, 37.899660409336903 ], [ -122.256541939407001, 37.899586010393698 ], [ -122.256042835676993, 37.898593383415097 ], [ -122.256014454742996, 37.8985160228616 ], [ -122.256007204602, 37.898431181778399 ], [ -122.255984020190994, 37.898433370479097 ], [ -122.255989569131998, 37.898371386705598 ], [ -122.256003260312994, 37.898310207241103 ], [ -122.256024946229999, 37.898250494411499 ], [ -122.256054398337, 37.8981929048662 ], [ -122.256091278151999, 37.898138075725001 ], [ -122.256135189926994, 37.898086595694402 ], [ -122.256182255029003, 37.898041937150097 ], [ -122.256255378093002, 37.897974825328397 ], [ -122.256309289962005, 37.897897131294698 ], [ -122.256341640719995, 37.897812253728603 ], [ -122.256349247783007, 37.897768270482999 ], [ -122.256350266019993, 37.897684084659801 ], [ -122.256285297164993, 37.897066273324299 ], [ -122.256276049426006, 37.896981219671702 ], [ -122.256266578017005, 37.896942308524103 ], [ -122.256259580347006, 37.8969135582267 ], [ -122.256255647966995, 37.896897401521798 ], [ -122.256232778015004, 37.896835046895902 ], [ -122.256091368683997, 37.896448255727996 ], [ -122.256078325768996, 37.896415101174497 ], [ -122.256071319612005, 37.896397293531997 ], [ -122.256056414398998, 37.896369885040599 ], [ -122.256044658880995, 37.896348270546298 ], [ -122.256011673746997, 37.896301723047301 ], [ -122.255960715995002, 37.896246477623599 ], [ -122.255873096127004, 37.896157713636597 ], [ -122.255816103396, 37.896108987311699 ], [ -122.255772041884995, 37.8960902791327 ], [ -122.255723904684999, 37.896079198703099 ], [ -122.255648898334996, 37.896077957911203 ], [ -122.255577075953994, 37.896095146369802 ], [ -122.255534471705005, 37.896116081219297 ], [ -122.255505852050007, 37.896136856659403 ], [ -122.255266817860999, 37.896348158480002 ], [ -122.255200410146998, 37.896393602221103 ], [ -122.255163083336001, 37.896411947991702 ], [ -122.255123545285997, 37.896427104116803 ], [ -122.255039568051998, 37.896447208393397 ], [ -122.254952148287998, 37.8964530407479 ], [ -122.254908343465004, 37.8964504968828 ], [ -122.254802145713001, 37.896428411105298 ], [ -122.254738350344994, 37.896409349930302 ], [ -122.254350780547, 37.896286861617398 ], [ -122.254247288008997, 37.896260677219999 ], [ -122.254193517754004, 37.896254150629098 ], [ -122.254084871968999, 37.896254590881597 ], [ -122.254019592321995, 37.896263667043797 ], [ -122.253903140784004, 37.8962838217655 ], [ -122.253791230689004, 37.896290133092101 ], [ -122.253707713875997, 37.896282094562103 ], [ -122.253574635144005, 37.896247569833498 ], [ -122.253479416076999, 37.896200544737603 ], [ -122.253398612444002, 37.8961388682105 ], [ -122.253346465714003, 37.8960803795609 ], [ -122.253139209373003, 37.895788713440901 ], [ -122.25303963028, 37.895665154418303 ], [ -122.252924299929006, 37.895550521967301 ], [ -122.252854108437006, 37.895491343449898 ], [ -122.252759736605, 37.8954206011122 ], [ -122.252692443279003, 37.8953547302524 ], [ -122.252665675882994, 37.895317977370297 ], [ -122.252627365749007, 37.8952388517435 ], [ -122.252611760670007, 37.895168021640401 ], [ -122.252574828052005, 37.894713213530402 ], [ -122.252575421426002, 37.8946689483206 ], [ -122.252594043651001, 37.894581773209701 ], [ -122.252635137325996, 37.894499568738702 ], [ -122.252685662139996, 37.8944370656206 ], [ -122.252948890084994, 37.894176795559197 ], [ -122.252985625448005, 37.894130520012602 ], [ -122.252999220692004, 37.894105354611597 ], [ -122.253016111631993, 37.894052346830399 ], [ -122.253018727732993, 37.893997713902799 ], [ -122.253014621774994, 37.893970535090098 ], [ -122.252995808582995, 37.893917931382198 ], [ -122.252981305739993, 37.893893091118301 ], [ -122.252942898509005, 37.893847674915598 ], [ -122.252893420705007, 37.893809575001299 ], [ -122.252865183601003, 37.893793805262099 ], [ -122.252835021801005, 37.893780464227802 ], [ -122.252770262702001, 37.893761608211904 ], [ -122.252681517555004, 37.893753722972697 ], [ -122.252602799824004, 37.893747156586102 ], [ -122.252525377724993, 37.893734097147501 ], [ -122.252450103558004, 37.893714706820901 ], [ -122.252377799909993, 37.893689182522699 ], [ -122.252309255509005, 37.893657807287497 ], [ -122.25221468801, 37.893600233252101 ], [ -122.252137327933994, 37.893564573874301 ], [ -122.252079618563002, 37.893552163622999 ], [ -122.252019912693001, 37.893549528473997 ], [ -122.251960819976006, 37.893556791307098 ], [ -122.251904925324993, 37.893573630969698 ], [ -122.251854671364995, 37.893599312375599 ], [ -122.251820393594002, 37.893625137535601 ], [ -122.251445575866995, 37.8939156187121 ], [ -122.251402929245003, 37.893941883317801 ], [ -122.251350661556998, 37.893962350145898 ], [ -122.251294170275997, 37.893973755109499 ], [ -122.251235917878006, 37.893975604799998 ], [ -122.251178448554001, 37.893967812790201 ], [ -122.251124283208, 37.893950730398799 ], [ -122.251054337357999, 37.893909401043103 ], [ -122.250951421161005, 37.893835663846197 ], [ -122.250764191738, 37.8937224268197 ], [ -122.250563056860997, 37.893625326434098 ], [ -122.250350213155997, 37.893545411080297 ], [ -122.250247019534996, 37.893500532444101 ], [ -122.250182549097005, 37.893463164314902 ], [ -122.250123360859007, 37.893420664504497 ], [ -122.250070099729001, 37.893373496022399 ], [ -122.250023355123005, 37.8933221706084 ], [ -122.249983644029001, 37.893267253548501 ], [ -122.249961952565002, 37.893236632445799 ], [ -122.249950125834999, 37.893209046749497 ], [ -122.249937673641, 37.8931516965472 ], [ -122.249937184573, 37.893122567443797 ], [ -122.249947706076, 37.893064973606002 ], [ -122.249973107016004, 37.893010373328501 ], [ -122.250008001840996, 37.892945255393897 ], [ -122.250022606643995, 37.892902716940299 ], [ -122.250020774031, 37.892882928677203 ], [ -122.250008443913003, 37.892854888129399 ], [ -122.249976293143007, 37.892824750203097 ], [ -122.249955010731995, 37.892814297681703 ], [ -122.249919138733006, 37.892805721280901 ], [ -122.249878999372001, 37.892801363974797 ], [ -122.249846267916993, 37.892803908697701 ], [ -122.249814920017997, 37.892811789386499 ], [ -122.249787414702993, 37.892825726565299 ], [ -122.249773452823007, 37.892832801652602 ], [ -122.249676976618005, 37.892903735121799 ], [ -122.249659963975006, 37.8928328780001 ], [ -122.249631701363001, 37.892715182083798 ], [ -122.249320307933004, 37.891709727818601 ], [ -122.249290207751997, 37.891612537671001 ], [ -122.249160226027996, 37.891192836991202 ], [ -122.249151629365002, 37.891165080002899 ], [ -122.249137488556002, 37.891119809730398 ], [ -122.249129553611994, 37.891094403215099 ], [ -122.249024330501996, 37.890754034491998 ], [ -122.250171458197002, 37.889920718387401 ], [ -122.250291708239999, 37.8898333643779 ], [ -122.250261367174005, 37.889816452085803 ], [ -122.250263940270997, 37.8898134668745 ], [ -122.250158801514004, 37.889759284801301 ], [ -122.249599492510995, 37.889447534225098 ], [ -122.249551677569997, 37.889420883308802 ], [ -122.249455742097993, 37.888680544660197 ], [ -122.249239134513005, 37.887008930640597 ], [ -122.246908097708996, 37.885328503775597 ] ] ] } },
{ "type": "Feature", "properties": { "CDTFA_CITY": "Berkeley" }, "geometry": { "type": "Polygon", "coordinates": [ [ [ -122.301002589562998, 37.847480266791102 ], [ -122.301031350320002, 37.847474395200599 ], [ -122.301180834804995, 37.847443873546702 ], [ -122.301180351937006, 37.847437824370097 ], [ -122.301683124831996, 37.8473413257489 ], [ -122.302019694788001, 37.847267755012197 ], [ -122.302267154668996, 37.847210605285603 ], [ -122.304555832343993, 37.846682015247097 ], [ -122.308184672080998, 37.845882787583101 ], [ -122.308254273993995, 37.845867457447902 ], [ -122.309164813546005, 37.845666898350999 ], [ -122.332585947487999, 37.840795011214801 ], [ -122.334125681279005, 37.840474539726699 ], [ -122.334108854155005, 37.840470335803701 ], [ -122.334112469527994, 37.840469583358697 ], [ -122.334861510069004, 37.840313673469701 ], [ -122.341579490908998, 37.838915118114301 ], [ -122.343306005431003, 37.838555621525103 ], [ -122.345304437858999, 37.838139470417097 ], [ -122.355827700551998, 37.8359474939084 ], [ -122.355944938288005, 37.835926164269097 ], [ -122.355996490653993, 37.836064986922203 ], [ -122.356145150326, 37.836465291175003 ], [ -122.357453329593994, 37.839987719473399 ], [ -122.358706213651004, 37.843316300361401 ], [ -122.362227339735, 37.852670193706103 ], [ -122.366186489035996, 37.8633899552892 ], [ -122.367244556857997, 37.8662026826876 ], [ -122.368528460453007, 37.869615623552903 ], [ -122.368531447696, 37.869623564044502 ], [ -122.366826958993997, 37.870121019156898 ], [ -122.321686346031001, 37.879528704010198 ], [ -122.319515933976007, 37.879980540553198 ], [ -122.319514371714007, 37.879973154464302 ], [ -122.319504411984994, 37.8799260535312 ], [ -122.319492789048994, 37.879928613286403 ], [ -122.319417465027996, 37.879945201875501 ], [ -122.319426596360003, 37.879989861429898 ], [ -122.316446304402007, 37.880609610459601 ], [ -122.315999351228001, 37.8807025465115 ], [ -122.315958364810001, 37.880710617287498 ], [ -122.314268731732, 37.881043492814399 ], [ -122.313424714869001, 37.881209761255803 ], [ -122.312504723833996, 37.881398435922598 ], [ -122.312502580426994, 37.881395000351098 ], [ -122.312490616947997, 37.8813750004024 ], [ -122.312486000432003, 37.8813673356781 ], [ -122.312480515404999, 37.881354999654697 ], [ -122.312475377984001, 37.881335000397797 ], [ -122.31246600019, 37.881318818013597 ], [ -122.312463972512006, 37.881314999588596 ], [ -122.312447711193997, 37.8812949996979 ], [ -122.312446000150004, 37.881292658065703 ], [ -122.312435376492999, 37.881274999701397 ], [ -122.312426000076002, 37.881263250680199 ], [ -122.312420355365006, 37.881255000196703 ], [ -122.312409857565001, 37.881234999883198 ], [ -122.312405999812995, 37.8812277137501 ], [ -122.31240207127, 37.881214999492897 ], [ -122.312393406981002, 37.881194999829098 ], [ -122.312385999984002, 37.8811822680372 ], [ -122.312383223514999, 37.881174999753398 ], [ -122.312375545438996, 37.881154999975003 ], [ -122.312367530258001, 37.881134999495501 ], [ -122.312365999877002, 37.881132496912301 ], [ -122.312353823354002, 37.881114999846297 ], [ -122.312345999395006, 37.881106504323597 ], [ -122.312329106506994, 37.881095000954701 ], [ -122.312325999281001, 37.881090224336297 ], [ -122.312319422987997, 37.881075000236002 ], [ -122.312310173379004, 37.8810550001512 ], [ -122.312305999253994, 37.881049564735598 ], [ -122.312297399187003, 37.8810350005147 ], [ -122.312285999948998, 37.881016305202898 ], [ -122.312285172746002, 37.881015000217303 ], [ -122.312270199539995, 37.880995000671803 ], [ -122.312265999274999, 37.8809901569376 ], [ -122.312253362090004, 37.880975000164 ], [ -122.312245999601004, 37.8809673604637 ], [ -122.312236649926007, 37.880954999938801 ], [ -122.312226000264005, 37.880942619478397 ], [ -122.312221289559005, 37.880935000651299 ], [ -122.312205999935998, 37.8809163704178 ], [ -122.312204586518007, 37.880915000246098 ], [ -122.312190730520001, 37.880895000754002 ], [ -122.312185999324996, 37.880883914430697 ], [ -122.312182486514999, 37.880875000174903 ], [ -122.31216825928, 37.880855000637098 ], [ -122.312165999675997, 37.880851931725097 ], [ -122.312158288860999, 37.8808350000375 ], [ -122.312145999327001, 37.8808214751175 ], [ -122.312139247928997, 37.8808150005923 ], [ -122.312126315512998, 37.880795000389497 ], [ -122.312125999141003, 37.880794601569903 ], [ -122.312112180523997, 37.880774999967599 ], [ -122.312105999194003, 37.880768731309203 ], [ -122.312093616770994, 37.880755000317102 ], [ -122.312085999789005, 37.880743357733401 ], [ -122.312081890371999, 37.880735000261602 ], [ -122.312069346307993, 37.8807149997671 ], [ -122.312065999942007, 37.880710369922298 ], [ -122.312055506316995, 37.880694999952397 ], [ -122.312045999008006, 37.880682179046801 ], [ -122.312041194873004, 37.880675000224201 ], [ -122.312025999344002, 37.880660005211297 ], [ -122.312021026579004, 37.880654999993403 ], [ -122.312005999248996, 37.880639292681799 ], [ -122.312001452754998, 37.880635000000296 ], [ -122.311985998915006, 37.880617354604802 ], [ -122.311983708986006, 37.880614999827998 ], [ -122.311966559685999, 37.8805949998942 ], [ -122.311965998980995, 37.880594285448701 ], [ -122.311954646583004, 37.880574999826301 ], [ -122.311945999863994, 37.8805625357517 ], [ -122.311940691615007, 37.880554999515802 ], [ -122.311925999902002, 37.880536845426903 ], [ -122.311924674325994, 37.880535000256103 ], [ -122.311905999423999, 37.880515085503802 ], [ -122.311905929583006, 37.880514999567602 ], [ -122.311891738938002, 37.8804950001945 ], [ -122.311885999769004, 37.880486637231797 ], [ -122.311879294036004, 37.880474999570502 ], [ -122.311865999353003, 37.880456577401603 ], [ -122.311864641051002, 37.880455000106203 ], [ -122.311845999080006, 37.880435523820601 ], [ -122.311845582057003, 37.880435000066001 ], [ -122.311825999006999, 37.880417169679703 ], [ -122.311824317204994, 37.880414999340701 ], [ -122.311810182396002, 37.880394999782503 ], [ -122.311805999962004, 37.880389329659103 ], [ -122.311796635196004, 37.880374999696897 ], [ -122.311786000100994, 37.880360651022997 ], [ -122.311781683872994, 37.880354999673798 ], [ -122.311766000375997, 37.880339281583701 ], [ -122.311760000011006, 37.880334999813797 ], [ -122.311745999519999, 37.8803194985381 ], [ -122.311742436339003, 37.880315000636998 ], [ -122.311725999909001, 37.880295254179501 ], [ -122.311725788220997, 37.880295000011699 ], [ -122.311706404774, 37.880275000804303 ], [ -122.311706000523003, 37.880274448008997 ], [ -122.311695295773006, 37.880255000514801 ], [ -122.311685999554001, 37.8802407502073 ], [ -122.311680699787004, 37.880234999931503 ], [ -122.311666000385998, 37.880220466819402 ], [ -122.311661937002, 37.880215000455003 ], [ -122.311646000135994, 37.880195462116497 ], [ -122.311645696621994, 37.880195000060901 ], [ -122.311627330142997, 37.880175000141399 ], [ -122.311626000247003, 37.8801737525284 ], [ -122.311611356265999, 37.880155000006503 ], [ -122.311605999999003, 37.880148009070702 ], [ -122.311598046029999, 37.880134999833501 ], [ -122.311585999670001, 37.880119052370098 ], [ -122.311582875040003, 37.880115000420901 ], [ -122.311567922687004, 37.880095000392998 ], [ -122.311565999563996, 37.880092722223701 ], [ -122.311554766200999, 37.880074999952498 ], [ -122.311545999369002, 37.880065060348997 ], [ -122.311535976146999, 37.880055000083402 ], [ -122.311525999340006, 37.880044967716799 ], [ -122.311518059562999, 37.880035000477697 ], [ -122.311505999573995, 37.880019791118301 ], [ -122.311500237478995, 37.8800149999486 ], [ -122.311485999618995, 37.8799958994571 ], [ -122.311485426377004, 37.879994999889 ], [ -122.311477576696007, 37.879974999767398 ], [ -122.311465999467003, 37.879965912445797 ], [ -122.311455801920999, 37.879954999808199 ], [ -122.311446000063, 37.879946687211401 ], [ -122.311432644687002, 37.879935000387498 ], [ -122.311425999742994, 37.879928944887403 ], [ -122.311410913184005, 37.879914999586802 ], [ -122.311405999249999, 37.879909572997803 ], [ -122.311396140848998, 37.87989499967 ], [ -122.311385999551007, 37.8798856507224 ], [ -122.311377239292, 37.879875000126397 ], [ -122.311365999483996, 37.879857103398997 ], [ -122.311364681903001, 37.879854999821497 ], [ -122.311348376780998, 37.879834999737703 ], [ -122.311345999704002, 37.879832771702901 ], [ -122.311334012171002, 37.879815000056503 ], [ -122.311325999893995, 37.879803604395597 ], [ -122.311320032473006, 37.8797950001562 ], [ -122.311305999479004, 37.879782129619997 ], [ -122.311299373777004, 37.879774999363001 ], [ -122.311285999709995, 37.879757833907099 ], [ -122.311283536757998, 37.879755000150197 ], [ -122.311266514227, 37.879734999481101 ], [ -122.311265999336996, 37.879734330040499 ], [ -122.311252828359997, 37.879714999311503 ], [ -122.311245999500002, 37.879708259886499 ], [ -122.311233621680003, 37.879694999326901 ], [ -122.311225999906, 37.8796843375845 ], [ -122.311220820665, 37.879674999202699 ], [ -122.311205999658, 37.879657662756202 ], [ -122.311203510089001, 37.879654999575699 ], [ -122.311190504118997, 37.879634999798 ], [ -122.311185999154006, 37.879630167298103 ], [ -122.311175140860996, 37.8796149995432 ], [ -122.311165998977998, 37.879602054557203 ], [ -122.311155042563001, 37.879594999627898 ], [ -122.311145998873002, 37.879586786678203 ], [ -122.311139552908998, 37.879574999104499 ], [ -122.311125999354005, 37.879559358678101 ], [ -122.311123220593004, 37.879554999516301 ], [ -122.311108200188002, 37.879535000746699 ], [ -122.311105999039995, 37.879532347304803 ], [ -122.311095614446998, 37.879515000062398 ], [ -122.311085999414999, 37.879502183861497 ], [ -122.311079489402005, 37.879495000075003 ], [ -122.311065999180997, 37.879475616989502 ], [ -122.311065587277994, 37.8794750004527 ], [ -122.311045999352004, 37.879455742934098 ], [ -122.311045362634005, 37.879455000255 ], [ -122.311036916399004, 37.879434999902699 ], [ -122.311025999776007, 37.879420781664699 ], [ -122.311021136454997, 37.879415000458401 ], [ -122.311005999797004, 37.8794015662709 ], [ -122.310998872274993, 37.879394999951998 ], [ -122.310986000184002, 37.8793785239518 ], [ -122.310983265423999, 37.879374999867998 ], [ -122.310969087760995, 37.879355000144599 ], [ -122.310966000305001, 37.879351265099501 ], [ -122.310954201789002, 37.879335000567202 ], [ -122.310945999842005, 37.879325167917102 ], [ -122.310938651895, 37.879315000280499 ], [ -122.310926000397998, 37.879298660396103 ], [ -122.310923402661999, 37.8792950004988 ], [ -122.310906867745004, 37.879275000287301 ], [ -122.310905999447002, 37.879273727578202 ], [ -122.310897122217995, 37.879254999760299 ], [ -122.310885999524004, 37.879241888653901 ], [ -122.310875343255006, 37.879234999783499 ], [ -122.310866000371007, 37.879223177119101 ], [ -122.310862382997001, 37.879214999992598 ], [ -122.310855772565006, 37.879195000258299 ], [ -122.310845999939005, 37.8791846399725 ], [ -122.310833037045001, 37.879174999804498 ], [ -122.310826000323999, 37.879166946131697 ], [ -122.310818736461002, 37.879154999733302 ], [ -122.310805999631995, 37.879142314731602 ], [ -122.310799730484007, 37.879135000317099 ], [ -122.310785999665995, 37.879116414574703 ], [ -122.310784990333005, 37.879114999711199 ], [ -122.310768097934996, 37.879095000069299 ], [ -122.310766000317003, 37.879092748644503 ], [ -122.310750255789998, 37.879074999823303 ], [ -122.310746000131005, 37.879066692817702 ], [ -122.310740312190006, 37.879054999501001 ], [ -122.310726000014, 37.879037242882703 ], [ -122.310724426478998, 37.879034999358602 ], [ -122.310705999853994, 37.879018089533098 ], [ -122.310702963072998, 37.879014999573101 ], [ -122.310689630520002, 37.878994999737699 ], [ -122.310685999995002, 37.878989865135701 ], [ -122.310676176114001, 37.878974999548703 ], [ -122.310665999495995, 37.878960991980499 ], [ -122.310660700401002, 37.8789549995996 ], [ -122.310646000082002, 37.878942415388998 ], [ -122.310637189518005, 37.878934999648699 ], [ -122.310625999761001, 37.878922369413203 ], [ -122.310621148994997, 37.8789149997761 ], [ -122.310606000128004, 37.878895516317797 ], [ -122.310605469451005, 37.878894999247301 ], [ -122.310585999775995, 37.878875357859499 ], [ -122.310585681255006, 37.878874999569298 ], [ -122.310566000020003, 37.878855070712902 ], [ -122.310565944310994, 37.878854999800701 ], [ -122.310555509992994, 37.878834999917999 ], [ -122.310545999408006, 37.8788203586397 ], [ -122.310542875550993, 37.878814999219102 ], [ -122.310532315971997, 37.878794999047699 ], [ -122.310525999633995, 37.878777551808398 ], [ -122.310525163628, 37.878774999837198 ], [ -122.310512250231994, 37.8787550000091 ], [ -122.310505999274994, 37.878747534960901 ], [ -122.310490150381, 37.878734999848803 ], [ -122.310485999066003, 37.878731993437 ], [ -122.310470063910998, 37.878715000499 ], [ -122.310465999868001, 37.878709285761097 ], [ -122.310458243748002, 37.878695000305598 ], [ -122.310445999101006, 37.878679623439503 ], [ -122.310441673778001, 37.878674999810201 ], [ -122.310429896932007, 37.878655000579698 ], [ -122.310425999312002, 37.878650361513898 ], [ -122.310411798743999, 37.878634999819504 ], [ -122.310405999143001, 37.878628211732902 ], [ -122.310400274707007, 37.878615000216499 ], [ -122.310387485480007, 37.878594999784298 ], [ -122.310385999630995, 37.878592460327802 ], [ -122.310370778925005, 37.8785750001108 ], [ -122.310365999770994, 37.878570098178301 ], [ -122.310353704554004, 37.878555000320397 ], [ -122.310345998765001, 37.878546110981397 ], [ -122.310338365668002, 37.878535000397399 ], [ -122.310328196770001, 37.878514999884402 ], [ -122.310325999678994, 37.8785109624352 ], [ -122.310315424677995, 37.878495000015 ], [ -122.310305998724004, 37.878487160593103 ], [ -122.310294742709999, 37.878474999509102 ], [ -122.310285999287004, 37.878460601684601 ], [ -122.310282363523996, 37.878455000168003 ], [ -122.310269058496999, 37.878434999760003 ], [ -122.310265999677, 37.878431304638397 ], [ -122.310254095448997, 37.878414999787601 ], [ -122.310245998897997, 37.878400344752997 ], [ -122.310240890670997, 37.878395000145403 ], [ -122.310225999942006, 37.878380150219598 ], [ -122.310219649616002, 37.878374999596602 ], [ -122.310209222287, 37.8783549995524 ], [ -122.310206000210997, 37.878349592525403 ], [ -122.310199388266994, 37.878334999779 ], [ -122.310185999840002, 37.878323333258102 ], [ -122.310178557200999, 37.878314999426301 ], [ -122.310165999549994, 37.878302429686698 ], [ -122.310158631479993, 37.878294999631898 ], [ -122.310146000122998, 37.878281849129202 ], [ -122.310139935622999, 37.878274999545702 ], [ -122.310125999912003, 37.878255187632099 ], [ -122.310125887080005, 37.878254999943998 ], [ -122.310114568144002, 37.878234999965599 ], [ -122.310106000225005, 37.878220235224099 ], [ -122.310102547737003, 37.878214999997297 ], [ -122.310085999777002, 37.878197626493403 ], [ -122.310083797231997, 37.878194999155802 ], [ -122.310072678758004, 37.8781749998127 ], [ -122.310066000462996, 37.878167928093497 ], [ -122.310053360034004, 37.878154999110997 ], [ -122.310045999512994, 37.878144268382101 ], [ -122.310041396616995, 37.878134999839297 ], [ -122.310028076915003, 37.878114999689402 ], [ -122.310025999564999, 37.878112333047603 ], [ -122.310011030054994, 37.878094999324297 ], [ -122.310005999973001, 37.878089824167603 ], [ -122.309995517115993, 37.878074999113402 ], [ -122.309986000297002, 37.878060370512202 ], [ -122.309981320614995, 37.878054999645897 ], [ -122.309966000157004, 37.878038544596301 ], [ -122.309963023416998, 37.878034999056098 ], [ -122.309947938700006, 37.878014999591898 ], [ -122.309946000105001, 37.8780128440713 ], [ -122.309935843204002, 37.877994999254703 ], [ -122.309929649943001, 37.877975000441502 ], [ -122.309925999629002, 37.877968408498802 ], [ -122.309917151327994, 37.8779549997667 ], [ -122.309905999579996, 37.877941710072598 ], [ -122.309901886711998, 37.877935000161997 ], [ -122.309887949883006, 37.8779150001834 ], [ -122.309885999605001, 37.877911874886202 ], [ -122.309878392727001, 37.877895000454302 ], [ -122.309872459082001, 37.877875000238902 ], [ -122.309866000197005, 37.877864222444899 ], [ -122.309860173459001, 37.877854999956597 ], [ -122.309847303674999, 37.877835000123497 ], [ -122.309845999908006, 37.877832049538704 ], [ -122.309837453859004, 37.877814999728002 ], [ -122.309825999409995, 37.877799980112101 ], [ -122.309821718988999, 37.8777950001706 ], [ -122.309815230789994, 37.877774999832901 ], [ -122.309805999437003, 37.877760874117698 ], [ -122.309802392924993, 37.877755000280601 ], [ -122.309793753630004, 37.877734999969 ], [ -122.309785999671007, 37.877715311942502 ], [ -122.309785863637998, 37.877714999626399 ], [ -122.309785999997999, 37.877711666784897 ], [ -122.309786765989003, 37.8776950000562 ], [ -122.309786735672006, 37.877674999547999 ], [ -122.309794432947996, 37.877654999617498 ], [ -122.309795116646995, 37.8776349997582 ], [ -122.309797375247001, 37.877615000168397 ], [ -122.309805999971999, 37.8776043962458 ], [ -122.309825999690005, 37.877597189656001 ], [ -122.309835737957997, 37.877595000057397 ], [ -122.309845999632998, 37.877592686103299 ], [ -122.309866000102005, 37.877591116834502 ], [ -122.309886000106005, 37.877589310919902 ], [ -122.309905999511003, 37.877588039503799 ], [ -122.309925999404996, 37.877586119308098 ], [ -122.309945999716007, 37.877584138813297 ], [ -122.309965999699997, 37.877582923164503 ], [ -122.309985999551003, 37.877584657109303 ], [ -122.310005999306, 37.877586904847 ], [ -122.310025999963997, 37.877588627971797 ], [ -122.310045999463, 37.877589021188598 ], [ -122.310066000126994, 37.877589452171897 ], [ -122.310085999712001, 37.877590881967699 ], [ -122.310104688436994, 37.877594226615599 ], [ -122.310105999548995, 37.8775944614138 ], [ -122.310107579657, 37.877594999668503 ], [ -122.310125999749999, 37.877601486242298 ], [ -122.310145999807006, 37.877606512580698 ], [ -122.310166000368, 37.877612662775299 ], [ -122.310173201029002, 37.877614999498498 ], [ -122.310186000588004, 37.877619318669403 ], [ -122.310206000386998, 37.8776227118381 ], [ -122.310225999946994, 37.877629309250302 ], [ -122.310237679142006, 37.877634999714999 ], [ -122.310245998811993, 37.877639834366498 ], [ -122.310265999074005, 37.877647672603999 ], [ -122.310279066801996, 37.877655000082001 ], [ -122.310285999502, 37.877660758557901 ], [ -122.310300189225003, 37.877675000201897 ], [ -122.310305999386003, 37.877681247299698 ], [ -122.310325708383999, 37.877695000224101 ], [ -122.310325999590006, 37.877695174578903 ], [ -122.310345999860999, 37.877706261136602 ], [ -122.310365999870001, 37.877712982692103 ], [ -122.310375125430994, 37.877714999789099 ], [ -122.310385999280996, 37.877717986508301 ], [ -122.310405999286999, 37.877722455819502 ], [ -122.310425999266002, 37.877722937146402 ], [ -122.310438228345006, 37.877715000095797 ], [ -122.310445999370003, 37.8777103171562 ], [ -122.310465999396996, 37.877702604756898 ], [ -122.310474101628998, 37.877695000034599 ], [ -122.310485999638004, 37.877676662991 ], [ -122.310486863886993, 37.877674999683201 ], [ -122.310496146122006, 37.877654999770797 ], [ -122.310494659156006, 37.8776349994206 ], [ -122.310490268403996, 37.877615000109799 ], [ -122.310485999473002, 37.877609766222101 ], [ -122.310472493858995, 37.877594999428503 ], [ -122.310466000103006, 37.8775898488827 ], [ -122.310449405929006, 37.877574999402199 ], [ -122.310445999357995, 37.877571178710603 ], [ -122.310432909102005, 37.877554999301303 ], [ -122.310425999312002, 37.877548654612902 ], [ -122.310409149341993, 37.877534999609701 ], [ -122.310405999430003, 37.877532263650203 ], [ -122.310386061447005, 37.877514999571197 ], [ -122.310385999353997, 37.877514943178902 ], [ -122.310366902251005, 37.877494999448402 ], [ -122.310365999200002, 37.877493854279301 ], [ -122.310352219497005, 37.877474999492001 ], [ -122.310345999725996, 37.877468726092502 ], [ -122.310332962391001, 37.8774549994503 ], [ -122.310325999946997, 37.8774493837211 ], [ -122.310305999459999, 37.877439986118802 ], [ -122.310285999656998, 37.877436222243801 ], [ -122.310282771166001, 37.877434999484301 ], [ -122.310265999810994, 37.877428358807897 ], [ -122.310245999726007, 37.877425028642598 ], [ -122.310226000146997, 37.877420311849001 ], [ -122.310206000321003, 37.877415586958598 ], [ -122.310204781958006, 37.877414999447304 ], [ -122.310186000076001, 37.877406380992902 ], [ -122.310165999990005, 37.877402312066202 ], [ -122.310146000261, 37.877400839096403 ], [ -122.310130860309002, 37.8773954024308 ], [ -122.310129737596995, 37.877394999338598 ], [ -122.310129837039, 37.877374999929202 ], [ -122.310126000116, 37.877356043625603 ], [ -122.310125827847997, 37.877354999558001 ], [ -122.310122481405998, 37.8773349990214 ], [ -122.310115593481996, 37.877314999198298 ], [ -122.310110862344004, 37.877294999232397 ], [ -122.310105999458003, 37.877289040721102 ], [ -122.310094498907006, 37.877274999218599 ], [ -122.310085999589006, 37.877265445786598 ], [ -122.310079347107006, 37.877254999265404 ], [ -122.310073743694005, 37.877234998999299 ], [ -122.310073424091001, 37.877214999561403 ], [ -122.310070652782997, 37.877195000545697 ], [ -122.310065999635, 37.877187202370997 ], [ -122.310058954794997, 37.877174999766602 ], [ -122.310049692613006, 37.877154999770703 ], [ -122.310046000411006, 37.877140882584101 ], [ -122.310044460476007, 37.877135000452199 ], [ -122.310040305564996, 37.877115000185597 ], [ -122.310043177862994, 37.877095000469303 ], [ -122.310038211012994, 37.877074999641401 ], [ -122.310031288965007, 37.877054999571698 ], [ -122.310026000106006, 37.877044606872602 ], [ -122.310016950305993, 37.877035000149903 ], [ -122.310017078230004, 37.877015000192699 ], [ -122.310011274440996, 37.876995000183598 ], [ -122.310005999412994, 37.876981363383599 ], [ -122.310002339112998, 37.876975000189297 ], [ -122.309991379088999, 37.876954999591099 ], [ -122.309996820397004, 37.876934999895902 ], [ -122.309994508008998, 37.876915000140201 ], [ -122.309991914326005, 37.876894999502497 ], [ -122.309986000424999, 37.876878702553 ], [ -122.309984711038993, 37.876874999447402 ], [ -122.309965999314997, 37.876856133414499 ], [ -122.309965068159002, 37.876854999581603 ], [ -122.309945999801002, 37.876836643409902 ], [ -122.309944435728994, 37.876834999871598 ], [ -122.309933243437001, 37.8768149992422 ], [ -122.309926735945993, 37.876794999283 ], [ -122.309925999845007, 37.876792805310799 ], [ -122.309920245558004, 37.876774999894003 ], [ -122.309909107962994, 37.876755000009098 ], [ -122.309905999318005, 37.876747323257298 ], [ -122.309901952537999, 37.876734999927898 ], [ -122.309905999414994, 37.876723435860903 ], [ -122.309909442421002, 37.876714999481997 ], [ -122.309912771379999, 37.876694999973999 ], [ -122.309906000103993, 37.876675787932697 ], [ -122.309905711612998, 37.876674999850799 ], [ -122.309895196916997, 37.876654999668098 ], [ -122.309886000310996, 37.876645541533698 ], [ -122.309880098812002, 37.876634999559002 ], [ -122.309866474253994, 37.876614999868501 ], [ -122.309865999671999, 37.876614380935699 ], [ -122.309846756306001, 37.876594999631003 ], [ -122.309848710804999, 37.876574999596301 ], [ -122.309847955110996, 37.876554999557897 ], [ -122.309845999321993, 37.8765507711935 ], [ -122.309835084415994, 37.876534999745402 ], [ -122.309837744928998, 37.876514999613597 ], [ -122.309842916359997, 37.876494999723199 ], [ -122.309837069384002, 37.8764749996392 ], [ -122.309826, 37.876459942019103 ], [ -122.309823021230997, 37.876454999102798 ], [ -122.309812141077003, 37.876434999651998 ], [ -122.309806000213001, 37.876426812600499 ], [ -122.309797312897004, 37.8764149988355 ], [ -122.309785999482003, 37.876395276769799 ], [ -122.309785858843, 37.876394999635302 ], [ -122.309779431147007, 37.8763749999328 ], [ -122.309776879704003, 37.876355000278203 ], [ -122.309769835937999, 37.876334999840203 ], [ -122.309765999640007, 37.8763300176456 ], [ -122.309756469940993, 37.8763149996593 ], [ -122.309745999786998, 37.876299321319699 ], [ -122.309742895575994, 37.876294999889801 ], [ -122.309732576833994, 37.876274999521002 ], [ -122.309733224091005, 37.876254999464003 ], [ -122.309732914826, 37.876234999827901 ], [ -122.309725999975001, 37.876224792293598 ], [ -122.309711940989999, 37.876214999457403 ], [ -122.309705999201995, 37.876210571595301 ], [ -122.309698609199998, 37.876194999512002 ], [ -122.309685999083996, 37.876177649122901 ], [ -122.309682635577005, 37.876175000041599 ], [ -122.309665999659998, 37.876156270362799 ], [ -122.309664812652997, 37.876155000182898 ], [ -122.309665999529997, 37.876150505249598 ], [ -122.309669324756001, 37.8761349994979 ], [ -122.309665999895998, 37.8761257378303 ], [ -122.309650761667001, 37.876114999491499 ], [ -122.309645999878001, 37.876113460708901 ], [ -122.309625999782, 37.876112887481597 ], [ -122.309610516047996, 37.8760949994344 ], [ -122.309617978630996, 37.876074999532598 ], [ -122.309625999337001, 37.876066378744497 ], [ -122.309632036721993, 37.876054999516597 ], [ -122.309632303672998, 37.876034999584398 ], [ -122.309625999900007, 37.876016874503399 ], [ -122.309625341970005, 37.876014999358802 ], [ -122.309621149677, 37.875994999800803 ], [ -122.309623976466995, 37.875974999172499 ], [ -122.309605999279995, 37.875961996539601 ], [ -122.309600160494, 37.8759549995169 ], [ -122.309588006217993, 37.875934999384803 ], [ -122.309585999426005, 37.875932993642301 ], [ -122.309572459698003, 37.875914999776597 ], [ -122.309567527221006, 37.875894999171102 ], [ -122.309567673499004, 37.875874999762999 ], [ -122.309565999447003, 37.875870933335896 ], [ -122.309559737076, 37.875854999404702 ], [ -122.309551260915995, 37.8758349995394 ], [ -122.309545999003007, 37.875815726027902 ], [ -122.309545876395006, 37.8758149995382 ], [ -122.309539584296004, 37.875794999013998 ], [ -122.309533878657007, 37.875774998896098 ], [ -122.309525999711994, 37.875760111978401 ], [ -122.309524390205993, 37.8757549996227 ], [ -122.309516245433997, 37.875734999674002 ], [ -122.309505998812, 37.875716447502001 ], [ -122.309505492983007, 37.875714999540101 ], [ -122.309496198098998, 37.875694999237503 ], [ -122.309489004164007, 37.875674998977402 ], [ -122.309486541645001, 37.875654999406201 ], [ -122.309485999269995, 37.875654138827301 ], [ -122.309476267471993, 37.875634999060097 ], [ -122.309467419024003, 37.875615000058701 ], [ -122.309465999563002, 37.875603678918502 ], [ -122.309464885899004, 37.8755950000469 ], [ -122.309465999702994, 37.875581856599702 ], [ -122.309466612725998, 37.875574999904003 ], [ -122.309465999829001, 37.875573883335598 ], [ -122.309459573723004, 37.875555001158702 ], [ -122.309453794095006, 37.875535000662602 ], [ -122.309446000205995, 37.875518623808802 ], [ -122.309443559805999, 37.8755150004461 ], [ -122.309432185673998, 37.8754950005778 ], [ -122.309441168448998, 37.8754750011136 ], [ -122.309446000695004, 37.875468263847203 ], [ -122.309455510014004, 37.875455001058398 ], [ -122.309450511563995, 37.8754350008196 ], [ -122.309446000302003, 37.8754293612485 ], [ -122.309436227996002, 37.875415000276902 ], [ -122.309428412372, 37.875395000285202 ], [ -122.309425999813001, 37.875391504160099 ], [ -122.309413659694002, 37.875375000673003 ], [ -122.309415765720004, 37.875355000429202 ], [ -122.309411636139998, 37.875335000558103 ], [ -122.309409891035003, 37.875315000671499 ], [ -122.309406000151, 37.8752955405931 ], [ -122.309405868490003, 37.875295000539303 ], [ -122.309390323290003, 37.875275000885502 ], [ -122.309386000019003, 37.875266741930702 ], [ -122.309374316887002, 37.875255000210899 ], [ -122.309366000653, 37.875241107000399 ], [ -122.309362694580997, 37.875235000615703 ], [ -122.309350876400998, 37.875215000291398 ], [ -122.309349032249997, 37.875195000511503 ], [ -122.309352377222993, 37.875175000712296 ], [ -122.309346000087004, 37.8751593668201 ], [ -122.309341980159999, 37.875155000023 ], [ -122.309329065428003, 37.875135000111399 ], [ -122.309329122945996, 37.875115000614002 ], [ -122.309326916686004, 37.8750950006064 ], [ -122.309325999585994, 37.875092844308597 ], [ -122.309314116965993, 37.875075000278898 ], [ -122.309305999881005, 37.875055931094103 ], [ -122.309305511141005, 37.875055000196099 ], [ -122.309299737309999, 37.875035000482299 ], [ -122.309292024241003, 37.875015000308601 ], [ -122.309285999756, 37.875003269321198 ], [ -122.309281635209999, 37.874995000360002 ], [ -122.309275190671002, 37.874975000059798 ], [ -122.309273275932995, 37.874954999838501 ], [ -122.309266374798, 37.874935000229499 ], [ -122.309265999912995, 37.874934216508898 ], [ -122.309254908564995, 37.8749150003203 ], [ -122.309248631442003, 37.874895000395298 ], [ -122.309245999813996, 37.874885579602903 ], [ -122.309242846231001, 37.874874999998603 ], [ -122.309230470169993, 37.874854999605901 ], [ -122.309225999831995, 37.874850464212599 ], [ -122.309212667083003, 37.874835001106298 ], [ -122.309205999723005, 37.874817080065903 ], [ -122.309205381070001, 37.8748150008051 ], [ -122.309204811176002, 37.874795000788801 ], [ -122.309205999520003, 37.874790036128402 ], [ -122.309209914319993, 37.874775000441701 ], [ -122.309210008313997, 37.874755001142503 ], [ -122.309208117496993, 37.874735000460099 ], [ -122.309205999455003, 37.874729643242901 ], [ -122.309199504911007, 37.874715000501098 ], [ -122.309186000528001, 37.874699177171102 ], [ -122.309181954620001, 37.874695000730497 ], [ -122.309171621453999, 37.874675000598202 ], [ -122.309169023543006, 37.8746550009296 ], [ -122.309166000321, 37.874644586179798 ], [ -122.309162954835998, 37.874635000588299 ], [ -122.309156241645994, 37.874615000955401 ], [ -122.309145999595003, 37.874603163988901 ], [ -122.309139469108004, 37.874595000604501 ], [ -122.309129736068996, 37.8745750006142 ], [ -122.309126000261998, 37.874566625064404 ], [ -122.309121015326994, 37.874555000032899 ], [ -122.309116651295994, 37.874535000168002 ], [ -122.309112262232006, 37.874515000784903 ], [ -122.309106000393996, 37.874501515220501 ], [ -122.309101926832994, 37.874495000690501 ], [ -122.309092253022001, 37.874475000457302 ], [ -122.309088326256997, 37.874455000272903 ], [ -122.309086000351996, 37.874451321610898 ], [ -122.309076142772, 37.874435000658401 ], [ -122.309065999818003, 37.874422535507001 ], [ -122.309061240046006, 37.874415000297503 ], [ -122.309054060034001, 37.874395000647702 ], [ -122.309051552097003, 37.874375000145299 ], [ -122.309046000324997, 37.874366595662501 ], [ -122.309040179381, 37.874355000217797 ], [ -122.309027837627994, 37.874335000046301 ], [ -122.309025999469, 37.874332811086497 ], [ -122.309010067694004, 37.874314999981998 ], [ -122.309006000175998, 37.874310564805299 ], [ -122.308989117376996, 37.874294999946301 ], [ -122.308985999970005, 37.874291354514298 ], [ -122.308965999563995, 37.874276053020502 ], [ -122.308964326237003, 37.874275000052798 ], [ -122.308945999922997, 37.874262623123897 ], [ -122.308933685607997, 37.874255000270402 ], [ -122.308925999942005, 37.874249551357003 ], [ -122.308905999977, 37.874247192783798 ], [ -122.308885999382994, 37.8742432622427 ], [ -122.308876169382998, 37.874235000387003 ], [ -122.308866000018, 37.8742216764049 ], [ -122.308856352123996, 37.874215000115903 ], [ -122.308845999021997, 37.874202881821603 ], [ -122.308840875604005, 37.874194999975998 ], [ -122.308837482987002, 37.874175000301598 ], [ -122.308841290339004, 37.874154999717099 ], [ -122.308845999531997, 37.874147670065099 ], [ -122.308854149244993, 37.874135000375297 ], [ -122.308856148328005, 37.874114999502503 ], [ -122.308845999924998, 37.874108044005901 ], [ -122.308825999773006, 37.874109778681998 ], [ -122.308805999854002, 37.874111927265197 ], [ -122.308785999432004, 37.874098986857703 ], [ -122.308782804339003, 37.874095000086498 ], [ -122.308769856908995, 37.874074999850599 ], [ -122.308765999643001, 37.874065452370097 ], [ -122.308761889053002, 37.874055000951998 ], [ -122.308750432194003, 37.874035000819298 ], [ -122.308745999628997, 37.874025888223798 ], [ -122.308741720746994, 37.874015000934499 ], [ -122.308738755144006, 37.873995000237898 ], [ -122.308731618530999, 37.873975000635703 ], [ -122.308725999898002, 37.873960250131603 ], [ -122.308724488750002, 37.873955000901702 ], [ -122.308720745442002, 37.873935000775901 ], [ -122.308716522753002, 37.873915000878398 ], [ -122.308712665564002, 37.873895000244801 ], [ -122.308708371156001, 37.873875000827503 ], [ -122.308705999126005, 37.873865612821 ], [ -122.308704485521005, 37.873855000741202 ], [ -122.308699224329004, 37.873835000135003 ], [ -122.308692946308, 37.873815000202903 ], [ -122.308685999418998, 37.8737967587847 ], [ -122.308685527329004, 37.873795000634203 ], [ -122.308681188495996, 37.8737750002716 ], [ -122.308671102706001, 37.873755000739003 ], [ -122.308666000141997, 37.873744247176099 ], [ -122.308662517689001, 37.873735000215802 ], [ -122.308655586075005, 37.8737150002638 ], [ -122.308648119292002, 37.873695000713397 ], [ -122.308645999885997, 37.873688784190698 ], [ -122.308642655447997, 37.873675000406202 ], [ -122.308637357869003, 37.873655000498097 ], [ -122.308632139981995, 37.873634999956003 ], [ -122.308627028016005, 37.873615000074601 ], [ -122.308625999762, 37.873612856709201 ], [ -122.308618574009003, 37.873595000626601 ], [ -122.308608775178996, 37.873575000065799 ], [ -122.308606000001006, 37.873564538239201 ], [ -122.308603808971995, 37.873555000077801 ], [ -122.308594586346999, 37.8735350001242 ], [ -122.308587619464006, 37.873514999947901 ], [ -122.308585999770003, 37.873511179012297 ], [ -122.308579570833004, 37.873494999894397 ], [ -122.308572752009994, 37.873475000467103 ], [ -122.308566502502003, 37.873454999980801 ], [ -122.308566000062001, 37.873453032757197 ], [ -122.308561686616002, 37.873434999797901 ], [ -122.308552831816996, 37.873414999961099 ], [ -122.308545999892999, 37.873404476735502 ], [ -122.308540103203001, 37.873394999991703 ], [ -122.308526000117993, 37.873378248710097 ], [ -122.308522981538999, 37.873374999983298 ], [ -122.308511023817005, 37.8733549995722 ], [ -122.308505999600996, 37.8733370693718 ], [ -122.308505595341003, 37.873334999479098 ], [ -122.308502538759996, 37.8733149996295 ], [ -122.308499005076001, 37.873294999963399 ], [ -122.308496475729001, 37.8732750007647 ], [ -122.308492347647004, 37.873255000840103 ], [ -122.308488739943002, 37.873235000798701 ], [ -122.308486000269994, 37.873217857161002 ], [ -122.308485733469993, 37.873215000884201 ], [ -122.308484600132999, 37.873195000914002 ], [ -122.308484657847004, 37.873175000517698 ], [ -122.308483084990002, 37.873155000907701 ], [ -122.308479698178004, 37.873135000214397 ], [ -122.308477069752001, 37.873115000222903 ], [ -122.308473031641, 37.873095000366 ], [ -122.308469661931994, 37.873075000243098 ], [ -122.308466300191, 37.873054999966897 ], [ -122.308465999570998, 37.873054223813099 ], [ -122.308461787260995, 37.873035000249402 ], [ -122.308452374579005, 37.873015000345099 ], [ -122.308445999593005, 37.872996948568201 ], [ -122.308445694726004, 37.872995000037299 ], [ -122.308441800102997, 37.872975000117698 ], [ -122.308431091608, 37.872954999954501 ], [ -122.308426000064003, 37.872945524808003 ], [ -122.308421273592998, 37.872935000650003 ], [ -122.308415089064994, 37.872914999806802 ], [ -122.308409979481993, 37.872894999872301 ], [ -122.308406000054006, 37.872877272716501 ], [ -122.308405644215995, 37.872875000333302 ], [ -122.308402774423001, 37.872855000486503 ], [ -122.308398499475999, 37.872834999786598 ], [ -122.308392811464003, 37.872815000185199 ], [ -122.308386000034005, 37.8727959760066 ], [ -122.308385643164002, 37.872795000276398 ], [ -122.308382903167995, 37.872774999731099 ], [ -122.308379605246998, 37.872755000024704 ], [ -122.308374566268, 37.872734999630197 ], [ -122.308371141948996, 37.872714999656502 ], [ -122.308367009380007, 37.872694999815103 ], [ -122.308365999556003, 37.872681666895403 ], [ -122.308365878358003, 37.872674999799997 ], [ -122.30836342648, 37.872655000008699 ], [ -122.308356930011996, 37.8726349997673 ], [ -122.308347849898993, 37.872614999755001 ], [ -122.308346000064006, 37.872610434599601 ], [ -122.308341102940005, 37.872594999834199 ], [ -122.308334715813999, 37.872575000187098 ], [ -122.308332919795006, 37.872554999471802 ], [ -122.308330472481998, 37.872534999592098 ], [ -122.308326338794004, 37.872514999771298 ], [ -122.308326000245003, 37.872509445430403 ], [ -122.308325520957993, 37.872495000927699 ], [ -122.308322562382003, 37.8724750009887 ], [ -122.308317918545001, 37.872455000187003 ], [ -122.308311066857001, 37.872435000480699 ], [ -122.308306000122002, 37.8724243703901 ], [ -122.308302995656007, 37.872415000846601 ], [ -122.308297722155004, 37.872395000463598 ], [ -122.308292474858007, 37.872375000475998 ], [ -122.308287828786007, 37.872355000616203 ], [ -122.308286000232997, 37.872345102747801 ], [ -122.308285083141996, 37.872335000178303 ], [ -122.308280553233999, 37.8723150007824 ], [ -122.308276647282, 37.872295000177097 ], [ -122.308270897837005, 37.872274999953902 ], [ -122.308265999943004, 37.872260167177103 ], [ -122.308265042505994, 37.872254999968398 ], [ -122.308262710240996, 37.872235000573497 ], [ -122.308261459681006, 37.872215000158903 ], [ -122.308259924458, 37.8721949998234 ], [ -122.308255793084996, 37.872174999956201 ], [ -122.308250338589005, 37.872155000355299 ], [ -122.308249207607005, 37.8721350003391 ], [ -122.308246000086001, 37.872121922965697 ], [ -122.308245055727994, 37.872114999966499 ], [ -122.308240219528997, 37.872095000164798 ], [ -122.308233499956998, 37.872074999712403 ], [ -122.308226000264995, 37.872057581443201 ], [ -122.308225302416005, 37.872054999805897 ], [ -122.308221649293003, 37.872034999733103 ], [ -122.308219287431001, 37.872015000007401 ], [ -122.308218450227997, 37.871994999736899 ], [ -122.308217501445995, 37.871974999813801 ], [ -122.308205999376995, 37.871955291148197 ], [ -122.3082058902, 37.871954999909399 ], [ -122.308200925346, 37.871934999882797 ], [ -122.308198231006003, 37.871915000256003 ], [ -122.308193643053002, 37.871895000175002 ], [ -122.308186879101996, 37.871874999674702 ], [ -122.308185999775006, 37.871872699572201 ], [ -122.308180366816998, 37.871854999730303 ], [ -122.308174874783006, 37.871834999949201 ], [ -122.308170948400999, 37.871814999734703 ], [ -122.308167573139997, 37.871794999712797 ], [ -122.308165999576005, 37.871789606808299 ], [ -122.308163363237, 37.871774999554901 ], [ -122.308157550106998, 37.871754999653199 ], [ -122.308153180806997, 37.871734999862703 ], [ -122.308150056078006, 37.871715000418597 ], [ -122.308148348974996, 37.871695000690302 ], [ -122.308145999706994, 37.871685570845997 ], [ -122.308143635787999, 37.871675000318298 ], [ -122.308125999569995, 37.871656429171999 ], [ -122.308124906844, 37.871655000596903 ], [ -122.308109161179004, 37.871635000156502 ], [ -122.308105999610007, 37.871630618606098 ], [ -122.308100077839001, 37.871615000191198 ], [ -122.308093381134995, 37.871595000192301 ], [ -122.308087787808006, 37.871575000557499 ], [ -122.308085999699003, 37.871567522410402 ], [ -122.308084405751998, 37.871555000664699 ], [ -122.308078758888001, 37.871535000260103 ], [ -122.308070415702005, 37.871515000447999 ], [ -122.308065999215998, 37.871502189283603 ], [ -122.308064179037999, 37.871495000593903 ], [ -122.308065152355994, 37.8714750005783 ], [ -122.308064384643998, 37.871454999870203 ], [ -122.308060936569007, 37.871435000347503 ], [ -122.308051950050995, 37.871415000315899 ], [ -122.308045999871993, 37.871398606805201 ], [ -122.308044720468999, 37.871394999770501 ], [ -122.308039992535001, 37.871374999679098 ], [ -122.308032235797995, 37.8713550002782 ], [ -122.308025999422, 37.871344765206999 ], [ -122.308021513987001, 37.871335000341197 ], [ -122.308016593632999, 37.871315000352297 ], [ -122.308009817263994, 37.871295000082803 ], [ -122.308005999745006, 37.871288397811199 ], [ -122.307996282993997, 37.871275000270501 ], [ -122.307992217771996, 37.871255000023602 ], [ -122.307985999677996, 37.871247833867002 ], [ -122.307970106011993, 37.8712349996838 ], [ -122.307965999008999, 37.871232047230798 ], [ -122.307950435560997, 37.871215000057397 ], [ -122.307945999786, 37.871207031163699 ], [ -122.307938222152998, 37.871195000019299 ], [ -122.307925999302995, 37.871184523801197 ], [ -122.307915528585994, 37.871175000066799 ], [ -122.307905999282994, 37.871163435434603 ], [ -122.307898069421995, 37.871155000177097 ], [ -122.307885999988997, 37.871146583378803 ], [ -122.307871367811003, 37.871134999949199 ], [ -122.307866000470995, 37.8711304259811 ], [ -122.307846000552999, 37.871115142308 ], [ -122.307845812850005, 37.871115000149402 ], [ -122.307826000036002, 37.871096771378902 ], [ -122.307823809333996, 37.871094999501203 ], [ -122.307805999758003, 37.871076264281903 ], [ -122.307804811891003, 37.871074999501197 ], [ -122.307786000655, 37.871056275452403 ], [ -122.307784153179995, 37.871054999967001 ], [ -122.307766000488002, 37.871042128237498 ], [ -122.307754920416002, 37.871034999822598 ], [ -122.307745999727004, 37.871028811559803 ], [ -122.307729877913999, 37.871015000038 ], [ -122.307725999986999, 37.871011277427698 ], [ -122.307710351026003, 37.870994999412197 ], [ -122.307706000463995, 37.870990571441403 ], [ -122.307690316332994, 37.870974999554797 ], [ -122.307686000158995, 37.870971133306 ], [ -122.307668162631998, 37.870954999969399 ], [ -122.307666000590999, 37.8709530493743 ], [ -122.307646525859994, 37.870934999433402 ], [ -122.307646000505002, 37.870934504744397 ], [ -122.307626964902994, 37.870915000350202 ], [ -122.307626000065994, 37.870914063308703 ], [ -122.307606807268996, 37.870895000145403 ], [ -122.307606000464006, 37.8708942031341 ], [ -122.307586205587, 37.870875000381702 ], [ -122.307585999793005, 37.870874788385201 ], [ -122.307566000023002, 37.870857213736898 ], [ -122.307563767255004, 37.8708549999551 ], [ -122.307545999941993, 37.870837078218798 ], [ -122.307543906860005, 37.870835000320902 ], [ -122.307526000123005, 37.870817838008101 ], [ -122.307522371518999, 37.870815000512003 ], [ -122.307506000074994, 37.870803580072497 ], [ -122.307492438647998, 37.870795000277901 ], [ -122.307486000151997, 37.870791543773699 ], [ -122.307466000003998, 37.870782457068501 ], [ -122.307445999343997, 37.870778269860502 ], [ -122.307426000275996, 37.8707771653837 ], [ -122.307405999731998, 37.870779820357498 ], [ -122.307385999447007, 37.870788213440903 ], [ -122.307366000185993, 37.870794791575001 ], [ -122.307364928314001, 37.870795000254901 ], [ -122.307346000224996, 37.8708009405076 ], [ -122.307326000165006, 37.870800543287402 ], [ -122.307305999823001, 37.870801578574103 ], [ -122.307288142478001, 37.870795000695999 ], [ -122.307286000014997, 37.870794461526899 ], [ -122.307265999273994, 37.870785909289999 ], [ -122.307247759155004, 37.870774999862803 ], [ -122.307245999244003, 37.870774052917 ], [ -122.307225999224002, 37.870763897190201 ], [ -122.307205999583999, 37.870756156555203 ], [ -122.307204509914001, 37.870755000152897 ], [ -122.307189592488996, 37.870734999865803 ], [ -122.307185998953997, 37.870730453837197 ], [ -122.307179523437995, 37.870714999901303 ], [ -122.307167180533, 37.870695000481398 ], [ -122.307165999234002, 37.870688957553 ], [ -122.307162449462993, 37.870675000421102 ], [ -122.307145999048004, 37.870661567668101 ], [ -122.307125999638998, 37.870656827897598 ], [ -122.307122666309994, 37.870654999701301 ], [ -122.307106000519994, 37.870636052522698 ], [ -122.307105577540995, 37.870634999777003 ], [ -122.307106000651004, 37.870620714281102 ], [ -122.307106257341999, 37.8706150000205 ], [ -122.307111504868004, 37.870612174450898 ], [ -122.307139748316004, 37.870594999938803 ], [ -122.307165999527001, 37.870586119538302 ], [ -122.307186271069, 37.870575000234197 ], [ -122.307205999470995, 37.870569426133301 ], [ -122.307265999223006, 37.870560702791501 ], [ -122.307277852216004, 37.870555000322298 ], [ -122.307305999625996, 37.870548572303498 ], [ -122.307381886653999, 37.870535000135398 ], [ -122.307425999589995, 37.870528776963504 ], [ -122.307465999727995, 37.8705189679483 ], [ -122.307485999790003, 37.870517149800001 ], [ -122.307545999590005, 37.870507284451001 ], [ -122.307586000515997, 37.870495875509597 ], [ -122.307626000244994, 37.870492485726203 ], [ -122.307733607607005, 37.8704749998615 ], [ -122.307806000384005, 37.870467168880701 ], [ -122.307846000669002, 37.870455704075198 ], [ -122.307886000771006, 37.870451994763002 ], [ -122.307925999957007, 37.870445114507902 ], [ -122.307945999311997, 37.870440872194997 ], [ -122.307965999142993, 37.8704333932358 ], [ -122.308005999691005, 37.870430364134599 ], [ -122.308025999365995, 37.870427278064099 ], [ -122.308085999428997, 37.870408445782701 ], [ -122.308105999377005, 37.870406366586202 ], [ -122.308126000138003, 37.870400285894199 ], [ -122.308145999564005, 37.870396379177002 ], [ -122.308218916415996, 37.870375000145998 ], [ -122.308286000077999, 37.870367111770399 ], [ -122.308334972154, 37.870354999944396 ], [ -122.308365999809993, 37.870349188406998 ], [ -122.30838600013, 37.87033936265 ], [ -122.308400048600006, 37.870334999931799 ], [ -122.308466000798006, 37.8703287870892 ], [ -122.308486000753007, 37.870325859303101 ], [ -122.308505999955003, 37.870319951341202 ], [ -122.308526000122995, 37.870320762275099 ], [ -122.308545999816005, 37.870313725029298 ], [ -122.308586000497002, 37.870307008288997 ], [ -122.308626000839993, 37.870302756134897 ], [ -122.308646000080998, 37.870302502585602 ], [ -122.308666000263997, 37.870299102361898 ], [ -122.308685999990999, 37.870295317922697 ], [ -122.308705999794995, 37.870286474719101 ], [ -122.308745999639001, 37.870275963421399 ], [ -122.308786000089995, 37.870271161424398 ], [ -122.308805999409998, 37.870272129795403 ], [ -122.308846000266996, 37.870260063564203 ], [ -122.308885999756001, 37.870250613107899 ], [ -122.308906000085003, 37.870249176237301 ], [ -122.308945999627994, 37.870241501094704 ], [ -122.308966000211996, 37.870234937962998 ], [ -122.309006000207006, 37.870227425657902 ], [ -122.309106000008995, 37.870221365074897 ], [ -122.309146000536003, 37.870216123845701 ], [ -122.309186000077005, 37.870196814913498 ], [ -122.309226000400002, 37.870187504697398 ], [ -122.309245999827994, 37.870186519494197 ], [ -122.309266000025005, 37.870189659025101 ], [ -122.309286000148006, 37.870189435045297 ], [ -122.309306000285005, 37.8701809381622 ], [ -122.309326000069007, 37.870175273900301 ], [ -122.309346000947002, 37.870173190877999 ], [ -122.309366000601003, 37.870173542775497 ], [ -122.309386000626006, 37.870167960381998 ], [ -122.309406000332999, 37.870165100831699 ], [ -122.309446000237003, 37.870162832502601 ], [ -122.309506000105003, 37.8701495882556 ], [ -122.309566000299995, 37.870147212839001 ], [ -122.309605999794996, 37.870136290041998 ], [ -122.309645999493995, 37.870122863041999 ], [ -122.309705999726006, 37.8701100389004 ], [ -122.309746000529998, 37.8701032587798 ], [ -122.309805999727004, 37.870085675484901 ], [ -122.309826000382998, 37.870076385766197 ], [ -122.309845999914998, 37.870069386095402 ], [ -122.309886000301006, 37.870066470641902 ], [ -122.309926000535, 37.8700608179401 ], [ -122.309966000100999, 37.870061273183403 ], [ -122.310003036675994, 37.8700549999689 ], [ -122.310066000811005, 37.870041405011698 ], [ -122.310106000001994, 37.870035350052 ], [ -122.310166000302004, 37.870019246749301 ], [ -122.310186000551994, 37.870019840548203 ], [ -122.310206000462003, 37.870015955969698 ], [ -122.310226000628006, 37.870018983763998 ], [ -122.310265999414, 37.870011291994203 ], [ -122.310306000283006, 37.870000603785797 ], [ -122.310345999456999, 37.869998573619498 ], [ -122.310386000251995, 37.869994528722103 ], [ -122.310446000267007, 37.869983882663099 ], [ -122.310506000453998, 37.869982139343598 ], [ -122.310533668860003, 37.869974999932602 ], [ -122.310566000291999, 37.869963034963 ], [ -122.310586000553997, 37.869957723206497 ], [ -122.310605999751999, 37.869957471128998 ], [ -122.310646000042993, 37.869953226394799 ], [ -122.310686000524996, 37.869939058479403 ], [ -122.310725999949, 37.869929286168997 ], [ -122.310746000902, 37.869928057734498 ], [ -122.310805999997996, 37.869932592297197 ], [ -122.310846000303997, 37.869925654348002 ], [ -122.310906000759005, 37.869924585683798 ], [ -122.310926000647001, 37.869921772664703 ], [ -122.310966000134997, 37.869912520365602 ], [ -122.310986000501003, 37.869911014759097 ], [ -122.31106599972, 37.869892187068402 ], [ -122.311085999504002, 37.869889961603803 ], [ -122.311146000365, 37.869873849695502 ], [ -122.311166000542002, 37.869873150297003 ], [ -122.311185999814001, 37.869868620398002 ], [ -122.311205999974007, 37.869866739535297 ], [ -122.311246000520001, 37.869856121201302 ], [ -122.311286000124994, 37.869856469823603 ], [ -122.311325999977996, 37.8698538004464 ], [ -122.311366000573003, 37.869840970324297 ], [ -122.311386000740995, 37.869840049534503 ], [ -122.311406000822004, 37.869831930218503 ], [ -122.311466000595004, 37.869816081814903 ], [ -122.311485999965001, 37.869817128020401 ], [ -122.311546000131003, 37.869815794494102 ], [ -122.311606000880005, 37.869801639453797 ], [ -122.311654340518004, 37.869795000324402 ], [ -122.311666001090998, 37.869791969074498 ], [ -122.311706000998001, 37.8697749502088 ], [ -122.311746000588002, 37.869775926748602 ], [ -122.311786001165004, 37.869769962078003 ], [ -122.311866000297002, 37.8697635018152 ], [ -122.311986000627002, 37.8697377801724 ], [ -122.312005999614001, 37.869726898341497 ], [ -122.312046000478006, 37.869721018160497 ], [ -122.312066000265006, 37.86971577005 ], [ -122.312086000628, 37.869707663210598 ], [ -122.312126000001996, 37.869700628567699 ], [ -122.312186000794995, 37.869693822027898 ], [ -122.312206000236003, 37.869689780553401 ], [ -122.312246000032005, 37.869689547569301 ], [ -122.312286000010005, 37.869686517041103 ], [ -122.312332235048004, 37.869674999814201 ], [ -122.312386000415003, 37.869667632218402 ], [ -122.312446000622003, 37.869663722065802 ], [ -122.312526000318002, 37.869648138116098 ], [ -122.312586000997996, 37.8696273887304 ], [ -122.312606000369001, 37.8696229404731 ], [ -122.312626000544, 37.869621763927199 ], [ -122.312665999651003, 37.869614317891802 ], [ -122.312706000220999, 37.869604190363397 ], [ -122.312725999701996, 37.8695955048507 ], [ -122.312766000693998, 37.869587530553197 ], [ -122.312786000594997, 37.869585276006298 ], [ -122.312866000032997, 37.8695567074883 ], [ -122.312906000195994, 37.869545240973899 ], [ -122.312926000632999, 37.869542672357298 ], [ -122.312946000034003, 37.869537451999797 ], [ -122.312986000814007, 37.869522060449299 ], [ -122.313006000320996, 37.869517175710897 ], [ -122.313030076649994, 37.869514999982798 ], [ -122.313066000069, 37.869502045449103 ], [ -122.313086000884994, 37.869501775827899 ], [ -122.313106000518999, 37.869498665507301 ], [ -122.313126000919993, 37.869491487100497 ], [ -122.313166001030993, 37.869472904754197 ], [ -122.313186000705002, 37.869469574864098 ], [ -122.313206000606996, 37.869471598871399 ], [ -122.313246000874997, 37.869479902096799 ], [ -122.313266000366994, 37.869488365185298 ], [ -122.313300527457997, 37.869514999719797 ], [ -122.313321589192, 37.869534999549799 ], [ -122.313345316978996, 37.869574999458102 ], [ -122.313365730884996, 37.869595000077403 ], [ -122.313379441641004, 37.869614999501302 ], [ -122.313396793775993, 37.869634999779002 ], [ -122.313426000597005, 37.869663012829101 ], [ -122.313466000093001, 37.8697064223214 ], [ -122.313506000218993, 37.8697405231921 ], [ -122.313518699029999, 37.869755000152203 ], [ -122.313531610566002, 37.869775000578102 ], [ -122.313550309758995, 37.8697950000481 ], [ -122.313572334932999, 37.869815000150197 ], [ -122.313637825843003, 37.869895000224503 ], [ -122.313656020699995, 37.869915000409001 ], [ -122.313729201624994, 37.870015000787603 ], [ -122.313761601655003, 37.8700550007038 ], [ -122.313819134403005, 37.870115001015101 ], [ -122.313836104166, 37.870135000511397 ], [ -122.313866000670998, 37.870156392807303 ], [ -122.313886558554998, 37.870174999450597 ], [ -122.313900941371003, 37.8701949993524 ], [ -122.313921470584006, 37.870214999458597 ], [ -122.314017357138994, 37.870294999655599 ], [ -122.314107021224004, 37.870375000151199 ], [ -122.314165999628997, 37.8704321685886 ], [ -122.314235454008994, 37.870515000098301 ], [ -122.314266000448001, 37.870546216551098 ], [ -122.314285999841999, 37.870571653612501 ], [ -122.314328466964994, 37.870614999929103 ], [ -122.314362746361994, 37.870655000325698 ], [ -122.314406000627997, 37.870698944204001 ], [ -122.314434697281996, 37.870735000426897 ], [ -122.314486000254007, 37.870780365455403 ], [ -122.314506000937001, 37.8708053975406 ], [ -122.314518749943005, 37.870815000928403 ], [ -122.314537289121006, 37.870835000642799 ], [ -122.314601662686002, 37.8709150010922 ], [ -122.314629277777001, 37.870954999541901 ], [ -122.314645573904002, 37.870975000232797 ], [ -122.314669756046001, 37.871015000131997 ], [ -122.314687332003999, 37.871034999516098 ], [ -122.314726000937, 37.871090095912102 ], [ -122.314753852265, 37.8711149998568 ], [ -122.314786001328002, 37.871154361890298 ], [ -122.314808253948996, 37.871195000077201 ], [ -122.314837625126998, 37.871235000586502 ], [ -122.314873201769998, 37.871295000326597 ], [ -122.314917105489997, 37.871355000420799 ], [ -122.314965999511998, 37.871404372739697 ], [ -122.314989307057999, 37.871435000775399 ], [ -122.315026281231994, 37.871475000277897 ], [ -122.315088018745001, 37.871555000972599 ], [ -122.315105319381999, 37.871575000214897 ], [ -122.315145999913995, 37.871617058913898 ], [ -122.315192642827995, 37.8716550010354 ], [ -122.315213715910005, 37.8716750003355 ], [ -122.315231251200004, 37.871695000430599 ], [ -122.315271157694994, 37.871734999952899 ], [ -122.315306000188002, 37.871766881884298 ], [ -122.315346000388004, 37.871819267347902 ], [ -122.315398979001998, 37.871874999745998 ], [ -122.315428505612005, 37.871914999821001 ], [ -122.315446000655996, 37.871934946674799 ], [ -122.315491702543, 37.871995000046297 ], [ -122.315545512466997, 37.872055000363297 ], [ -122.315578033921, 37.872095000180103 ], [ -122.315606000542004, 37.8721182712464 ], [ -122.315646000566005, 37.872157341135797 ], [ -122.315681758731998, 37.8721950001067 ], [ -122.315714936220004, 37.872235000721403 ], [ -122.315725999931004, 37.872250850656897 ], [ -122.315738717406006, 37.872275000966098 ], [ -122.315759865971003, 37.872295000518797 ], [ -122.315786000496999, 37.872325892369403 ], [ -122.315806000259002, 37.872340849025697 ], [ -122.315826000749993, 37.872352035433202 ], [ -122.315855524932999, 37.872395000353698 ], [ -122.315875819593998, 37.872415001076199 ], [ -122.315926000210993, 37.872459133752301 ], [ -122.315966000136001, 37.872499699038897 ], [ -122.316034558417996, 37.872594999445901 ], [ -122.316066484833001, 37.872634998931197 ], [ -122.316086000119995, 37.872662160112903 ], [ -122.316126000924001, 37.872704036365803 ], [ -122.316206000243994, 37.872794007511303 ], [ -122.31624903817, 37.872854999274701 ], [ -122.316270857890999, 37.872894999506101 ], [ -122.316298562501999, 37.872954999698997 ], [ -122.316306000949993, 37.872967942995899 ], [ -122.316312168793004, 37.872974999931998 ], [ -122.316346000218999, 37.873027508707104 ], [ -122.316366000795995, 37.873048373456697 ], [ -122.316386000367004, 37.873072703416597 ], [ -122.316400124267005, 37.8731150001015 ], [ -122.316421979422003, 37.873154999624198 ], [ -122.316435641572994, 37.8731749996657 ], [ -122.316466000890998, 37.873207758796802 ], [ -122.316505999770996, 37.873242118800597 ], [ -122.316562337736002, 37.873294999113497 ], [ -122.316577513281004, 37.873314999606997 ], [ -122.316589052973995, 37.873334999230302 ], [ -122.316606818143001, 37.8733749994257 ], [ -122.316620062731005, 37.873414999641099 ], [ -122.316631449873995, 37.873434999507502 ], [ -122.316649198901004, 37.873454999781799 ], [ -122.316670718118999, 37.873474999225301 ], [ -122.316722287722001, 37.873514999801301 ], [ -122.316766000033994, 37.873551601433498 ], [ -122.316785999819999, 37.873579022198598 ], [ -122.316846000739005, 37.873648189410801 ], [ -122.316858544585997, 37.8736549998968 ], [ -122.316866000944998, 37.873663841451098 ], [ -122.316883744495996, 37.873694999527402 ], [ -122.316897352216003, 37.873714999672103 ], [ -122.316932064851997, 37.873755000018498 ], [ -122.316986000848004, 37.873828200313604 ], [ -122.317006000193004, 37.873852988189199 ], [ -122.317027900715999, 37.873875000296302 ], [ -122.317080023399996, 37.873935000171997 ], [ -122.317126000257005, 37.8739919702845 ], [ -122.317140782438003, 37.874014999895998 ], [ -122.317171333402996, 37.874055000484802 ], [ -122.317183884515003, 37.874074999414702 ], [ -122.317193106112995, 37.874094999673197 ], [ -122.317217410197998, 37.874134999448401 ], [ -122.317226665953996, 37.874154999044798 ], [ -122.317242916783002, 37.874174999384898 ], [ -122.317291205133003, 37.874254999692099 ], [ -122.317326000400001, 37.874295153105699 ], [ -122.317368909032993, 37.874354999732603 ], [ -122.317452380692998, 37.874454999875198 ], [ -122.317491727353001, 37.8744949996277 ], [ -122.317525831460998, 37.8745349998743 ], [ -122.317545999805006, 37.8745550801588 ], [ -122.317585999846003, 37.874599411575502 ], [ -122.317630864368994, 37.874655000185903 ], [ -122.317650153485999, 37.874675000261099 ], [ -122.317686000948001, 37.874705941617599 ], [ -122.317746125501003, 37.874774999845997 ], [ -122.317766030132006, 37.874814999941897 ], [ -122.317768600753993, 37.874834999995898 ], [ -122.317763333599004, 37.874854999420997 ], [ -122.317750479224003, 37.874874999673601 ], [ -122.317734131788001, 37.874914999262899 ], [ -122.317715141400001, 37.874954999525499 ], [ -122.317700309033, 37.8749749992974 ], [ -122.317688579665997, 37.8749949994017 ], [ -122.317684070883004, 37.875014999466998 ], [ -122.317684231960996, 37.875034999287003 ], [ -122.317689639112004, 37.875054999426503 ], [ -122.317708105047004, 37.875074999202802 ], [ -122.317726000937995, 37.8750905603953 ], [ -122.317746000227999, 37.875098509883799 ], [ -122.317786000601998, 37.875105892048197 ], [ -122.317826001208999, 37.875108019263301 ], [ -122.317886000943005, 37.875105578578697 ], [ -122.317926001352006, 37.875107625680698 ], [ -122.317966000609005, 37.875123986181897 ], [ -122.318002866384006, 37.875154999554397 ], [ -122.318026001136005, 37.875186662475798 ], [ -122.318066000816998, 37.875232581028797 ], [ -122.318106000594994, 37.875271988490802 ], [ -122.318133462404006, 37.875294999715997 ], [ -122.318185999777995, 37.875350492947703 ], [ -122.318221473948995, 37.875394999813302 ], [ -122.318235163192, 37.875415000043198 ], [ -122.318269292042004, 37.875455000515899 ], [ -122.318329752973, 37.875535000048401 ], [ -122.318365833250994, 37.875594999910597 ], [ -122.318386000825996, 37.875641527505103 ], [ -122.318406316193006, 37.8756949997288 ], [ -122.318422573654004, 37.875754999366897 ], [ -122.318430291539997, 37.875774999808897 ], [ -122.318440956448001, 37.875794999981302 ], [ -122.318470958822004, 37.875835000071497 ], [ -122.318486000476, 37.875846227014001 ], [ -122.318506000935997, 37.875854793633302 ], [ -122.318526000573996, 37.875860905563897 ], [ -122.318606001250004, 37.875871699385797 ], [ -122.318666000641002, 37.875860142280601 ], [ -122.318686000870997, 37.875854464767798 ], [ -122.318706001104005, 37.8758457710641 ], [ -122.318746000860997, 37.875832959230898 ], [ -122.318816550432999, 37.875814999275399 ], [ -122.318926000282005, 37.8757790980832 ], [ -122.319026000058997, 37.875753946933898 ], [ -122.319066000651006, 37.8757402090638 ], [ -122.319185999358993, 37.875710962102303 ], [ -122.319246000020001, 37.875693016874799 ], [ -122.319324763474995, 37.875674999487899 ], [ -122.319365999054, 37.875667977270297 ], [ -122.319445999674002, 37.875660200999398 ], [ -122.319466000095005, 37.875656996948798 ], [ -122.319525999495994, 37.875653208431203 ], [ -122.319585999355994, 37.875644728226497 ], [ -122.319619696979004, 37.875634999259198 ], [ -122.319745998816998, 37.875604891095698 ], [ -122.319825999149003, 37.875577438265402 ], [ -122.319845998801995, 37.8755720413102 ], [ -122.319865999593006, 37.875563004567802 ], [ -122.319965999689998, 37.875528066201603 ], [ -122.320085999837005, 37.875496203428902 ], [ -122.320125999072999, 37.875490887517799 ], [ -122.320145999177001, 37.8754869770017 ], [ -122.320165999363994, 37.875480312138997 ], [ -122.320285999538996, 37.875459372948498 ], [ -122.320305999509998, 37.875453179570698 ], [ -122.320326000316001, 37.875450762707899 ], [ -122.320366000245002, 37.875442345930999 ], [ -122.320585998797995, 37.875389004265301 ], [ -122.320705999840996, 37.875366116527502 ], [ -122.320765999676993, 37.875350847501103 ], [ -122.320785999028999, 37.875347760224699 ], [ -122.320885999718001, 37.875320764657602 ], [ -122.320945999339003, 37.875307548928099 ], [ -122.321006000075997, 37.875299845430398 ], [ -122.321046000126003, 37.875285484225003 ], [ -122.321085999863001, 37.875275743576601 ], [ -122.321205999379998, 37.875250391660501 ], [ -122.321245999691996, 37.8752449331799 ], [ -122.321305999591004, 37.8752336041807 ], [ -122.321345999011996, 37.875221613905701 ], [ -122.321425999319999, 37.875211937691702 ], [ -122.321445999117003, 37.875210887483199 ], [ -122.321485999676995, 37.875210949299898 ], [ -122.321525999084997, 37.8752156766813 ], [ -122.321565999157002, 37.875226193465203 ], [ -122.321585999948994, 37.8752350214152 ], [ -122.321605999642003, 37.875246275292398 ], [ -122.321627266928999, 37.875255000440198 ], [ -122.321665999868998, 37.875275774445001 ], [ -122.321725999831003, 37.875291597240498 ], [ -122.321746000087003, 37.875293720631298 ], [ -122.321766000045997, 37.875290176971099 ], [ -122.321785999634002, 37.875284674410999 ], [ -122.321825999704004, 37.875262604201602 ], [ -122.321845999657995, 37.875247562653698 ], [ -122.321906000157995, 37.875185452112397 ], [ -122.321920269968004, 37.875174999859702 ], [ -122.321946000517997, 37.875163724686303 ], [ -122.321965999697994, 37.875150533158298 ], [ -122.322005999262004, 37.875135760420399 ], [ -122.322105999529995, 37.875106900307301 ], [ -122.322225999004004, 37.875080463979103 ], [ -122.322265999359004, 37.875076113730202 ], [ -122.322305999958999, 37.875069347451699 ], [ -122.322405999639003, 37.875043302626999 ], [ -122.322466000214007, 37.875030683588598 ], [ -122.322705999790998, 37.874966538945898 ], [ -122.322746000636002, 37.874961766511099 ], [ -122.322765999297005, 37.874958442262297 ], [ -122.322785998868994, 37.874952797361402 ], [ -122.322825999000997, 37.874948553106798 ], [ -122.322865999586, 37.874941165765001 ], [ -122.322885999335, 37.874938905059999 ], [ -122.322925999377006, 37.874937742650999 ], [ -122.322965999936997, 37.874943499821001 ], [ -122.323045999477003, 37.874962416056697 ], [ -122.323105999201005, 37.874963139216803 ], [ -122.323125999802997, 37.8749606490017 ], [ -122.323145999722996, 37.874955089516199 ], [ -122.32316599987, 37.874944948148197 ], [ -122.323266000263999, 37.874871764701801 ], [ -122.323286000555996, 37.874863575016199 ], [ -122.323325999830999, 37.874851265538403 ], [ -122.323366000293007, 37.874844648274703 ], [ -122.323405999616995, 37.874835718486501 ], [ -122.323426000024995, 37.874833149940102 ], [ -122.323506000543006, 37.874812892257502 ], [ -122.323565999701998, 37.874802478144197 ], [ -122.323605999871006, 37.8747932099404 ], [ -122.323645999003006, 37.874788386845999 ], [ -122.323685999366006, 37.874777987539602 ], [ -122.323725999225005, 37.874771866866098 ], [ -122.323746000034006, 37.874771147384799 ], [ -122.323825999483006, 37.8747521078608 ], [ -122.323866000248998, 37.8747453932423 ], [ -122.323906000172002, 37.874734834602201 ], [ -122.323946000275001, 37.8747318794112 ], [ -122.323965999907998, 37.874727892674898 ], [ -122.323986000022998, 37.874726050193402 ], [ -122.324086000387993, 37.874718372829904 ], [ -122.324145999882006, 37.874709956014101 ], [ -122.324166000120997, 37.874705695687602 ], [ -122.324204765944003, 37.874695000689997 ], [ -122.324246000488003, 37.874686397614397 ], [ -122.324286000062997, 37.874674068909698 ], [ -122.324326000666005, 37.874666030506198 ], [ -122.324366000059996, 37.874653256367701 ], [ -122.324385999716, 37.874650335845097 ], [ -122.324425999989998, 37.874641296816101 ], [ -122.324485999421, 37.8746261293904 ], [ -122.324525999604006, 37.874620500641903 ], [ -122.324565999417999, 37.874612218321801 ], [ -122.324586000191999, 37.874605665176198 ], [ -122.324625999305994, 37.874597434139098 ], [ -122.324646000374003, 37.8745907073125 ], [ -122.324686000295003, 37.874580778281697 ], [ -122.324739990433002, 37.874555000446598 ], [ -122.324768065190995, 37.874535000473699 ], [ -122.324785823203996, 37.8745149997781 ], [ -122.324796341321004, 37.874494999921097 ], [ -122.324803055005006, 37.8744750000102 ], [ -122.324807450272999, 37.874455000040399 ], [ -122.324807214404998, 37.874434999842897 ], [ -122.324798034988007, 37.874394999942297 ], [ -122.324790405504004, 37.874374999966101 ], [ -122.324728477524005, 37.874294999611799 ], [ -122.324709687622999, 37.874274999963298 ], [ -122.324686000110006, 37.874239111747798 ], [ -122.324660168386998, 37.874214999616697 ], [ -122.324573832490998, 37.874114999525297 ], [ -122.324525999564997, 37.874069005418598 ], [ -122.324485999345995, 37.874035838494798 ], [ -122.324445999814998, 37.873996601368901 ], [ -122.324399067447004, 37.8739550006744 ], [ -122.324365999570006, 37.8739197728706 ], [ -122.324345999626999, 37.873905027261202 ], [ -122.324286000252002, 37.873839152468697 ], [ -122.324266000782004, 37.873814732888398 ], [ -122.324245378127998, 37.873794999937203 ], [ -122.324229584381996, 37.873774999753003 ], [ -122.324158840592006, 37.873694999875198 ], [ -122.324149004570003, 37.873675000323999 ], [ -122.324129319944007, 37.873654999929897 ], [ -122.324113412401005, 37.873635000136701 ], [ -122.324090803624003, 37.873614999703697 ], [ -122.324050265037997, 37.873574999954201 ], [ -122.323943687099998, 37.873454999932697 ], [ -122.323903229506001, 37.873414999467499 ], [ -122.323826000368001, 37.873323179060101 ], [ -122.323778610774994, 37.873275000324497 ], [ -122.323715073425006, 37.873215000333097 ], [ -122.323699060167996, 37.873194999837303 ], [ -122.323665999951999, 37.873163337685298 ], [ -122.323645999619004, 37.873139648678297 ], [ -122.323605999918001, 37.873097696541301 ], [ -122.323539901426003, 37.873034999828903 ], [ -122.323446129386994, 37.872934999951497 ], [ -122.323433953640006, 37.872914999776398 ], [ -122.323396387751004, 37.872874999828497 ], [ -122.323364927509999, 37.872834999485399 ], [ -122.323326000134003, 37.872799304523802 ], [ -122.323288434068999, 37.872754999816898 ], [ -122.323265999906994, 37.872736391474099 ], [ -122.323220101698993, 37.872674999508703 ], [ -122.323203429426997, 37.872655000017602 ], [ -122.323189943147995, 37.872634999107198 ], [ -122.323156252472003, 37.872594999620297 ], [ -122.323142923370995, 37.872574999260102 ], [ -122.32312600006, 37.872554063411101 ], [ -122.323089795002005, 37.872495000463097 ], [ -122.323056000801998, 37.872455000255798 ], [ -122.323025999823003, 37.872426023137699 ], [ -122.323017519839993, 37.872414999923102 ], [ -122.323007949610997, 37.8723950005391 ], [ -122.322994477113994, 37.872375000241398 ], [ -122.322959266520002, 37.872335000444302 ], [ -122.322905999501998, 37.872262121820299 ], [ -122.322865999848005, 37.872216911210899 ], [ -122.322833234056006, 37.872174999612497 ], [ -122.322820603150006, 37.872155000096299 ], [ -122.322804195252999, 37.872134999933699 ], [ -122.322776531979997, 37.872094999706903 ], [ -122.322765644393996, 37.872074999720603 ], [ -122.322745999918993, 37.872055791077102 ], [ -122.322733238599994, 37.8720349995384 ], [ -122.322706000615, 37.872008675496502 ], [ -122.322688640376001, 37.871974999427202 ], [ -122.322666000058007, 37.871951088743799 ], [ -122.322645999882994, 37.871923638339403 ], [ -122.322615611241005, 37.871894999765402 ], [ -122.322598072768002, 37.871874999872396 ], [ -122.322557578496998, 37.871814999435998 ], [ -122.322542214918002, 37.871794999715398 ], [ -122.322504173428996, 37.871734999460998 ], [ -122.322494926806002, 37.871715000073401 ], [ -122.322486000064004, 37.871702636647001 ], [ -122.322457860762, 37.871675000072898 ], [ -122.322422482250005, 37.871634999782003 ], [ -122.322406000559994, 37.871618855818703 ], [ -122.322365999976, 37.871585273422497 ], [ -122.322338266352006, 37.8715549996992 ], [ -122.322289752361002, 37.871514999935599 ], [ -122.322265999503998, 37.871491519238397 ], [ -122.322199595197006, 37.871434999609399 ], [ -122.322178563533001, 37.871414999799903 ], [ -122.322146000161993, 37.871376251468803 ], [ -122.322125999438995, 37.871357146807497 ], [ -122.322091983736996, 37.871315000071398 ], [ -122.322049718423997, 37.871254999569402 ], [ -122.321970700281, 37.871134999793099 ], [ -122.321946000877006, 37.8711090403649 ], [ -122.321926000858994, 37.871085142328397 ], [ -122.321886000247005, 37.871050293738399 ], [ -122.321876216511001, 37.871034999055396 ], [ -122.321866000092001, 37.871023635053703 ], [ -122.321846000383005, 37.871010325157002 ], [ -122.321825999693999, 37.870993530281098 ], [ -122.321786000309999, 37.8709645592469 ], [ -122.321746000195006, 37.870927003950698 ], [ -122.321726000324006, 37.870913577061799 ], [ -122.321686642672006, 37.870874999715703 ], [ -122.321645999436001, 37.870845273554501 ], [ -122.321625999434005, 37.870823868866403 ], [ -122.321586000249994, 37.870787808099401 ], [ -122.321526000237, 37.870728806642902 ], [ -122.321509395532004, 37.8707149999723 ], [ -122.321465999503999, 37.870667317175702 ], [ -122.321429809126997, 37.870634999672397 ], [ -122.321392727117001, 37.870594999673202 ], [ -122.321322319955996, 37.870534999174602 ], [ -122.321302840773001, 37.8705149997704 ], [ -122.321285999948998, 37.8704926520698 ], [ -122.321245999256007, 37.870456237596798 ], [ -122.321227802560003, 37.870434999508198 ], [ -122.321205998962995, 37.870412853114601 ], [ -122.321185999815, 37.870395289663598 ], [ -122.321165999924006, 37.870380641633602 ], [ -122.321138639607994, 37.8703549989878 ], [ -122.321065935972996, 37.870274999344801 ], [ -122.321042150565006, 37.870254999545402 ], [ -122.321025243687998, 37.8702349989141 ], [ -122.321004158023996, 37.870214999056401 ], [ -122.320985999906995, 37.870193164507597 ], [ -122.320965999596993, 37.870174494268703 ], [ -122.320905999724005, 37.870109622107201 ], [ -122.320867481703999, 37.870075000957897 ], [ -122.320849337229006, 37.8700550008544 ], [ -122.320765999640003, 37.869981002520902 ], [ -122.320746000159005, 37.869959451914902 ], [ -122.320726000391005, 37.869942228534697 ], [ -122.320705999747005, 37.869915530987598 ], [ -122.320664613938007, 37.869875000370101 ], [ -122.320645999443997, 37.869860444230198 ], [ -122.320620690645001, 37.869835000234197 ], [ -122.320605121908002, 37.869815000653198 ], [ -122.320583832641006, 37.8697950001661 ], [ -122.320565999761001, 37.869771968807001 ], [ -122.320545999434003, 37.869753915777501 ], [ -122.320510131571993, 37.869715000608998 ], [ -122.320485724777001, 37.869695000129497 ], [ -122.320469850939006, 37.869675000135999 ], [ -122.320405999925001, 37.869615826103797 ], [ -122.320388210410997, 37.869595000234199 ], [ -122.320375141064005, 37.869574999965003 ], [ -122.320346000303999, 37.8695483586013 ], [ -122.320313138819003, 37.869515000082203 ], [ -122.320284700266001, 37.869495000171803 ], [ -122.320266000060997, 37.869477891952002 ], [ -122.320244772858999, 37.869454999993501 ], [ -122.320230284855, 37.869435000157502 ], [ -122.320166000477997, 37.869375791196902 ], [ -122.320146000104003, 37.869353428879101 ], [ -122.320123625714004, 37.869335000590297 ], [ -122.320087295424003, 37.8692950009698 ], [ -122.320045999542998, 37.869260807627299 ], [ -122.320005999583003, 37.869221030132799 ], [ -122.319975939806994, 37.869195000339502 ], [ -122.319957565807002, 37.869175000949902 ], [ -122.319942956090003, 37.869155000736498 ], [ -122.319905999694001, 37.8691168011119 ], [ -122.319880749570004, 37.869095000095498 ], [ -122.319865999374002, 37.869079801317298 ], [ -122.319825999814, 37.869033816817499 ], [ -122.319805999891003, 37.869014440932297 ], [ -122.319778504688998, 37.868995000346303 ], [ -122.319695583566997, 37.8689150004734 ], [ -122.319657439856002, 37.868874999808902 ], [ -122.319585738962999, 37.868794999730902 ], [ -122.319525999936999, 37.868737667748299 ], [ -122.319507979631993, 37.868714999794499 ], [ -122.319466000139002, 37.868677316494001 ], [ -122.319426000506994, 37.868634624303098 ], [ -122.319380704538005, 37.868594999412899 ], [ -122.319346000240003, 37.8685587644705 ], [ -122.319317364935998, 37.8685350006118 ], [ -122.319286000367995, 37.868500093092202 ], [ -122.319246000066997, 37.8684653165515 ], [ -122.319236570618997, 37.868455000707797 ], [ -122.319223546185995, 37.868435000354197 ], [ -122.319185999583993, 37.868399890208998 ], [ -122.319090072536994, 37.868295000519097 ], [ -122.319074216435993, 37.868275000010897 ], [ -122.319006000133996, 37.868216086942098 ], [ -122.318986913212996, 37.868194999820602 ], [ -122.318946594409994, 37.868155000505297 ], [ -122.318915093010006, 37.868114999875097 ], [ -122.318885999124007, 37.868083179722802 ], [ -122.318866240681004, 37.868054999708598 ], [ -122.318845487567003, 37.868035000263902 ], [ -122.3188260007, 37.868013165004001 ], [ -122.318796234545005, 37.867974999719003 ], [ -122.318769159092994, 37.867934999872602 ], [ -122.318724265933, 37.867874999598499 ], [ -122.318706000397995, 37.867848036047 ], [ -122.318686540368006, 37.8678149993221 ], [ -122.318670425289, 37.867775000833397 ], [ -122.318657987519003, 37.867755000780399 ], [ -122.318653164725006, 37.867735000191203 ], [ -122.318634784083997, 37.867694199665799 ], [ -122.318629086613996, 37.8676750006247 ], [ -122.318628675927002, 37.867655000227501 ], [ -122.318627048078, 37.867634999963698 ], [ -122.318626000221002, 37.867630059527301 ], [ -122.318622576031999, 37.8676150006917 ], [ -122.318622930504006, 37.867595000800101 ], [ -122.318623875891006, 37.867575000283502 ], [ -122.318621619550001, 37.867555000471398 ], [ -122.318617635928007, 37.867534999855998 ], [ -122.318617638589004, 37.867515000466597 ], [ -122.318615518857996, 37.867494999813303 ], [ -122.318611884833004, 37.8674750005381 ], [ -122.318611199746996, 37.867455000046299 ], [ -122.318606584224995, 37.867434999948202 ], [ -122.31860600025, 37.867427499562602 ], [ -122.318604931352994, 37.867415000168101 ], [ -122.318605319994006, 37.867395000515998 ], [ -122.318602354296004, 37.867375000019003 ], [ -122.318597230964997, 37.867354999839002 ], [ -122.318592065532997, 37.8673350004727 ], [ -122.318587040124001, 37.867315000199 ], [ -122.318586000430003, 37.867310029010802 ], [ -122.318582987083005, 37.867295000025003 ], [ -122.318582087966007, 37.867275000071302 ], [ -122.318574703381003, 37.867254999510799 ], [ -122.318567001153994, 37.867234999691199 ], [ -122.318565999645998, 37.867231519661601 ], [ -122.318561216323005, 37.867214999699698 ], [ -122.318557207701005, 37.867194999566102 ], [ -122.318550753392003, 37.867174999917999 ], [ -122.318546000010002, 37.867163383380699 ], [ -122.318542601424994, 37.867154999792703 ], [ -122.318536958929002, 37.867134999748302 ], [ -122.318528134073006, 37.867115000031703 ], [ -122.318525999938004, 37.867109137584102 ], [ -122.318517881415005, 37.867095000019802 ], [ -122.318505999897994, 37.867080937893199 ], [ -122.318500296200995, 37.867074999574101 ], [ -122.318485999957005, 37.867061974820899 ], [ -122.318477706888004, 37.867054999573803 ], [ -122.318466000301001, 37.867044565724399 ], [ -122.318454837492993, 37.867034999584398 ], [ -122.318446000270995, 37.867027548952201 ], [ -122.318425999675995, 37.867015443390102 ], [ -122.318424984006995, 37.867015000516297 ], [ -122.318405999966998, 37.867005168935599 ], [ -122.318390096792001, 37.8669950006582 ], [ -122.318385999949001, 37.866992529764303 ], [ -122.318365999467005, 37.866985099640402 ], [ -122.318345999483995, 37.866980849457498 ], [ -122.318057602357996, 37.866115000063999 ], [ -122.318068914652997, 37.866094999856799 ], [ -122.318066499116, 37.866075000415201 ], [ -122.318053567033004, 37.866035000628301 ], [ -122.318039256733002, 37.866014999816699 ], [ -122.318025999925993, 37.866004060497602 ], [ -122.318005999787005, 37.865994755094 ], [ -122.317935067676004, 37.865975000008902 ], [ -122.317925999696001, 37.865967592493497 ], [ -122.317919558518, 37.865954999857102 ], [ -122.317915597953998, 37.865934999677698 ], [ -122.317914274919005, 37.865895000482297 ], [ -122.317909263988, 37.865854999671498 ], [ -122.317908501106999, 37.865814999548803 ], [ -122.317903700271998, 37.865754999842501 ], [ -122.317900667662002, 37.8657349997263 ], [ -122.317900209938003, 37.865695000005203 ], [ -122.317895049331, 37.865674999621397 ], [ -122.317895681211994, 37.865634999539203 ], [ -122.317883448342002, 37.865514999685097 ], [ -122.317885400406993, 37.8654949995192 ], [ -122.317883607726003, 37.865474999736001 ], [ -122.317879527662996, 37.865455000065801 ], [ -122.317876954501997, 37.865415000734203 ], [ -122.317879212825005, 37.865395000048899 ], [ -122.317877959840999, 37.865375000633698 ], [ -122.317868229029997, 37.8653149999192 ], [ -122.317867896576004, 37.8652750004768 ], [ -122.317866118698007, 37.865255000407402 ], [ -122.317867893138995, 37.865235000075103 ], [ -122.317864609506003, 37.865195000076397 ], [ -122.317866070861001, 37.865175000395602 ], [ -122.317861082231005, 37.865155000286997 ], [ -122.317860461701997, 37.8651150001131 ], [ -122.317853915518, 37.865054999942302 ], [ -122.317853991234998, 37.865035000044699 ], [ -122.317846924153002, 37.8649949993763 ], [ -122.317848539207006, 37.864974999424902 ], [ -122.317845846517997, 37.864934999703699 ], [ -122.317841460210005, 37.864914999652498 ], [ -122.317842349987004, 37.864894999320001 ], [ -122.317838453277005, 37.864874999705201 ], [ -122.317830194734, 37.864854999799697 ], [ -122.317828768675, 37.864834999229998 ], [ -122.317830943901001, 37.864814999251401 ], [ -122.317827463341999, 37.864774999458703 ], [ -122.317835631375999, 37.864734999511597 ], [ -122.317834935142997, 37.864714999235197 ], [ -122.317825999651006, 37.864670064983599 ], [ -122.317821000392996, 37.864635000342403 ], [ -122.317823899749001, 37.864575000299297 ], [ -122.317816277676997, 37.864554999791402 ], [ -122.317811868641996, 37.864535000178797 ], [ -122.317813431895999, 37.864495000095303 ], [ -122.317810603153006, 37.8644749996377 ], [ -122.317803685884002, 37.864454999906101 ], [ -122.317800231527002, 37.864414999606801 ], [ -122.317799216534993, 37.864395000091399 ], [ -122.317800948309994, 37.864355000350599 ], [ -122.317794177362998, 37.864315000256802 ], [ -122.317795442866, 37.864294999862501 ], [ -122.317792971089006, 37.864254999471299 ], [ -122.317798517010999, 37.864214999807899 ], [ -122.317797428581002, 37.864174999678298 ], [ -122.317799149506996, 37.864154999481102 ], [ -122.317789815146, 37.8640949992012 ], [ -122.317787558042994, 37.8640349998266 ], [ -122.317784738426994, 37.864014999192499 ], [ -122.317779116878995, 37.863994999615699 ], [ -122.317777234315002, 37.863974999769397 ], [ -122.317730407425003, 37.863354999421603 ], [ -122.317726000229996, 37.863311945559502 ], [ -122.317707924418997, 37.863214999446299 ], [ -122.317704781, 37.863174999436303 ], [ -122.317705374785007, 37.863154999426001 ], [ -122.317710164664007, 37.863114999079002 ], [ -122.317710074234995, 37.863095000593098 ], [ -122.31769661061, 37.863035000021497 ], [ -122.317692998130994, 37.862995000077397 ], [ -122.317695679989001, 37.8629750002085 ], [ -122.317695155736999, 37.862955000207997 ], [ -122.317565999829995, 37.862737576209099 ], [ -122.317546000015, 37.8627186822903 ], [ -122.317514521454001, 37.862694999990197 ], [ -122.317465999543998, 37.862649026503398 ], [ -122.317446000011998, 37.8626272693459 ], [ -122.317406000027006, 37.862595023447199 ], [ -122.317386643896995, 37.862574999493397 ], [ -122.317349497045001, 37.862514999383599 ], [ -122.317334716286993, 37.8624949994961 ], [ -122.317329894213003, 37.8624749997525 ], [ -122.317320607957996, 37.862454998980503 ], [ -122.317309438197, 37.862414999275302 ], [ -122.317298290497007, 37.862394999374303 ], [ -122.317290956855999, 37.862374999565802 ], [ -122.317288908226999, 37.862354999324197 ], [ -122.317284390145005, 37.862334999104803 ], [ -122.317273821591996, 37.862295000378403 ], [ -122.317265358533007, 37.862274999894602 ], [ -122.317261572538996, 37.862254999926897 ], [ -122.317264108759005, 37.862235000183702 ], [ -122.317258649140996, 37.8622150001585 ], [ -122.317257271849996, 37.862175000211998 ], [ -122.317242492632005, 37.862114999822801 ], [ -122.317232220519998, 37.862095000096403 ], [ -122.317224368875998, 37.862074999495 ], [ -122.317213412870998, 37.862014999921101 ], [ -122.317193806027007, 37.861934999887502 ], [ -122.317191103528998, 37.861894999449703 ], [ -122.317166000203002, 37.861827153255298 ], [ -122.317151772355999, 37.8617749994064 ], [ -122.317144153051999, 37.861754999710897 ], [ -122.317139538272997, 37.8617349995559 ], [ -122.317120121307994, 37.861694999005103 ], [ -122.317097251676998, 37.861614999008403 ], [ -122.317086000209997, 37.861584717988201 ], [ -122.317080786570003, 37.861554998781202 ], [ -122.317066663817002, 37.861515000320097 ], [ -122.317052922054998, 37.861454999665803 ], [ -122.317044914587996, 37.861435000265601 ], [ -122.317044791257999, 37.861414999718697 ], [ -122.317042373869995, 37.8613950003 ], [ -122.317033160701996, 37.8613749998974 ], [ -122.317026000485995, 37.861353754978097 ], [ -122.317010236618003, 37.861295000039902 ], [ -122.317003137664997, 37.8612749992825 ], [ -122.316988610107998, 37.861194999176497 ], [ -122.316972769439005, 37.861154999701597 ], [ -122.316963004966993, 37.861114999817303 ], [ -122.316945165087006, 37.861074999369499 ], [ -122.316938532652998, 37.861034999265001 ], [ -122.316926000448007, 37.861010495503699 ], [ -122.316920383151, 37.860994999396603 ], [ -122.316919615513996, 37.860975000499302 ], [ -122.316916410301005, 37.860955000101796 ], [ -122.316902179544996, 37.8609150001122 ], [ -122.316898332245998, 37.860895000420697 ], [ -122.316886000316003, 37.860863902528401 ], [ -122.316876653128006, 37.860835000117099 ], [ -122.316862285482003, 37.8607749998394 ], [ -122.316854233764005, 37.8607550012836 ], [ -122.316846000621993, 37.8607186439625 ], [ -122.316839469634004, 37.860675000335497 ], [ -122.316824775602996, 37.860635000289797 ], [ -122.316820937442003, 37.860615000419898 ], [ -122.316811911168998, 37.860595000891898 ], [ -122.316808546622994, 37.860575000870803 ], [ -122.316799932471, 37.860555000579502 ], [ -122.31678611513, 37.860515000691002 ], [ -122.316783057970994, 37.8604950001303 ], [ -122.316777454022002, 37.860475000176699 ], [ -122.316757001298001, 37.860415000460002 ], [ -122.316749621035001, 37.8603750003968 ], [ -122.316738498819007, 37.860354999960101 ], [ -122.316726000369997, 37.860325654514803 ], [ -122.316709452571004, 37.860275000442599 ], [ -122.316706147261002, 37.860255000175002 ], [ -122.316696159898996, 37.860215000080203 ], [ -122.316689954869005, 37.860195000036498 ], [ -122.316680741970004, 37.860175000505997 ], [ -122.316670647595004, 37.860134999777301 ], [ -122.316666000012006, 37.860088895656403 ], [ -122.316649418108, 37.860035000196397 ], [ -122.316645690447999, 37.860014999987499 ], [ -122.316629582687, 37.859975001135602 ], [ -122.316618841731, 37.859935001195403 ], [ -122.316611708631996, 37.859895000850798 ], [ -122.316605741591005, 37.859875000705699 ], [ -122.316587668357997, 37.859795000666303 ], [ -122.316565999432001, 37.859736268862001 ], [ -122.316563844675002, 37.859715000121597 ], [ -122.316558558484999, 37.859695000320897 ], [ -122.316545999715999, 37.859660200436203 ], [ -122.316545222798993, 37.859635000776798 ], [ -122.316534041105001, 37.859575000117999 ], [ -122.316506000054005, 37.859519613629303 ], [ -122.316489758692995, 37.8594550001553 ], [ -122.316470312874998, 37.859394999846899 ], [ -122.316440357828995, 37.859335000060803 ], [ -122.316433664520005, 37.8593149995395 ], [ -122.316426000819007, 37.859300692905002 ], [ -122.316406913402005, 37.859275000177703 ], [ -122.316383442404003, 37.859254999771402 ], [ -122.316364919251996, 37.859235000077803 ], [ -122.316351783352999, 37.859214999810902 ], [ -122.316354095278996, 37.8591750005953 ], [ -122.316346000539994, 37.859157687895298 ], [ -122.316332528852996, 37.859135000960499 ], [ -122.316335843911006, 37.859115000594002 ], [ -122.316331512988, 37.8590950003316 ], [ -122.316306000487998, 37.859068546263401 ], [ -122.316281810397996, 37.859055000615598 ], [ -122.316272553318001, 37.859035000112002 ], [ -122.316266000438006, 37.859014862797899 ], [ -122.316246000901998, 37.858997628844101 ], [ -122.316226000878999, 37.8590106116417 ], [ -122.31622417042, 37.859015000306698 ], [ -122.316223231327001, 37.859035000673202 ], [ -122.316223892916, 37.859055000719401 ], [ -122.316238092209005, 37.859095000483897 ], [ -122.316240872633003, 37.859135000326702 ], [ -122.316248257053005, 37.859175000333501 ], [ -122.316249596054007, 37.859195000794102 ], [ -122.316245999838998, 37.8591968860786 ], [ -122.31622600083, 37.8591988928913 ], [ -122.316206000837994, 37.859198768953597 ], [ -122.316190484195005, 37.8591950005518 ], [ -122.316166000598002, 37.859182125513101 ], [ -122.316125999733998, 37.859178350350099 ], [ -122.316084858720004, 37.859179124169998 ], [ -122.316073801285995, 37.8591427943539 ], [ -122.316002942964005, 37.859063990866602 ], [ -122.315905999644002, 37.859043030070502 ], [ -122.315845999478995, 37.859035502751702 ], [ -122.315826000347002, 37.859035036804599 ], [ -122.315785999873, 37.8590397422942 ], [ -122.315765999600998, 37.859043622473202 ], [ -122.315735482774002, 37.859055000526403 ], [ -122.315706000361004, 37.859062017883097 ], [ -122.315666000720995, 37.8590833996169 ], [ -122.315648881458003, 37.859095000363403 ], [ -122.315626000188004, 37.859098933446198 ], [ -122.315560405506005, 37.859157780993797 ], [ -122.315559086281993, 37.859213263058997 ], [ -122.315593608708994, 37.859365514940897 ], [ -122.315586000501, 37.859443869394397 ], [ -122.315595256332998, 37.859575000017799 ], [ -122.315584257422998, 37.859615000469297 ], [ -122.315561644870002, 37.859634999971902 ], [ -122.315546000607, 37.859636644546597 ], [ -122.315521190056998, 37.859655000222297 ], [ -122.315509344118993, 37.859675000600298 ], [ -122.315506082243004, 37.859715000134798 ], [ -122.315486000871999, 37.8597328019911 ], [ -122.315465932408998, 37.859755000098197 ], [ -122.315463887568995, 37.859795000429301 ], [ -122.315460872795001, 37.859815000368002 ], [ -122.315466896383001, 37.859855000594202 ], [ -122.315468433218001, 37.859895001061503 ], [ -122.315465999823999, 37.859904158684301 ], [ -122.315451207807001, 37.8599350011349 ], [ -122.315448298896001, 37.859955000828897 ], [ -122.315447090895006, 37.859975000977698 ], [ -122.315451032159999, 37.860015000015203 ], [ -122.315446529370007, 37.860034999887297 ], [ -122.315446936889998, 37.860055000339997 ], [ -122.315425825229994, 37.860235000506499 ], [ -122.315440864592006, 37.860255000117398 ], [ -122.315445999969995, 37.860269612972999 ], [ -122.315450113542994, 37.8602950001628 ], [ -122.315450194318998, 37.860315000624901 ], [ -122.315446000337005, 37.860318507196503 ], [ -122.315433901294995, 37.860335000467202 ], [ -122.315427061161998, 37.860355000472197 ], [ -122.315426055719996, 37.860395000531 ], [ -122.315429726128002, 37.860415000077602 ], [ -122.315445999811999, 37.8604511761555 ], [ -122.315460048532003, 37.860475000214599 ], [ -122.315461996438003, 37.860495000622102 ], [ -122.315474732557007, 37.860555000150399 ], [ -122.315474449980002, 37.860635001095503 ], [ -122.315478439195005, 37.860655000784703 ], [ -122.315503051020997, 37.860715000486401 ], [ -122.31551241279, 37.860755001049903 ], [ -122.315526000838005, 37.860780235911001 ], [ -122.315545999855004, 37.860822969901903 ], [ -122.315553245898997, 37.8608550002442 ], [ -122.315566000486001, 37.860876842687802 ], [ -122.315568266043996, 37.860895000435796 ], [ -122.315580133718001, 37.860915000081 ], [ -122.315587771889994, 37.860935000401803 ], [ -122.315650698940999, 37.8610749999511 ], [ -122.315657642659005, 37.861095000179098 ], [ -122.315666000454002, 37.8611033996633 ], [ -122.315686000487005, 37.861133122266601 ], [ -122.315696844724997, 37.861155000683098 ], [ -122.315710298409002, 37.861175000287801 ], [ -122.315720496002001, 37.861195000673398 ], [ -122.315746000001994, 37.861230813132401 ], [ -122.315785999279001, 37.861275237688602 ], [ -122.315825999390995, 37.861324696690097 ], [ -122.315846000140994, 37.861366924006703 ], [ -122.315865999582996, 37.861403878420397 ], [ -122.315879238196999, 37.8614350011947 ], [ -122.315875411695004, 37.861455000622001 ], [ -122.315886000144005, 37.861461235251603 ], [ -122.315925999795994, 37.861503602776899 ], [ -122.315934571016996, 37.861514999910803 ], [ -122.315929927092, 37.861534999827498 ], [ -122.315926000228004, 37.861546780469702 ], [ -122.315921522657007, 37.861554999473903 ], [ -122.315908350146998, 37.861574999408703 ], [ -122.315905999549003, 37.861577554386699 ], [ -122.315890379945003, 37.861594999302298 ], [ -122.315886000030005, 37.8616037995005 ], [ -122.315877040046999, 37.861614998866301 ], [ -122.315870406003, 37.861634999416196 ], [ -122.315865999557005, 37.861641247346 ], [ -122.315855830820993, 37.861654999434897 ], [ -122.315845999152003, 37.861667575252802 ], [ -122.315840967593999, 37.861674999614799 ], [ -122.315826827299006, 37.861694999330702 ], [ -122.315825999191006, 37.861697932526098 ], [ -122.315822457684007, 37.8616949991209 ], [ -122.315806000191003, 37.8616852659461 ], [ -122.315793079532995, 37.861694999495597 ], [ -122.315805999201004, 37.861709174092397 ], [ -122.315810941669994, 37.861714999452097 ], [ -122.315805999797007, 37.861722894484501 ], [ -122.315799000960993, 37.861734998984304 ], [ -122.315785999100996, 37.8617498036676 ], [ -122.315782000710001, 37.861754999028001 ], [ -122.315765999728001, 37.861772999278401 ], [ -122.315764416407006, 37.861774999548501 ], [ -122.315748168691002, 37.861794999453799 ], [ -122.315745999865001, 37.861797726382903 ], [ -122.315731844675994, 37.861814999030301 ], [ -122.315725999850002, 37.861824106449902 ], [ -122.315720894457002, 37.861834999225302 ], [ -122.315706617504006, 37.861854999764802 ], [ -122.315705999979997, 37.861855869213201 ], [ -122.315686000390997, 37.861873571433598 ], [ -122.315682215712002, 37.861874999631198 ], [ -122.315666000215998, 37.861883004347497 ], [ -122.315650190400007, 37.8618949991139 ], [ -122.315651435931997, 37.861914999583597 ], [ -122.315646000447003, 37.861923832750001 ], [ -122.315626000506001, 37.861929369446599 ], [ -122.315614307781004, 37.861934999499297 ], [ -122.315610971897001, 37.861954999341698 ], [ -122.315609124052997, 37.861974999248297 ], [ -122.315605999778995, 37.861979118641599 ], [ -122.315586000598998, 37.861980113042598 ], [ -122.315577475582998, 37.861974999310497 ], [ -122.315566000822002, 37.861972210965398 ], [ -122.315564855153994, 37.8619750000205 ], [ -122.315562772763997, 37.8619949999554 ], [ -122.315564578397002, 37.862014999509903 ], [ -122.315561833394995, 37.862034999640301 ], [ -122.315561040952005, 37.8620549998653 ], [ -122.315564725159007, 37.862075000043198 ], [ -122.315562256817003, 37.862095000231001 ], [ -122.315562533415999, 37.862114999612302 ], [ -122.315551682155998, 37.862134999679199 ], [ -122.315545999845995, 37.862147929971499 ], [ -122.315526000126994, 37.862151376371997 ], [ -122.315519902638002, 37.862154999777701 ], [ -122.315506000371002, 37.862173386884798 ], [ -122.315505552692997, 37.862174999900702 ], [ -122.315506000140999, 37.862176142127502 ], [ -122.315519307093993, 37.862195000022197 ], [ -122.315514678944993, 37.862214999615297 ], [ -122.315506000347, 37.862234865050397 ], [ -122.315505894089995, 37.862235000274701 ], [ -122.315486174841993, 37.862254999676999 ], [ -122.315486000267995, 37.862255318882902 ], [ -122.315476538341997, 37.8622749996793 ], [ -122.315467323087006, 37.862294999646601 ], [ -122.315465999694993, 37.862296827528397 ], [ -122.315449749951995, 37.862314999901301 ], [ -122.315446000316001, 37.8623185941725 ], [ -122.315429442042003, 37.862334998960499 ], [ -122.315426000532995, 37.862338506299103 ], [ -122.315405999898005, 37.862354596917797 ], [ -122.315405571726004, 37.862354999303498 ], [ -122.315386305559002, 37.862374998939501 ], [ -122.315385999629996, 37.862375267592 ], [ -122.315365999750995, 37.862392525251103 ], [ -122.315362886082994, 37.862394999568103 ], [ -122.315346000058994, 37.862407357897602 ], [ -122.315336869587995, 37.862414999037199 ], [ -122.315326000314002, 37.862422446989399 ], [ -122.315311293703004, 37.862434998992804 ], [ -122.315306000044998, 37.862439029783197 ], [ -122.315286000322999, 37.862452499197801 ], [ -122.315283012674001, 37.8624549989743 ], [ -122.315265999923, 37.8624702571474 ], [ -122.315259479277003, 37.8624749990814 ], [ -122.315245999325001, 37.862483109297898 ], [ -122.315229041861997, 37.862494999285097 ], [ -122.315225999687001, 37.862497761059402 ], [ -122.315206000071996, 37.862511824336899 ], [ -122.315201522451005, 37.8625149989414 ], [ -122.315185999638999, 37.862524498310201 ], [ -122.315168031495006, 37.862534999585201 ], [ -122.315165999510995, 37.862536003412501 ], [ -122.315145999833007, 37.862547154874797 ], [ -122.315134969712005, 37.862554999133501 ], [ -122.315126000084007, 37.862558083180602 ], [ -122.315105999365997, 37.862565259267001 ], [ -122.315088909392998, 37.8625749994304 ], [ -122.315085999209998, 37.862576653678602 ], [ -122.315065999900995, 37.8625878915025 ], [ -122.315045999234002, 37.862593264345499 ], [ -122.315040929500995, 37.862594999868797 ], [ -122.315026000092004, 37.862598686645697 ], [ -122.315005999763002, 37.862609081350897 ], [ -122.314993037224994, 37.862614999496103 ], [ -122.314985999857001, 37.862617058237703 ], [ -122.314965999682002, 37.862621194710002 ], [ -122.314945999252004, 37.8626266494148 ], [ -122.314928087550996, 37.862634999901999 ], [ -122.314926000371003, 37.862635544084398 ], [ -122.314906000825999, 37.862641101344401 ], [ -122.314885999929004, 37.862644109447302 ], [ -122.314866000376, 37.862650292972901 ], [ -122.314853628842997, 37.862654999340798 ], [ -122.314846000317004, 37.8626571234728 ], [ -122.314826000709004, 37.862664226604998 ], [ -122.314806000149005, 37.8626733993298 ], [ -122.314801772158006, 37.862674999821103 ], [ -122.314786000576007, 37.862679435272298 ], [ -122.314766000142001, 37.862687027910297 ], [ -122.314747853552007, 37.8626949995814 ], [ -122.314746000512997, 37.862695494251 ], [ -122.314725999855995, 37.862702527200703 ], [ -122.314706000374997, 37.862707682207599 ], [ -122.314693240411998, 37.862714999223698 ], [ -122.314685999904, 37.862719253820501 ], [ -122.314665999530007, 37.862726775354801 ], [ -122.314647471360004, 37.862735000024401 ], [ -122.314646000276994, 37.862735475623502 ], [ -122.314626000269996, 37.862742640816499 ], [ -122.314605999471993, 37.862747938002798 ], [ -122.314588198169005, 37.8627549995701 ], [ -122.314586000285999, 37.862755756439903 ], [ -122.314566000335006, 37.862764840030103 ], [ -122.314545999878007, 37.862771475226403 ], [ -122.314538923515002, 37.862774999594798 ], [ -122.314526000021999, 37.862779530317901 ], [ -122.314506000292994, 37.862787368547799 ], [ -122.314486566840998, 37.8627949996865 ], [ -122.314485999837004, 37.862795183392997 ], [ -122.314465999681005, 37.862799654511697 ], [ -122.314445999349999, 37.862806441757499 ], [ -122.314425999869002, 37.862813035523097 ], [ -122.314421351590994, 37.862814999538401 ], [ -122.314405999466004, 37.8628203734511 ], [ -122.314386000119001, 37.862825350237301 ], [ -122.314365999832006, 37.862830480907 ], [ -122.314345999569994, 37.862834764845601 ], [ -122.314345114218, 37.862834999685198 ], [ -122.314325999041998, 37.862840367016801 ], [ -122.314305999032001, 37.862847497062702 ], [ -122.314285999269998, 37.862850286386703 ], [ -122.314269232035997, 37.862855000127702 ], [ -122.314265999813003, 37.862855776050097 ], [ -122.314245999047003, 37.862860338924598 ], [ -122.314225998953006, 37.862867872076102 ], [ -122.314205998863997, 37.862872051609003 ], [ -122.314185999119999, 37.862874841815703 ], [ -122.314184823334998, 37.862874999474997 ], [ -122.314165999009006, 37.862877472758598 ], [ -122.314146000234999, 37.862882211041899 ], [ -122.314125999919995, 37.862891285565901 ], [ -122.314115190460001, 37.862894999813001 ], [ -122.314106000047005, 37.8628976102396 ], [ -122.314085999716994, 37.862901634988603 ], [ -122.314066000682999, 37.862905406860698 ], [ -122.314046000491999, 37.8629085884725 ], [ -122.314025999573005, 37.862910603933003 ], [ -122.314009065369007, 37.862914999624103 ], [ -122.314005999596006, 37.862915635556 ], [ -122.313986000162004, 37.862915229575798 ], [ -122.313965999535, 37.862916885994103 ], [ -122.313946000225997, 37.862915931117001 ], [ -122.313926000311, 37.8629172419855 ], [ -122.313906000074994, 37.862919058553402 ], [ -122.313860888101999, 37.862928642696303 ], [ -122.313644008558995, 37.862861480191398 ], [ -122.313098310320001, 37.862969220975202 ], [ -122.312961186509, 37.863100747896802 ], [ -122.312945999405997, 37.863104207227998 ], [ -122.312925999819996, 37.863110398523602 ], [ -122.312914266952006, 37.8631149987906 ], [ -122.312905999782004, 37.863118456042898 ], [ -122.312885999873998, 37.8631261491307 ], [ -122.312865999446004, 37.863132461007702 ], [ -122.312860043578993, 37.863134999064599 ], [ -122.312845999782994, 37.863140420429602 ], [ -122.312825999405007, 37.863149204993 ], [ -122.312805999679995, 37.863152515960103 ], [ -122.312790675394993, 37.863154998916897 ], [ -122.312785999897002, 37.863155677555703 ], [ -122.312765999990006, 37.8631604210265 ], [ -122.312745999788007, 37.863163716696 ], [ -122.312725999169004, 37.863169875584198 ], [ -122.312705998929005, 37.863172543176098 ], [ -122.312694708782004, 37.863174999621201 ], [ -122.312685999340999, 37.863176817823202 ], [ -122.312665998903, 37.863179479113498 ], [ -122.312645999753997, 37.863183620572698 ], [ -122.312625998827002, 37.863190913217899 ], [ -122.312608905786007, 37.863194999535203 ], [ -122.312605998956002, 37.8631955846758 ], [ -122.312585999681005, 37.863198984679002 ], [ -122.312566000567003, 37.863201726010502 ], [ -122.31254600007, 37.863201914587798 ], [ -122.312525999800002, 37.863206241410403 ], [ -122.312505999817006, 37.863212237382399 ], [ -122.312498940767, 37.863214999150003 ], [ -122.312485999968999, 37.863218200955103 ], [ -122.312465999747005, 37.863222566458703 ], [ -122.312446000126002, 37.863225955647202 ], [ -122.312425999664995, 37.863228395542897 ], [ -122.312406000007996, 37.863231009083997 ], [ -122.312245999769004, 37.863260232547702 ], [ -122.312225999499006, 37.863266257272002 ], [ -122.312205999360003, 37.863270552544499 ], [ -122.312185999798004, 37.863273981279903 ], [ -122.312182564386006, 37.863274999513699 ], [ -122.312165999822, 37.863278982897903 ], [ -122.312145999696995, 37.8632809179432 ], [ -122.312125999740005, 37.863283780692001 ], [ -122.312105999585995, 37.863286342003001 ], [ -122.312085999760995, 37.863287143264699 ], [ -122.31206599894, 37.8632908635444 ], [ -122.312046675838005, 37.8632949990687 ], [ -122.312045999562002, 37.863295110185199 ], [ -122.312025999151004, 37.863295892552003 ], [ -122.312005998961993, 37.863298010237699 ], [ -122.311985999770997, 37.863299237983 ], [ -122.311965999774998, 37.863301435741903 ], [ -122.311945999195004, 37.863304131106801 ], [ -122.311925999140996, 37.863304334868403 ], [ -122.311905998753005, 37.863307885047803 ], [ -122.311885999002001, 37.8633090947908 ], [ -122.311865999695002, 37.863310724735904 ], [ -122.311845999024996, 37.863313749418197 ], [ -122.311834713742002, 37.863314999934602 ], [ -122.311825998632003, 37.863315860778897 ], [ -122.311806000513997, 37.8633180458773 ], [ -122.311785999506995, 37.863320764618699 ], [ -122.311766000023994, 37.863324012419 ], [ -122.311746000099006, 37.863325954592 ], [ -122.311725999928001, 37.863326191615599 ], [ -122.311706000026007, 37.8633289094224 ], [ -122.311685999911006, 37.8633286686362 ], [ -122.311665999515, 37.863329451842198 ], [ -122.311646000151001, 37.863329013975203 ], [ -122.311625999588998, 37.863329422854498 ], [ -122.311606000096006, 37.863332781305402 ], [ -122.311585999591003, 37.863332786159702 ], [ -122.311570786491004, 37.863335000470798 ], [ -122.311565999959001, 37.863335623613303 ], [ -122.311545999952997, 37.863335533970599 ], [ -122.311525999840001, 37.863339758042699 ], [ -122.311505999901996, 37.863342105992501 ], [ -122.311485999713, 37.863344445845399 ], [ -122.311465999543003, 37.8633478195827 ], [ -122.311446000176005, 37.863351403858097 ], [ -122.311426677471005, 37.863355000284301 ], [ -122.311425999167994, 37.863355119534802 ], [ -122.311405999702998, 37.863360066125999 ], [ -122.311385999297002, 37.863364354966798 ], [ -122.311365999291993, 37.863370317453501 ], [ -122.311354309831003, 37.863375000411502 ], [ -122.311345998939004, 37.863377707950697 ], [ -122.311325998995997, 37.863382085854198 ], [ -122.311305999360997, 37.863389167694201 ], [ -122.311295663796997, 37.863395000614503 ], [ -122.311285999313, 37.863401624136898 ], [ -122.311265999883005, 37.863412550877896 ], [ -122.311262046185007, 37.863415000781202 ], [ -122.311245999530996, 37.863426437126499 ], [ -122.311238651454005, 37.863435000100203 ], [ -122.311225998837998, 37.863454815807202 ], [ -122.311225866761006, 37.863455000115202 ], [ -122.311216255168006, 37.863475000170098 ], [ -122.311209454613007, 37.863495000044303 ], [ -122.311205999096003, 37.863506069576601 ], [ -122.311202947818003, 37.8635150005559 ], [ -122.311201972027007, 37.863535000663099 ], [ -122.311203967805, 37.863555000196598 ], [ -122.311204907036, 37.8635750002938 ], [ -122.311205560497996, 37.863595000498897 ], [ -122.311205999587997, 37.863596390350999 ], [ -122.311211559390998, 37.863615000276297 ], [ -122.311220108628007, 37.863635000397998 ], [ -122.311225999317003, 37.863646695162998 ], [ -122.311229583507995, 37.8636550006782 ], [ -122.311237511092003, 37.863675000180798 ], [ -122.311245999701995, 37.863692149053897 ], [ -122.311247261483004, 37.863694999649603 ], [ -122.311259585008003, 37.863714999922102 ], [ -122.311265999602995, 37.863726330961903 ], [ -122.311269516441996, 37.863734999499897 ], [ -122.311278594011, 37.863755000234498 ], [ -122.311285998876997, 37.863767540438502 ], [ -122.311289406689994, 37.863774999925198 ], [ -122.311297375294004, 37.863794999533702 ], [ -122.311303526813006, 37.863814999965399 ], [ -122.311305999614007, 37.863821933981498 ], [ -122.311309844546997, 37.863834999893101 ], [ -122.311316165698003, 37.8638549997548 ], [ -122.31132410587, 37.863874999909697 ], [ -122.311325999066995, 37.863880676355002 ], [ -122.311329181451995, 37.863894999479001 ], [ -122.311334112444001, 37.863914999135197 ], [ -122.311339164136001, 37.863934999164599 ], [ -122.311345999954, 37.863954926119703 ], [ -122.311346024985994, 37.863954999422198 ], [ -122.311353099870004, 37.863974999154003 ], [ -122.311362941444003, 37.8639949995571 ], [ -122.311365999467, 37.864000272932302 ], [ -122.311372566689002, 37.864014999629198 ], [ -122.311379956970001, 37.864034999580397 ], [ -122.311385999109007, 37.864050272685901 ], [ -122.311387763965001, 37.8640549995988 ], [ -122.311393702608996, 37.864074999630098 ], [ -122.311403109262997, 37.864094999413702 ], [ -122.31140599922, 37.864100434394402 ], [ -122.311411976266001, 37.864114999698501 ], [ -122.311418839398996, 37.864134999008897 ], [ -122.311424763264995, 37.864154999323603 ], [ -122.311425999696993, 37.864157581361397 ], [ -122.311432325503006, 37.864174999557399 ], [ -122.311439179573, 37.864194999941297 ], [ -122.311445999236994, 37.864210121287897 ], [ -122.311447898563003, 37.864214999477099 ], [ -122.311452704385999, 37.864234999742003 ], [ -122.311456105217005, 37.864254999189299 ], [ -122.311459450293, 37.864274999711 ], [ -122.311463110728994, 37.864294999553998 ], [ -122.311466000069998, 37.864307498997597 ], [ -122.311467219766996, 37.864314999749602 ], [ -122.311466725634006, 37.864334999575703 ], [ -122.311466845176994, 37.864354999272699 ], [ -122.311465999716006, 37.8643666753769 ], [ -122.311465186332001, 37.864374999949597 ], [ -122.311460800638002, 37.864395000088898 ], [ -122.311456531060998, 37.864414999789901 ], [ -122.311453071011002, 37.864435000086203 ], [ -122.311445999046001, 37.864453473717703 ], [ -122.311445180847002, 37.864455000276202 ], [ -122.311430576627004, 37.864475000283299 ], [ -122.311425999717002, 37.864484559946703 ], [ -122.311419735301996, 37.864494999757 ], [ -122.311412784425997, 37.864514999839301 ], [ -122.311405999783005, 37.864528062738799 ], [ -122.311402906316005, 37.864534999644803 ], [ -122.311390351469996, 37.864554999744101 ], [ -122.311385999308001, 37.8645590760975 ], [ -122.311365999287005, 37.8645725394409 ], [ -122.31136382087, 37.864575000125498 ], [ -122.311351116861005, 37.864595000395497 ], [ -122.311345999688001, 37.864601515592902 ], [ -122.311331442592007, 37.864615000014098 ], [ -122.311325999109002, 37.864619721867797 ], [ -122.311305999750005, 37.8646304398507 ], [ -122.311294015962005, 37.864634999797197 ], [ -122.311285998977993, 37.864637126683697 ], [ -122.311265999770995, 37.864645266685201 ], [ -122.311245998920995, 37.864653538088 ], [ -122.311243171445, 37.864654999885197 ], [ -122.311225999176003, 37.864661919243702 ], [ -122.311205999257993, 37.864673247295102 ], [ -122.311201840652998, 37.864674999287402 ], [ -122.311185999640998, 37.864679012677598 ], [ -122.31116599968, 37.8646854682219 ], [ -122.311145999353997, 37.864694643012299 ], [ -122.311144358305995, 37.864694999467403 ], [ -122.311125998730006, 37.864697645070599 ], [ -122.311105999462001, 37.864703237668301 ], [ -122.311085998715001, 37.864711771787903 ], [ -122.311073545694001, 37.864714999128502 ], [ -122.311065998578002, 37.864717594748299 ], [ -122.311045999236995, 37.864723849601397 ], [ -122.311025999696, 37.8647303564033 ], [ -122.311005999442997, 37.864733629278703 ], [ -122.310985999511004, 37.8647333325764 ], [ -122.310974345432001, 37.864734999529396 ], [ -122.310965999811998, 37.864736475861001 ], [ -122.310945999761003, 37.864742966462501 ], [ -122.310925999854007, 37.8647508643691 ], [ -122.310905999916997, 37.864750604546003 ], [ -122.31088599972, 37.864751111367397 ], [ -122.310867558897002, 37.8647549993415 ], [ -122.310865999580002, 37.864755311026897 ], [ -122.310846000417001, 37.864759025663702 ], [ -122.310826000801001, 37.864765051031902 ], [ -122.310806000590006, 37.864773456419996 ], [ -122.310799725764994, 37.8647749990213 ], [ -122.310786000663001, 37.864779361212101 ], [ -122.310766000182994, 37.864777939714301 ], [ -122.310746000324997, 37.864775800148401 ], [ -122.310726000843005, 37.864779615550503 ], [ -122.310706000674003, 37.864784589924703 ], [ -122.310686000280995, 37.864787859149502 ], [ -122.310666000799998, 37.864788057283498 ], [ -122.310646171743997, 37.864794998946799 ], [ -122.310646000616998, 37.864795061631398 ], [ -122.310625999986001, 37.864802088479799 ], [ -122.310606000484995, 37.8648093366577 ], [ -122.310586000654993, 37.8648131043525 ], [ -122.310579704806003, 37.864814999175003 ], [ -122.310566000422, 37.864820513604698 ], [ -122.310546000035998, 37.864824078844997 ], [ -122.310526000617003, 37.864826309637202 ], [ -122.310506000469005, 37.864830288781299 ], [ -122.310486432754999, 37.864834999240003 ], [ -122.310486000661001, 37.864835201923803 ], [ -122.310466000054006, 37.864838317247298 ], [ -122.310446000235999, 37.864839390871197 ], [ -122.310426000199996, 37.864845662729103 ], [ -122.310406000152, 37.864846987399197 ], [ -122.310385999987005, 37.864849858850697 ], [ -122.310367893763996, 37.864854999143297 ], [ -122.310366000591003, 37.864855708672799 ], [ -122.310346000292995, 37.864862046208799 ], [ -122.310326000187004, 37.864864476739498 ], [ -122.310305999715993, 37.864868335280903 ], [ -122.310285999640001, 37.864871800591899 ], [ -122.310265999869003, 37.864873946764497 ], [ -122.310255422091998, 37.864874999037298 ], [ -122.310245999515004, 37.864876037156399 ], [ -122.310226000773994, 37.864880358156 ], [ -122.310206000879006, 37.864886487803197 ], [ -122.310186000909994, 37.864892098254998 ], [ -122.310166451380994, 37.864894999681802 ], [ -122.310166000888003, 37.864895085742901 ], [ -122.310146000836994, 37.864900398350599 ], [ -122.310126000568005, 37.864906590078697 ], [ -122.310106001248002, 37.864909009759501 ], [ -122.310086000680997, 37.864911315184401 ], [ -122.310072235259994, 37.864914999608096 ], [ -122.310066000187007, 37.864918386026197 ], [ -122.310046000856005, 37.864922171616698 ], [ -122.310026001224998, 37.864924544499601 ], [ -122.310006000654994, 37.864927810014002 ], [ -122.309986000704001, 37.864933828047903 ], [ -122.309974085370996, 37.864934999637001 ], [ -122.309966000941003, 37.864935753715102 ], [ -122.309946000693003, 37.864937146697599 ], [ -122.309937684489, 37.864934999734103 ], [ -122.309926000177001, 37.864931958433303 ], [ -122.309906000599995, 37.864933151637302 ], [ -122.309902565613001, 37.864934999425202 ], [ -122.309886000972995, 37.86494519931 ], [ -122.309866000419007, 37.864954447671899 ], [ -122.309864834460996, 37.864954999217801 ], [ -122.309846000418005, 37.864968514530098 ], [ -122.309831166839004, 37.8649749999257 ], [ -122.309826000605995, 37.864977602703803 ], [ -122.309806000831998, 37.864980340877302 ], [ -122.309786000401004, 37.864982725432803 ], [ -122.309766000617998, 37.864991408678698 ], [ -122.309758158494006, 37.864994999692797 ], [ -122.309746000716999, 37.865006772151602 ], [ -122.309736866955006, 37.865014999590699 ], [ -122.309725999953002, 37.865021000070797 ], [ -122.309706000445004, 37.865030135908199 ], [ -122.309700286814007, 37.865034999659699 ], [ -122.309686000759996, 37.865044029968203 ], [ -122.309670885263998, 37.865054999152399 ], [ -122.309666000318998, 37.865058786062299 ], [ -122.309646000243006, 37.865062364641801 ], [ -122.309629783220998, 37.8650549997027 ], [ -122.309625999676996, 37.865053888403601 ], [ -122.309622522599, 37.8650549991454 ], [ -122.309619637023005, 37.865075000014102 ], [ -122.309612969113005, 37.865094999931799 ], [ -122.309605999674005, 37.865101231285003 ], [ -122.309589881977999, 37.865114999286099 ], [ -122.309586000216996, 37.865117275881502 ], [ -122.309565999681993, 37.865127672355499 ], [ -122.309550390452998, 37.865134999581201 ], [ -122.309545999901005, 37.865136874756899 ], [ -122.309526000039995, 37.865142381615598 ], [ -122.309505999562006, 37.86514546798 ], [ -122.309485999803996, 37.865147691404601 ], [ -122.309465999763006, 37.8651500534028 ], [ -122.309446000693995, 37.865154847579099 ], [ -122.309444749541001, 37.865154999443703 ], [ -122.309426000829006, 37.865156846041899 ], [ -122.309406001140999, 37.865158480972497 ], [ -122.309386001302002, 37.865161255968502 ], [ -122.309366001181999, 37.8651608825135 ], [ -122.309346000911006, 37.865161686016201 ], [ -122.309326000390001, 37.865162444529602 ], [ -122.309306001159001, 37.865161250416001 ], [ -122.309286001179998, 37.865162395832797 ], [ -122.309266000107996, 37.865165352595099 ], [ -122.309246000575001, 37.865167177357002 ], [ -122.309226000348005, 37.865167428352301 ], [ -122.309206000230006, 37.865167719833799 ], [ -122.309186000528996, 37.865168763549498 ], [ -122.309166000106998, 37.865169746988002 ], [ -122.309146000107006, 37.865170596342601 ], [ -122.309126000019006, 37.8651708149252 ], [ -122.309106000921005, 37.865169070988898 ], [ -122.309086000155006, 37.865167420661997 ], [ -122.309066000605995, 37.865165181829397 ], [ -122.309046000718993, 37.865165259123899 ], [ -122.309026000749995, 37.865168141140003 ], [ -122.309009470733997, 37.865175000120502 ], [ -122.309006000615994, 37.865177297566099 ], [ -122.308986000028, 37.865184481603002 ], [ -122.308966000728006, 37.865184319522001 ], [ -122.308945999857002, 37.865181816149203 ], [ -122.308926000230002, 37.865176028424401 ], [ -122.308918300301997, 37.865174999694197 ], [ -122.308905999987005, 37.865173840867897 ], [ -122.308899862429001, 37.865175000104301 ], [ -122.308886000403007, 37.865177991592297 ], [ -122.308866000090006, 37.865185628210597 ], [ -122.308846000307, 37.865191102559898 ], [ -122.308825999952006, 37.865194896062398 ], [ -122.308825628552, 37.865194999491997 ], [ -122.308805999848005, 37.8652032417207 ], [ -122.308785999609, 37.865207482422299 ], [ -122.308766000470001, 37.865204037779698 ], [ -122.308746000056004, 37.865204504654002 ], [ -122.308725999539007, 37.865211876706802 ], [ -122.308709013908995, 37.865214999385501 ], [ -122.308705999416006, 37.865215825852701 ], [ -122.308685999614994, 37.865219970248802 ], [ -122.308666000260999, 37.8652252744943 ], [ -122.308646001111995, 37.865230252999503 ], [ -122.308626000565994, 37.865234779821201 ], [ -122.308606000595006, 37.865233192386 ], [ -122.308586001037, 37.865232948363101 ], [ -122.308573642512997, 37.865234999363103 ], [ -122.308566000816995, 37.865236894787699 ], [ -122.308546000239005, 37.865243194231901 ], [ -122.308526001165006, 37.865246882380902 ], [ -122.308506000240001, 37.865251545061597 ], [ -122.308490878409998, 37.865254999860603 ], [ -122.308486000593007, 37.865257911963802 ], [ -122.308466000441001, 37.865267329244801 ], [ -122.308446000245993, 37.8652704271232 ], [ -122.308426000408005, 37.865270617689497 ], [ -122.308406000876005, 37.865271372430499 ], [ -122.308385999986001, 37.865272674281698 ], [ -122.308378608346999, 37.8652749994923 ], [ -122.308365999949999, 37.865280470077103 ], [ -122.308346000222997, 37.865286945834697 ], [ -122.308326000880996, 37.865292843000603 ], [ -122.308320489511004, 37.865294999747903 ], [ -122.308306000884002, 37.8653075871553 ], [ -122.308286206502004, 37.865315000157103 ], [ -122.308285999806003, 37.865315349663902 ], [ -122.308279375385993, 37.865334999535101 ], [ -122.308265999859998, 37.865344580829799 ], [ -122.308245999706003, 37.865350747941903 ], [ -122.308226000377005, 37.865351990348302 ], [ -122.308206000186004, 37.8653510246221 ], [ -122.308185999708996, 37.865350234362197 ], [ -122.308166000433999, 37.865346526876003 ], [ -122.308146000229002, 37.865344230314101 ], [ -122.308125999831006, 37.865343036025799 ], [ -122.308105999763995, 37.865343515383302 ], [ -122.308085999529993, 37.865343989341802 ], [ -122.308065999994, 37.8653443751016 ], [ -122.308045999537995, 37.865346985218103 ], [ -122.308025999595998, 37.865349279486203 ], [ -122.308006000328007, 37.865351928265099 ], [ -122.307985999365002, 37.865349348249502 ], [ -122.307965999794007, 37.865343561263998 ], [ -122.307946000236001, 37.8653428006402 ], [ -122.307926000205001, 37.865343613798302 ], [ -122.307905999268996, 37.865347834569 ], [ -122.307886000951001, 37.865350809942299 ], [ -122.307866000497, 37.865352200779498 ], [ -122.307846000238001, 37.865350013046303 ], [ -122.307826000706996, 37.865349770695403 ], [ -122.307806000639999, 37.8653546851897 ], [ -122.307804357150005, 37.865355000253999 ], [ -122.307786000448999, 37.865359300044602 ], [ -122.307766000773, 37.8653695495262 ], [ -122.307756814228995, 37.865375000096897 ], [ -122.307746000462004, 37.865380148144602 ], [ -122.307726001039001, 37.865385712279199 ], [ -122.307706000882007, 37.8653885175925 ], [ -122.307686000204001, 37.865390197244302 ], [ -122.307666000373999, 37.8653930502348 ], [ -122.307657730688007, 37.865394999974697 ], [ -122.307646000727004, 37.865397535482302 ], [ -122.307625999915004, 37.865399543559001 ], [ -122.307605999816005, 37.865403127194099 ], [ -122.307586000629996, 37.865411028119198 ], [ -122.307577683917998, 37.865414999742001 ], [ -122.307565999881007, 37.865421835472297 ], [ -122.307546000825994, 37.8654278188829 ], [ -122.307526000189, 37.865433270530097 ], [ -122.307521651762002, 37.865434999949798 ], [ -122.307506000323002, 37.8654411129667 ], [ -122.307486000718001, 37.865443567304602 ], [ -122.307465999898994, 37.865446351894398 ], [ -122.307446000346999, 37.865444667976902 ], [ -122.307425999868002, 37.865445467562402 ], [ -122.307406000361993, 37.865448516662397 ], [ -122.307386000245003, 37.865451545974999 ], [ -122.307369079400999, 37.865455001046598 ], [ -122.307366000011001, 37.865455569581499 ], [ -122.307345999537006, 37.865460287846297 ], [ -122.307325999740002, 37.865470647032502 ], [ -122.307318318677005, 37.865474999627899 ], [ -122.307306000230994, 37.865486117156799 ], [ -122.307285999973004, 37.8654894011026 ], [ -122.307265999723001, 37.865493868301201 ], [ -122.307262096268005, 37.8654949997728 ], [ -122.307245999667003, 37.865499635724703 ], [ -122.307226000005997, 37.865501719296198 ], [ -122.307206000004001, 37.865510926703102 ], [ -122.307192617498998, 37.865515000244002 ], [ -122.307185999588995, 37.865517385181001 ], [ -122.307166000254995, 37.865517298383303 ], [ -122.307146000100005, 37.865519624900799 ], [ -122.307125999779004, 37.865523646668798 ], [ -122.307106000253, 37.865528211906202 ], [ -122.307088827938003, 37.865535000188999 ], [ -122.307086000585997, 37.865535767226604 ], [ -122.307066001078994, 37.865545509090097 ], [ -122.307046000867999, 37.865553601603501 ], [ -122.307043484424995, 37.865554999728701 ], [ -122.307026001081994, 37.865560672815903 ], [ -122.307006000197006, 37.865574659120803 ], [ -122.307005572354996, 37.865575000281503 ], [ -122.306987989391999, 37.865595000326799 ], [ -122.306986000622004, 37.865597672336598 ], [ -122.306969087962997, 37.865615000534198 ], [ -122.306966000284007, 37.865623212242802 ], [ -122.306953826506003, 37.865635000012801 ], [ -122.306946000645993, 37.865643451324502 ], [ -122.306936315258994, 37.865655000470298 ], [ -122.306925999944994, 37.865673195164 ], [ -122.306924839532002, 37.865675000015699 ], [ -122.306911715184995, 37.865695000675103 ], [ -122.306905999942003, 37.865702629450197 ], [ -122.306896986536998, 37.865714999796097 ], [ -122.306886000123001, 37.8657287056215 ], [ -122.306880939422001, 37.865734999078803 ], [ -122.306868222640006, 37.8657549990928 ], [ -122.306866000067004, 37.865759285365399 ], [ -122.306857666883005, 37.8657749998331 ], [ -122.306852443024994, 37.865794999702501 ], [ -122.306850772648005, 37.8658149996131 ], [ -122.306849750121003, 37.865834999660898 ], [ -122.306846000256996, 37.865846332960999 ], [ -122.306839276304004, 37.865854999723197 ], [ -122.306826000802999, 37.865861737313999 ], [ -122.306811746647995, 37.865874999384403 ], [ -122.306805999850994, 37.865876205885201 ], [ -122.306785999802003, 37.865882273767198 ], [ -122.306766000240998, 37.865878854892301 ], [ -122.306746000607006, 37.865888892741197 ], [ -122.306733691681998, 37.865894999858199 ], [ -122.306725999638999, 37.865896890732898 ], [ -122.306714166272997, 37.865894999249001 ], [ -122.306706000258998, 37.865891259200602 ], [ -122.306686198511997, 37.865874999754602 ], [ -122.306686000289005, 37.8658747003293 ], [ -122.306666100545996, 37.8658549991748 ], [ -122.306666000530001, 37.865854894020302 ], [ -122.306646000032998, 37.865838983019202 ], [ -122.306640942808002, 37.865834999618002 ], [ -122.306625999597003, 37.865822740882102 ], [ -122.306612350023002, 37.865815000429599 ], [ -122.306606000258995, 37.865809899119597 ], [ -122.306585999448004, 37.865795234358103 ], [ -122.306585675719006, 37.8657950003332 ], [ -122.306565999959005, 37.865777727953898 ], [ -122.306561656585004, 37.865775000459699 ], [ -122.306545999766001, 37.865761270743697 ], [ -122.306539401090006, 37.865754999959201 ], [ -122.306526000177996, 37.865740025606101 ], [ -122.306520736693997, 37.865735000582099 ], [ -122.306506000289005, 37.865720027614003 ], [ -122.306500565956995, 37.865715000475703 ], [ -122.306485999429, 37.865700922253303 ], [ -122.306479977373002, 37.865695000302999 ], [ -122.306465999926999, 37.865680862160303 ], [ -122.306460574042006, 37.865674999830098 ], [ -122.306445999786007, 37.865660189302801 ], [ -122.306441077387007, 37.865655000248999 ], [ -122.306425999538007, 37.8656388469823 ], [ -122.306422409600998, 37.865635000022998 ], [ -122.306405999616999, 37.865615887685898 ], [ -122.306405349501006, 37.865615000372799 ], [ -122.306392341559004, 37.8655950001842 ], [ -122.306386000168004, 37.865584474620903 ], [ -122.306381274897007, 37.865575000457198 ], [ -122.306374613328998, 37.865554999705601 ], [ -122.306370945086002, 37.865534999882499 ], [ -122.306367744797001, 37.865515000059197 ], [ -122.306369970920997, 37.865495000268901 ], [ -122.306372978081001, 37.865474999856801 ], [ -122.306372026488006, 37.865455000883799 ], [ -122.306373781244005, 37.865435001159199 ], [ -122.306372615561997, 37.8654150009041 ], [ -122.306372695481997, 37.865395000992102 ], [ -122.306372256219007, 37.865375001165503 ], [ -122.306373651178006, 37.865355001160999 ], [ -122.306369492209996, 37.865335000876399 ], [ -122.306367860856994, 37.865315000577603 ], [ -122.306365999915002, 37.865303001344301 ], [ -122.306364279163006, 37.865295000889901 ], [ -122.306354837263001, 37.865275000512199 ], [ -122.306345999477003, 37.865256464212997 ], [ -122.306345439774006, 37.865255000179801 ], [ -122.306335655213005, 37.8652350009909 ], [ -122.306329147412995, 37.865215000880099 ], [ -122.306327569581001, 37.865195000451699 ], [ -122.306326540545001, 37.865175000268302 ], [ -122.306337770403999, 37.865155000110597 ], [ -122.306346000093001, 37.8651432081612 ], [ -122.306352479718996, 37.865135000530998 ], [ -122.306366000088005, 37.865123756510798 ], [ -122.306374027220997, 37.865115000828901 ], [ -122.306385999434994, 37.865109165666901 ], [ -122.306404420161996, 37.865095000194103 ], [ -122.306405999684998, 37.865094271564601 ], [ -122.306426000317998, 37.865088746319202 ], [ -122.306445902695003, 37.865075000455697 ], [ -122.306446000251, 37.865074951789403 ], [ -122.306465999809006, 37.865065434981098 ], [ -122.306481438508001, 37.865055000783002 ], [ -122.306485999757996, 37.865053527354803 ], [ -122.306506000525999, 37.865051261221097 ], [ -122.306525999648002, 37.865047573408901 ], [ -122.306545609058006, 37.865035000221503 ], [ -122.306545999728996, 37.865034783051897 ], [ -122.306565999957002, 37.8650291345159 ], [ -122.306585999500996, 37.865023685748497 ], [ -122.306606000442997, 37.865016100791301 ], [ -122.306608639885994, 37.865014999947903 ], [ -122.306626000177005, 37.8650106214197 ], [ -122.306646000640995, 37.864999101576203 ], [ -122.306652366422, 37.8649950001722 ], [ -122.306666000701, 37.864990083221201 ], [ -122.306685999882006, 37.864982441595899 ], [ -122.306703106461001, 37.8649750004681 ], [ -122.306706000152005, 37.8649742438608 ], [ -122.306726000080999, 37.864969289060298 ], [ -122.306746000744994, 37.864962509418604 ], [ -122.306759062197997, 37.864955000310303 ], [ -122.306766000036006, 37.8649518399017 ], [ -122.306785999976, 37.864941339533999 ], [ -122.306801982565005, 37.864935000686401 ], [ -122.306806000267002, 37.864934141475402 ], [ -122.306826000864007, 37.864929726533802 ], [ -122.306846000017003, 37.864922417812998 ], [ -122.306866000957001, 37.864915721828197 ], [ -122.306868253570002, 37.864915000042501 ], [ -122.306886000377006, 37.864911749607799 ], [ -122.306905999910995, 37.864908113912499 ], [ -122.306926000323003, 37.864903360627203 ], [ -122.306946000780002, 37.864898719814597 ], [ -122.306956802724997, 37.864895000071797 ], [ -122.306966001099994, 37.864893187284899 ], [ -122.306986000223006, 37.864887652975298 ], [ -122.307006000887, 37.864881872983297 ], [ -122.307019961989994, 37.864874999806702 ], [ -122.307026000430994, 37.864872803287298 ], [ -122.307046000168, 37.864864109706701 ], [ -122.307062930059999, 37.864855000069497 ], [ -122.307066000258999, 37.864854170772503 ], [ -122.307086001124006, 37.864850172395897 ], [ -122.307106000814002, 37.864848021357801 ], [ -122.307125999350006, 37.864850823817797 ], [ -122.307146000014001, 37.864852512263099 ], [ -122.307166000353007, 37.864854079236402 ], [ -122.307185999729995, 37.864851141753 ], [ -122.307205999355006, 37.864848655968402 ], [ -122.307225999658002, 37.864843308756903 ], [ -122.307240897967006, 37.864835000317498 ], [ -122.307246000340996, 37.864833205114699 ], [ -122.307266000115007, 37.864820669287603 ], [ -122.307272626102005, 37.864814999866098 ], [ -122.307286000147997, 37.864799861456198 ], [ -122.307289870660995, 37.8647949999853 ], [ -122.307305999663996, 37.864776005959001 ], [ -122.307306767962004, 37.864775000483199 ], [ -122.307326000008999, 37.864766853413499 ], [ -122.307343457879995, 37.864754999941802 ], [ -122.307346000497006, 37.864751680201998 ], [ -122.307362325994006, 37.864735000310198 ], [ -122.307362000314001, 37.864715000096801 ], [ -122.307366000350001, 37.864704104673997 ], [ -122.307379655763995, 37.8646550009354 ], [ -122.307372427014002, 37.864635000349203 ], [ -122.307358351044002, 37.864615001014101 ], [ -122.307353160326002, 37.864595000811804 ], [ -122.307344567607004, 37.864575000369101 ], [ -122.307306000235997, 37.864513745976303 ], [ -122.307295029014, 37.864475000457396 ], [ -122.307291456216007, 37.8644550006222 ], [ -122.307269369408004, 37.8644150004354 ], [ -122.307268494992996, 37.864395000880201 ], [ -122.307263218919005, 37.8643750005171 ], [ -122.307250351004996, 37.864355000426897 ], [ -122.307245999483996, 37.864333966387001 ], [ -122.307238223102999, 37.864274999958802 ], [ -122.307233008544998, 37.864255000211003 ], [ -122.307222998412996, 37.8642350000327 ], [ -122.307223351361003, 37.864215000262398 ], [ -122.307212084263995, 37.864174999788901 ], [ -122.307208742629001, 37.864155000004203 ], [ -122.307211434154993, 37.864135000238498 ], [ -122.307210295605998, 37.864115000365402 ], [ -122.307206000232, 37.864097821849803 ], [ -122.307196835689993, 37.864074999781799 ], [ -122.307167910947001, 37.864014999564802 ], [ -122.307145999810004, 37.863938737050901 ], [ -122.307134048419996, 37.863914999486397 ], [ -122.307131638147993, 37.863894999780797 ], [ -122.307117338123007, 37.863855000953102 ], [ -122.307117406436006, 37.863835000359998 ], [ -122.307119696057995, 37.863815000229202 ], [ -122.307115751034004, 37.8637950003518 ], [ -122.307100799744006, 37.863775000731899 ], [ -122.307097589066998, 37.863755000225602 ], [ -122.307091981797996, 37.863735000828498 ], [ -122.307086000870996, 37.8636944388575 ], [ -122.307077944805997, 37.8636750003581 ], [ -122.307062703200998, 37.863655000019698 ], [ -122.307058178724006, 37.863615000310602 ], [ -122.307053014353997, 37.863595000491102 ], [ -122.307043318602993, 37.863575000551897 ], [ -122.307038666582997, 37.863555000774703 ], [ -122.307035599385998, 37.863535000206802 ], [ -122.307035810063994, 37.863515000474898 ], [ -122.307032257862005, 37.863495000237997 ], [ -122.307022078260999, 37.8634750006063 ], [ -122.307016839894004, 37.863455000409303 ], [ -122.307013534795999, 37.863414999739597 ], [ -122.306983234027001, 37.863334999680802 ], [ -122.306979869733993, 37.863315000327503 ], [ -122.306965976309996, 37.863274999963103 ], [ -122.306968427642005, 37.863255000324401 ], [ -122.306962912638994, 37.863235000047801 ], [ -122.306932939895006, 37.863154999967897 ], [ -122.306924007039996, 37.863134999743899 ], [ -122.306916616994002, 37.863095000260202 ], [ -122.306915228072, 37.8630750007027 ], [ -122.306918287358997, 37.863055000169403 ], [ -122.306916833551995, 37.863035000960103 ], [ -122.306909024511995, 37.862995000537197 ], [ -122.306896148964995, 37.862975000562102 ], [ -122.306882896649, 37.862935000456297 ], [ -122.306865439762007, 37.862895000236797 ], [ -122.306860067155, 37.8628750008168 ], [ -122.306851449983995, 37.862795000282603 ], [ -122.306846001072998, 37.862784317209901 ], [ -122.306825941496996, 37.862755000153498 ], [ -122.306821959030003, 37.862735000089302 ], [ -122.306820073734002, 37.862715000180501 ], [ -122.306815265831005, 37.8626949997957 ], [ -122.306805950523, 37.862674999721897 ], [ -122.306799004498004, 37.862654999968498 ], [ -122.306766000010995, 37.862581535930197 ], [ -122.306746525183001, 37.862495000108801 ], [ -122.306735041018001, 37.8624749994529 ], [ -122.306726000660007, 37.862452797638497 ], [ -122.306702533218001, 37.862414999669298 ], [ -122.306697164102999, 37.862395000176399 ], [ -122.306697224562001, 37.862374999736602 ], [ -122.306694024321004, 37.862354999921699 ], [ -122.306682845327003, 37.862334999690901 ], [ -122.306675988200993, 37.862315000921299 ], [ -122.306673946958995, 37.862295000411002 ], [ -122.306674319387, 37.862275000270103 ], [ -122.306671291081003, 37.862255000747297 ], [ -122.306662850227994, 37.862235000042901 ], [ -122.306659101256997, 37.862215000882799 ], [ -122.306651360600995, 37.862195000208402 ], [ -122.306650194922995, 37.862175000855103 ], [ -122.306633298628995, 37.862115000447098 ], [ -122.30662665781, 37.862095000214701 ], [ -122.306617564644, 37.862075000355503 ], [ -122.306606713753993, 37.862034999930998 ], [ -122.306598299168996, 37.862015000517196 ], [ -122.306579238647004, 37.861955000334099 ], [ -122.306568802217001, 37.861915000034301 ], [ -122.306565524601993, 37.861894999905502 ], [ -122.306557603003995, 37.861875000006499 ], [ -122.306553594486004, 37.861855000436599 ], [ -122.30654504556, 37.861835000004199 ], [ -122.306543080655004, 37.861814999824098 ], [ -122.306538460766006, 37.861795000313897 ], [ -122.306539810073005, 37.861775000283203 ], [ -122.306526403131997, 37.861754999695997 ], [ -122.306518302045006, 37.861695000195503 ], [ -122.306505023781995, 37.861674999831003 ], [ -122.306499629713002, 37.861654999911302 ], [ -122.306499676569999, 37.8616349997341 ], [ -122.306491463566005, 37.861615000036899 ], [ -122.306486483897004, 37.861594999345797 ], [ -122.306486370239995, 37.861574999556197 ], [ -122.306483905573003, 37.8615549999884 ], [ -122.306475348762007, 37.861535000603403 ], [ -122.306469239736998, 37.861515000934801 ], [ -122.306465233509002, 37.861495000418898 ], [ -122.306459096015999, 37.861475000397597 ], [ -122.306456358112996, 37.861455000685098 ], [ -122.306439383376997, 37.861415000140298 ], [ -122.306439065950997, 37.8613950006702 ], [ -122.306436098047996, 37.861374999981599 ], [ -122.306425999989997, 37.861344765150001 ], [ -122.306423838117993, 37.8613150003711 ], [ -122.306420554878002, 37.861295000347702 ], [ -122.306405999565001, 37.861263063299397 ], [ -122.306399154854006, 37.861255000316902 ], [ -122.306387543686995, 37.861215000100401 ], [ -122.306382558620996, 37.861175000234297 ], [ -122.306382340229007, 37.861154999759698 ], [ -122.306378027801998, 37.8611349997311 ], [ -122.306357932786995, 37.861074999618097 ], [ -122.306356146702001, 37.861054999596803 ], [ -122.306345999569999, 37.861020690444001 ], [ -122.306329888137995, 37.860974999955303 ], [ -122.306320426536999, 37.860934999789102 ], [ -122.306309358307004, 37.8609150000988 ], [ -122.306295933376006, 37.860894999835899 ], [ -122.306285155940003, 37.860834999601003 ], [ -122.306272726334001, 37.860794999817202 ], [ -122.306257056592003, 37.860755000251302 ], [ -122.306252621281999, 37.860735000782597 ], [ -122.306242606192995, 37.8607150006317 ], [ -122.306238910887004, 37.860695000429999 ], [ -122.306226000897993, 37.860663285472803 ], [ -122.306223879860994, 37.860655000275997 ], [ -122.306219810252003, 37.860614999898502 ], [ -122.306214580292007, 37.860595000412303 ], [ -122.306211678530005, 37.8605750002477 ], [ -122.306214419146997, 37.860555000462597 ], [ -122.306209193715006, 37.860534999989397 ], [ -122.306206000467995, 37.860525317302702 ], [ -122.306187492334004, 37.860495000322999 ], [ -122.306180616111007, 37.860475000098297 ], [ -122.306179871799003, 37.860454999839298 ], [ -122.306173363317001, 37.8604349997415 ], [ -122.306166000678004, 37.860423570603103 ], [ -122.306162684555005, 37.860414999749302 ], [ -122.306165317031002, 37.860395000245198 ], [ -122.306163386427997, 37.860375000301701 ], [ -122.306146457905996, 37.860314999559897 ], [ -122.306128992919, 37.860274999407899 ], [ -122.306128166673005, 37.860254999824399 ], [ -122.306122444921996, 37.860234999893599 ], [ -122.306114503109995, 37.860214999459799 ], [ -122.306103207340001, 37.860194999629698 ], [ -122.306097529151003, 37.8601549995862 ], [ -122.306091249556005, 37.860134999582797 ], [ -122.306087936845998, 37.860114999219597 ], [ -122.306082386477996, 37.860054999243602 ], [ -122.306075782744003, 37.860014999899498 ], [ -122.306071349774001, 37.859994999481003 ], [ -122.306056479546996, 37.859955000717498 ], [ -122.306053937594001, 37.859934999930601 ], [ -122.306047498653001, 37.859915000290002 ], [ -122.306046177181003, 37.859895000330603 ], [ -122.306039282845006, 37.859875000447801 ], [ -122.306025894610002, 37.859855000353697 ], [ -122.306006000815998, 37.859810283270299 ], [ -122.305983778422998, 37.859735000173004 ], [ -122.305980273358998, 37.859714999906899 ], [ -122.305979167092005, 37.859695000308399 ], [ -122.305961024929999, 37.859654999659298 ], [ -122.305946000030005, 37.859629242520498 ], [ -122.305929412344994, 37.859614999758001 ], [ -122.305929644925996, 37.859594999612099 ], [ -122.305926000601005, 37.859589819264897 ], [ -122.305906000714998, 37.859582486993297 ], [ -122.305896001012997, 37.85957500024 ], [ -122.305872973388006, 37.859555000102702 ], [ -122.305860595067998, 37.859534999471002 ], [ -122.305846000220996, 37.859527430097401 ], [ -122.305826000710994, 37.859513413984999 ], [ -122.305805999897004, 37.859505236789403 ], [ -122.305786000694994, 37.8595014767481 ], [ -122.305765999974994, 37.859499997761802 ], [ -122.305726000237996, 37.859501941034999 ], [ -122.305706000561997, 37.859506266720601 ], [ -122.305625999911996, 37.859548625694501 ], [ -122.305586229433004, 37.859574999868997 ], [ -122.305564837028996, 37.8595950000743 ], [ -122.305533489756996, 37.859614999984998 ], [ -122.305511607767002, 37.859634999694002 ], [ -122.305486000784001, 37.859654448334098 ], [ -122.305446000840007, 37.859696121913203 ], [ -122.305430431296998, 37.859714999669002 ], [ -122.305426000482996, 37.859726917398604 ], [ -122.305406686249995, 37.859755000248597 ], [ -122.305387817756994, 37.859775000494203 ], [ -122.305371780640996, 37.859795000299897 ], [ -122.305358200371003, 37.859815000567401 ], [ -122.305347919398002, 37.859835000400899 ], [ -122.305331223080003, 37.8598550002745 ], [ -122.305317108824994, 37.859875000003399 ], [ -122.305294199315995, 37.859915000694699 ], [ -122.305278800311996, 37.859955000088597 ], [ -122.305273604910994, 37.859975000242301 ], [ -122.305270145156996, 37.860014999596999 ], [ -122.305258656825004, 37.860054999403403 ], [ -122.305242895755001, 37.8600949994525 ], [ -122.305229615428004, 37.860134999506897 ], [ -122.305220295889001, 37.860174999913603 ], [ -122.305214843762002, 37.860214999769099 ], [ -122.305213734347006, 37.860234999666901 ], [ -122.305216051770998, 37.860254999384203 ], [ -122.305221602526004, 37.860274999940799 ], [ -122.305234895610994, 37.860315000320703 ], [ -122.305255412384994, 37.860354999523103 ], [ -122.305271936533998, 37.860394999881599 ], [ -122.305301350316, 37.860495000438299 ], [ -122.305305584991999, 37.860515000194297 ], [ -122.305310699876003, 37.8605750004673 ], [ -122.305318598219003, 37.860594999986802 ], [ -122.305323837071001, 37.8606150002364 ], [ -122.305323466565994, 37.860635000329502 ], [ -122.305326081196995, 37.860655000631297 ], [ -122.305331407693998, 37.860675000095704 ], [ -122.305338272330999, 37.860695000587803 ], [ -122.305349169484998, 37.860715000051201 ], [ -122.305362972108995, 37.860735000353102 ], [ -122.305372245802005, 37.860755000427197 ], [ -122.305375640272999, 37.860774999235304 ], [ -122.305375481075998, 37.860814999936302 ], [ -122.305392098436997, 37.860914999900203 ], [ -122.305398479233006, 37.8609349997921 ], [ -122.305408382536001, 37.860954999458997 ], [ -122.305421357523002, 37.8609749994678 ], [ -122.305459295933005, 37.8610150002838 ], [ -122.305466000707, 37.861024032408103 ], [ -122.305486000806994, 37.861063731972898 ], [ -122.305518250841004, 37.861114999815399 ], [ -122.305526000403006, 37.861125018744502 ], [ -122.305560065088002, 37.8611950002228 ], [ -122.305586000418003, 37.861234296836201 ], [ -122.305605999397997, 37.8612555331161 ], [ -122.305620919719999, 37.861274999910698 ], [ -122.305643862007003, 37.8613150001176 ], [ -122.305658007500995, 37.861335000096503 ], [ -122.305701447811998, 37.861415000693299 ], [ -122.305715539833997, 37.861435000794202 ], [ -122.305725999744993, 37.8614579879183 ], [ -122.305736677295002, 37.8614950007617 ], [ -122.305779915849996, 37.861594999985499 ], [ -122.305799645440004, 37.861634999843702 ], [ -122.305815223291006, 37.8616550001625 ], [ -122.305826000747004, 37.861672877427402 ], [ -122.305835062203002, 37.8616949997134 ], [ -122.305846000561004, 37.861712037955698 ], [ -122.305865475268007, 37.861754999494501 ], [ -122.305869874124994, 37.861774999677401 ], [ -122.305878721143003, 37.861794999822202 ], [ -122.305893159381, 37.861814999546802 ], [ -122.305935531811002, 37.861854999558503 ], [ -122.305950395902997, 37.861875000087203 ], [ -122.305958993602005, 37.861894999621398 ], [ -122.305971528306003, 37.861914999943401 ], [ -122.305980445969993, 37.861935000522799 ], [ -122.305979628185995, 37.8619550002227 ], [ -122.305996440802005, 37.862015000521197 ], [ -122.306005564516994, 37.862034999836801 ], [ -122.306035880275999, 37.862075000377502 ], [ -122.306076865069997, 37.862115000029497 ], [ -122.306089846975993, 37.8621550000139 ], [ -122.306098373032995, 37.862175000016997 ], [ -122.306103261269001, 37.862215000855102 ], [ -122.306107351666995, 37.862235000663297 ], [ -122.306115408669001, 37.862255000686297 ], [ -122.306123589476996, 37.862295000301799 ], [ -122.306122596416003, 37.862315000674101 ], [ -122.306117087947001, 37.862334999686297 ], [ -122.306114357507994, 37.862355000171398 ], [ -122.306115398965005, 37.862375000116202 ], [ -122.306113529206002, 37.862394999349 ], [ -122.306109360804996, 37.862414999588601 ], [ -122.306108687668001, 37.862435000108 ], [ -122.306104151206, 37.862474999499703 ], [ -122.306104256824995, 37.862495000342101 ], [ -122.306109992971002, 37.862555000347498 ], [ -122.306117958338007, 37.862614999781101 ], [ -122.306116877321003, 37.862655000218503 ], [ -122.306119192785999, 37.862674999962003 ], [ -122.306128117406004, 37.8626950003991 ], [ -122.306140363945005, 37.862735000122797 ], [ -122.306140701806996, 37.862755000099 ], [ -122.306154681495002, 37.862775000515697 ], [ -122.306159796613002, 37.862795000415403 ], [ -122.306156462719002, 37.862814999907201 ], [ -122.306155824892002, 37.862835000647799 ], [ -122.306146000943002, 37.862853875988002 ], [ -122.306122033982007, 37.8628750001591 ], [ -122.306105999940996, 37.862892637082098 ], [ -122.306086000882004, 37.862898343117301 ], [ -122.306026000700996, 37.8629041200006 ], [ -122.305986000749996, 37.862912514098802 ], [ -122.305926000777006, 37.862930652576701 ], [ -122.305866000185006, 37.862954690218601 ], [ -122.305826000579003, 37.862968497538603 ], [ -122.305746000453993, 37.8629928656255 ], [ -122.305725999825, 37.862996783698897 ], [ -122.305686000001003, 37.8629996726293 ], [ -122.305646000224996, 37.863009221970501 ], [ -122.305605999574993, 37.863010937532103 ], [ -122.305585999447004, 37.863004883830897 ], [ -122.305546000883993, 37.863012401334601 ], [ -122.305506001013001, 37.863012107562703 ], [ -122.305486000325999, 37.863015210365198 ], [ -122.305386000276002, 37.863018071075103 ], [ -122.305346000740997, 37.863015827345997 ], [ -122.305306000290997, 37.8630167356702 ], [ -122.305226000082996, 37.863009879856499 ], [ -122.305165999855006, 37.8630034125365 ], [ -122.305126000369995, 37.862996211657403 ], [ -122.305086000060001, 37.862992646929698 ], [ -122.304966000071005, 37.862972398422997 ], [ -122.304886000425995, 37.862957157905697 ], [ -122.304846000043995, 37.862944449189499 ], [ -122.304706000905, 37.862912767492297 ], [ -122.304626000430005, 37.862892166627702 ], [ -122.304546000781997, 37.862875440293699 ], [ -122.304526000349, 37.8628697796428 ], [ -122.304426000552994, 37.862850397948797 ], [ -122.304406000135003, 37.862843367761002 ], [ -122.304325999561996, 37.862825534528902 ], [ -122.304289125438004, 37.862814999803902 ], [ -122.304245999667003, 37.862800133796 ], [ -122.304205999557993, 37.862793090993101 ], [ -122.304185999417001, 37.862785069169 ], [ -122.304166000275998, 37.862779485818201 ], [ -122.304106000039994, 37.862772823613703 ], [ -122.304066000191995, 37.862760124529501 ], [ -122.304045999809006, 37.862748836362798 ], [ -122.304025999751005, 37.862750811443298 ], [ -122.304005999596995, 37.862746342055203 ], [ -122.303985999689999, 37.862741399356999 ], [ -122.303966000219006, 37.862732398486699 ], [ -122.303926000838999, 37.862719120767402 ], [ -122.303886000321, 37.8627124323936 ], [ -122.303826000409998, 37.862683009253502 ], [ -122.303766000197001, 37.862673049062899 ], [ -122.303745999724001, 37.862663458797897 ], [ -122.303705999992005, 37.8626482788071 ], [ -122.303686000775002, 37.862638247599499 ], [ -122.303666000296005, 37.8626213625312 ], [ -122.303646000178006, 37.862612819626499 ], [ -122.303625999995006, 37.862593907265698 ], [ -122.303606000241999, 37.8625664925531 ], [ -122.303575487255003, 37.862535000247398 ], [ -122.303566000087002, 37.862522563475103 ], [ -122.303558973457996, 37.862455000043397 ], [ -122.303558662456993, 37.862434999557301 ], [ -122.303565999721997, 37.862405769454099 ], [ -122.303570657570006, 37.8623950001029 ], [ -122.303573370484003, 37.862375000025402 ], [ -122.303568279653007, 37.862315000141002 ], [ -122.303570889924998, 37.862275000074398 ], [ -122.303556690809998, 37.862195000404697 ], [ -122.303541065320005, 37.862135000395703 ], [ -122.303512892287003, 37.862075000226703 ], [ -122.303505999934004, 37.862054678936097 ], [ -122.303492319024997, 37.862035000020697 ], [ -122.303474175529004, 37.862015000096299 ], [ -122.303459840360006, 37.861994999912397 ], [ -122.303445999977001, 37.861979279636202 ], [ -122.303429653555995, 37.8619549998702 ], [ -122.303398825822001, 37.861915000432901 ], [ -122.303365999728996, 37.861877323993802 ], [ -122.303321700321007, 37.861834999896303 ], [ -122.303266000123003, 37.861795126265399 ], [ -122.303225999622001, 37.861774199929698 ], [ -122.303166000633993, 37.861730367744499 ], [ -122.303146000237007, 37.861722694887199 ], [ -122.303106000376005, 37.8616986020563 ], [ -122.303086000896997, 37.861690328995998 ], [ -122.303046000113, 37.861679685678197 ], [ -122.302986000787996, 37.861651095356201 ], [ -122.302905999912994, 37.861621976651101 ], [ -122.302865999855001, 37.861615243850501 ], [ -122.302845999623997, 37.861605796508698 ], [ -122.302833157831998, 37.861594999668199 ], [ -122.302805999796007, 37.861553623996997 ], [ -122.302800845999002, 37.861535000530601 ], [ -122.302792289007996, 37.861515000005497 ], [ -122.302785999611999, 37.861501545276198 ], [ -122.302783754806001, 37.861494999942103 ], [ -122.302774663904003, 37.861475000668896 ], [ -122.302768952058003, 37.861455000403502 ], [ -122.302765999501005, 37.861444801017797 ], [ -122.302763541934993, 37.861435000643503 ], [ -122.302758307123, 37.861415000216702 ], [ -122.302752875357996, 37.861394999971999 ], [ -122.302746000235999, 37.861379378938103 ], [ -122.302744567747993, 37.8613750000547 ], [ -122.302737699217005, 37.861355000400899 ], [ -122.302728459177999, 37.861335000388998 ], [ -122.302725999559996, 37.861327059068401 ], [ -122.302723803898004, 37.861315000531697 ], [ -122.302722470744996, 37.861294999876897 ], [ -122.302721516738004, 37.861275000040898 ], [ -122.302715269838004, 37.861255000148503 ], [ -122.302705999425996, 37.861239974887802 ], [ -122.302702511850001, 37.8612350001927 ], [ -122.302697080114001, 37.861214999945503 ], [ -122.302692983854996, 37.861195000152001 ], [ -122.302686000286002, 37.861177775929903 ], [ -122.302685192023006, 37.861175000226503 ], [ -122.302677940967996, 37.861154999815902 ], [ -122.302672637900997, 37.861134999796903 ], [ -122.302666000212994, 37.861122250004698 ], [ -122.302663563002, 37.861115000209402 ], [ -122.302659521400997, 37.861095000265401 ], [ -122.302655027808996, 37.8610750000012 ], [ -122.302645999692999, 37.861055818344802 ], [ -122.302645671684999, 37.8610549995133 ], [ -122.302638079109997, 37.8610349993589 ], [ -122.302632583659999, 37.861014999432797 ], [ -122.302627200939, 37.860995000041598 ], [ -122.302625999784993, 37.860990553728698 ], [ -122.302622579841994, 37.860974999524899 ], [ -122.302619806544001, 37.860954999524601 ], [ -122.302616034793999, 37.8609349997976 ], [ -122.302606000186998, 37.860920630769201 ], [ -122.302603398689996, 37.860914999292397 ], [ -122.302598783321002, 37.860894999564799 ], [ -122.302594676864999, 37.860874999964501 ], [ -122.302587628506004, 37.860854999257199 ], [ -122.302585999954005, 37.860843647882 ], [ -122.302584975914002, 37.860834999638399 ], [ -122.302584690239001, 37.860814999568298 ], [ -122.302577928812994, 37.860794999650501 ], [ -122.302570130226002, 37.860774999848601 ], [ -122.302565999281001, 37.860762093048201 ], [ -122.302564059881007, 37.8607550001595 ], [ -122.302555799070007, 37.860735000232701 ], [ -122.302549036521, 37.860715000335098 ], [ -122.302545999453002, 37.860707976209902 ], [ -122.302541376847003, 37.8606950005641 ], [ -122.302535671949997, 37.860675000156498 ], [ -122.302530970084007, 37.860655000287998 ], [ -122.302525999880004, 37.860644568789198 ], [ -122.302521312357996, 37.8606350001834 ], [ -122.302512595029, 37.860615000020402 ], [ -122.302508860900005, 37.860595000468301 ], [ -122.302506000129995, 37.860575560929803 ], [ -122.302505940757001, 37.8605749996862 ], [ -122.302501754641, 37.860554999813203 ], [ -122.302494806547998, 37.860534999875902 ], [ -122.302487290355003, 37.860515000047002 ], [ -122.302485999430004, 37.860510632840402 ], [ -122.302482703487001, 37.860494999768903 ], [ -122.302477698820994, 37.860475000313002 ], [ -122.302465999988001, 37.860455116773799 ], [ -122.302465941752004, 37.860455000016202 ], [ -122.302460340517996, 37.860435000315 ], [ -122.302458007865994, 37.860414999950997 ], [ -122.302454595930001, 37.860394999611202 ], [ -122.302449912309001, 37.860374999389997 ], [ -122.302445999184997, 37.860359584223502 ], [ -122.302445166081995, 37.860354999470701 ], [ -122.302439630880997, 37.860334999400798 ], [ -122.302434315420001, 37.860314999611397 ], [ -122.302428373804005, 37.860295000144902 ], [ -122.302425999367998, 37.8602822341836 ], [ -122.302424878766004, 37.8602749996003 ], [ -122.302421046769993, 37.860255000125399 ], [ -122.302413853930005, 37.860234999484099 ], [ -122.302408733159993, 37.860214999555502 ], [ -122.302406000518005, 37.860197838582799 ], [ -122.302405634338001, 37.860194999502298 ], [ -122.302403214069997, 37.860174999919899 ], [ -122.302394022081998, 37.860154999864001 ], [ -122.302386000232005, 37.860137659688 ], [ -122.302385039566005, 37.860134999385401 ], [ -122.30238091839, 37.860114999162398 ], [ -122.302376657210999, 37.860094999827403 ], [ -122.302369769525001, 37.860074999624501 ], [ -122.302366000478997, 37.860067272396101 ], [ -122.302360111916997, 37.860054999506801 ], [ -122.302357055241004, 37.860034999543601 ], [ -122.302352981894003, 37.860014999301498 ], [ -122.302347765524004, 37.859994999406403 ], [ -122.302346000813998, 37.859988699496398 ], [ -122.302342823562, 37.8599750005421 ], [ -122.302337849688996, 37.859955000490601 ], [ -122.302332914532002, 37.859935000595499 ], [ -122.302328789967007, 37.859915000436203 ], [ -122.302326000619004, 37.859899883127497 ], [ -122.302325077540999, 37.859895000463403 ], [ -122.302321192058997, 37.8598750002133 ], [ -122.302315510067004, 37.859855000257603 ], [ -122.302307479397001, 37.859835000397901 ], [ -122.302306000832004, 37.859828749883 ], [ -122.302303758988003, 37.859814999678001 ], [ -122.302297613639993, 37.859794999618302 ], [ -122.302289663821, 37.8597750000053 ], [ -122.302286000115998, 37.859766402432598 ], [ -122.302282740888998, 37.859754999575202 ], [ -122.302280526721006, 37.859734999634 ], [ -122.302277122855003, 37.859715000035401 ], [ -122.302273418417002, 37.8596949999081 ], [ -122.302267258295998, 37.8596750001308 ], [ -122.302266000347998, 37.859672927713497 ], [ -122.302257612144999, 37.8596549997864 ], [ -122.302251867579002, 37.8596350001297 ], [ -122.302246000720999, 37.859618393317398 ], [ -122.302244859279, 37.859614999536902 ], [ -122.302240018662005, 37.859594999623702 ], [ -122.302236053543993, 37.859575000000497 ], [ -122.302228724228002, 37.859555000170403 ], [ -122.302226000016006, 37.859550152080601 ], [ -122.302220446543998, 37.859534999648801 ], [ -122.302215831362005, 37.859514999906402 ], [ -122.302210473892004, 37.859495000015798 ], [ -122.302211774194006, 37.859474999196102 ], [ -122.302210051887997, 37.859454999710103 ], [ -122.302210724901997, 37.859434999234303 ], [ -122.302206000306995, 37.859420108033397 ], [ -122.302204534070995, 37.859414999144199 ], [ -122.302199076429005, 37.859394999376597 ], [ -122.302186000312005, 37.859375857604597 ], [ -122.302185619872006, 37.859374999286899 ], [ -122.302180723505998, 37.859354999542198 ], [ -122.302176478351996, 37.859334999894202 ], [ -122.302171046894003, 37.859314999622903 ], [ -122.302166000571006, 37.859300085802502 ], [ -122.302164542995001, 37.859294999242003 ], [ -122.302160565370002, 37.859274998957197 ], [ -122.302153200831, 37.859254999799603 ], [ -122.302146000247006, 37.859242225695802 ], [ -122.302142288783998, 37.859234999452198 ], [ -122.302137815950005, 37.859214999674499 ], [ -122.302131915488005, 37.8591950003063 ], [ -122.302126347433003, 37.859174999955997 ], [ -122.302126000442996, 37.859174081608401 ], [ -122.302117841010002, 37.859155000220099 ], [ -122.302114244788996, 37.859134999811502 ], [ -122.302111281571001, 37.859114999849602 ], [ -122.302108075866002, 37.859095000043098 ], [ -122.302105999825997, 37.859089793080997 ], [ -122.302101175828994, 37.859075000064898 ], [ -122.302096258996997, 37.859054999810503 ], [ -122.302090316434004, 37.859035000349003 ], [ -122.302086000692995, 37.859025558664797 ], [ -122.302080641939, 37.859014999637097 ], [ -122.302074154047006, 37.858994999844803 ], [ -122.302067820980994, 37.858974999779697 ], [ -122.302066000691994, 37.858967963986103 ], [ -122.302062794882005, 37.858954999821997 ], [ -122.302057040153997, 37.858934999453098 ], [ -122.302049619868995, 37.858914999560703 ], [ -122.302046000773004, 37.858901367569302 ], [ -122.302044787314003, 37.858894999486601 ], [ -122.302041670438996, 37.858874999773398 ], [ -122.302037720203998, 37.858854999859602 ], [ -122.302034219647993, 37.8588349994127 ], [ -122.302027816036002, 37.858814999800202 ], [ -122.302026000200996, 37.858807701175103 ], [ -122.302022771725007, 37.858794999291 ], [ -122.302018773683997, 37.858774999394598 ], [ -122.302009815356001, 37.858754999328497 ], [ -122.302006000275995, 37.858743621531403 ], [ -122.302002948398993, 37.858734999610498 ], [ -122.301997085558995, 37.858714999514902 ], [ -122.301991437902004, 37.858694999787801 ], [ -122.301986000468005, 37.858680174451599 ], [ -122.301984533381997, 37.858674999890198 ], [ -122.301977703985997, 37.858654999450103 ], [ -122.301975091456995, 37.858634999053301 ], [ -122.301971322271001, 37.858614999262002 ], [ -122.301967975455995, 37.858594999461999 ], [ -122.301966000660002, 37.858588862847 ], [ -122.301961848502998, 37.858574999035497 ], [ -122.301959526310995, 37.858554999364401 ], [ -122.301946216825996, 37.858534999128402 ], [ -122.301946000423996, 37.858534588468103 ], [ -122.301938648613998, 37.8585149993702 ], [ -122.301935493070999, 37.858494999497402 ], [ -122.301926809170993, 37.8584749995576 ], [ -122.301926000399007, 37.858471279055799 ], [ -122.301923139048995, 37.8584549996635 ], [ -122.301918511470006, 37.858434999250498 ], [ -122.301912715859999, 37.858414999660802 ], [ -122.301909536435005, 37.858395000245899 ], [ -122.301906000356993, 37.858382252974003 ], [ -122.301904117632006, 37.858374999722201 ], [ -122.301897536487999, 37.8583549999125 ], [ -122.301895303121995, 37.858335000335302 ], [ -122.301889060101004, 37.858315000334002 ], [ -122.301885999922007, 37.858308293373 ], [ -122.301881488486003, 37.858294999738398 ], [ -122.301871773182, 37.858274999795697 ], [ -122.301866000586998, 37.858264604370703 ], [ -122.301862562226006, 37.858255000070201 ], [ -122.301860341387993, 37.858235000252101 ], [ -122.301858337978999, 37.858214999860003 ], [ -122.301853331328005, 37.858194999522198 ], [ -122.301846000316004, 37.858176159565197 ], [ -122.301845644791001, 37.858175000230702 ], [ -122.301834536037006, 37.858155000036 ], [ -122.301826530708993, 37.858134999663598 ], [ -122.301826000383997, 37.858132597442498 ], [ -122.301823384314005, 37.8581149996131 ], [ -122.301820578312004, 37.858094999328102 ], [ -122.301816553055005, 37.858074999948997 ], [ -122.301808323458999, 37.858054999380897 ], [ -122.301807657763007, 37.858034999408098 ], [ -122.301806000083999, 37.858026325529501 ], [ -122.301803255685996, 37.858015000062501 ], [ -122.301794333914998, 37.857994999281402 ], [ -122.301791812562996, 37.857974999831299 ], [ -122.301785999418001, 37.857962245870702 ], [ -122.301783373522994, 37.857954999682399 ], [ -122.301778584364001, 37.857934999667002 ], [ -122.301777060266005, 37.857914999072896 ], [ -122.301771963744997, 37.857894999557601 ], [ -122.301766000249998, 37.857884947921903 ], [ -122.301761425411001, 37.857874999207098 ], [ -122.301753795848001, 37.857854999717098 ], [ -122.301745999811004, 37.857838474901698 ], [ -122.301744656682999, 37.857834999505897 ], [ -122.301738452454998, 37.857814999653598 ], [ -122.301737696839993, 37.857794999607002 ], [ -122.301734754256003, 37.857774999242501 ], [ -122.301726000420004, 37.857764576446797 ], [ -122.301722739395004, 37.857754999333103 ], [ -122.301723681203995, 37.857734999102099 ], [ -122.301723225022002, 37.857714999607303 ], [ -122.301714065374995, 37.857694998887602 ], [ -122.301711263995998, 37.857674999411898 ], [ -122.301706000397999, 37.857657008784997 ], [ -122.301705508322001, 37.857654999047803 ], [ -122.301700519982006, 37.857634999253499 ], [ -122.301694267995998, 37.857615000316102 ], [ -122.301685999433005, 37.857600510046197 ], [ -122.301683584003996, 37.857595000055902 ], [ -122.301678344059994, 37.857574999690797 ], [ -122.301675162457997, 37.857555000313297 ], [ -122.301671066644005, 37.857534999585198 ], [ -122.301665999460994, 37.857524661699202 ], [ -122.301663215136003, 37.857514999851098 ], [ -122.301658679899006, 37.857494999457799 ], [ -122.301656542250001, 37.857474999840299 ], [ -122.301648328718997, 37.857454999854802 ], [ -122.301645999315994, 37.857449955215998 ], [ -122.301640966742994, 37.8574349997225 ], [ -122.301635485475998, 37.857414999488299 ], [ -122.301629293828, 37.857394999390202 ], [ -122.301627850645005, 37.857374999941598 ], [ -122.301626000442994, 37.857371545973997 ], [ -122.301621019188005, 37.857354999524702 ], [ -122.301617231956996, 37.8573350000716 ], [ -122.301612741143003, 37.857314999724203 ], [ -122.301606000145995, 37.857295720120703 ], [ -122.301605797001002, 37.857294999669598 ], [ -122.301606000863998, 37.857290518286 ], [ -122.301607103142999, 37.8572749996464 ], [ -122.301606000947004, 37.857272621896797 ], [ -122.301598270341003, 37.857254999845203 ], [ -122.301588094175003, 37.857234999729997 ], [ -122.301586000130001, 37.8572303896823 ], [ -122.301581012293994, 37.857214999618201 ], [ -122.301576686584994, 37.857194999700504 ], [ -122.301570039587006, 37.857174999340501 ], [ -122.301566000961003, 37.857162602734597 ], [ -122.301564153119003, 37.8571550005814 ], [ -122.301565849743994, 37.857135000263298 ], [ -122.301561461438993, 37.857115000646701 ], [ -122.301556598383002, 37.857095000243099 ], [ -122.301550779053002, 37.857075000195003 ], [ -122.301546000233998, 37.857060928844 ], [ -122.301543426242006, 37.857054999882003 ], [ -122.301533581428998, 37.857035000602401 ], [ -122.301526000088003, 37.857018307889 ], [ -122.301525315587, 37.857014999814297 ], [ -122.301524546383007, 37.8569950000281 ], [ -122.301519258710002, 37.856974999673803 ], [ -122.301507233794993, 37.856954999939298 ], [ -122.301506001096996, 37.856952227875702 ], [ -122.301500162202004, 37.856934999626198 ], [ -122.301495474527997, 37.856915000353901 ], [ -122.301493215115997, 37.8568950003719 ], [ -122.301486000262003, 37.856881528253602 ], [ -122.301483299712999, 37.8568749997441 ], [ -122.301479469279997, 37.856855000217003 ], [ -122.301477154096006, 37.856835000405297 ], [ -122.301475054088996, 37.856815000963302 ], [ -122.301469712938996, 37.856795000733698 ], [ -122.301466000808006, 37.856791304453097 ], [ -122.301448298249994, 37.856775000326003 ], [ -122.301446000080006, 37.856772676120102 ], [ -122.301433354452001, 37.856755000810999 ], [ -122.301426000584001, 37.856736854127703 ], [ -122.301425433630001, 37.856735000594497 ], [ -122.301425782400997, 37.856715000949698 ], [ -122.301426000738999, 37.856712435891097 ], [ -122.301428363618996, 37.856695000755003 ], [ -122.301426000624005, 37.856682820338001 ], [ -122.301425024999006, 37.856675000786701 ], [ -122.301421516744, 37.856655000474497 ], [ -122.301415753262006, 37.856635000249199 ], [ -122.301406497090994, 37.856615000462497 ], [ -122.301406000569003, 37.856613734955303 ], [ -122.301402423046, 37.856595000209602 ], [ -122.301401283887003, 37.856575000324398 ], [ -122.301398747869001, 37.856555000250502 ], [ -122.301391417933004, 37.8565350003907 ], [ -122.301388131695006, 37.8565150003163 ], [ -122.301386000945996, 37.856508378987598 ], [ -122.301381289001995, 37.856495000103997 ], [ -122.301376645760001, 37.856474999975603 ], [ -122.301373605449001, 37.856455000580503 ], [ -122.301365999891999, 37.856441259710998 ], [ -122.301363487505, 37.856435000231897 ], [ -122.301360674861996, 37.856415000066903 ], [ -122.301357676655002, 37.856394999863603 ], [ -122.301350572160004, 37.856375000174801 ], [ -122.301347349709005, 37.856355000675201 ], [ -122.301346000029994, 37.856349494522902 ], [ -122.301343103782003, 37.856335000119898 ], [ -122.301339506792004, 37.856315000608902 ], [ -122.301336482398995, 37.856295000007897 ], [ -122.301327142041998, 37.856275000032099 ], [ -122.301325999900996, 37.856272099355699 ], [ -122.301320018197003, 37.856254999813302 ], [ -122.301314948078996, 37.856234999776198 ], [ -122.301307766188003, 37.856214999770899 ], [ -122.301306000715002, 37.856203591623498 ], [ -122.301304821532995, 37.856195000338602 ], [ -122.301296445426999, 37.856174999853799 ], [ -122.301289036995001, 37.856154999695597 ], [ -122.301288125561996, 37.856134999939201 ], [ -122.301286000683007, 37.856124121479702 ], [ -122.301284259921005, 37.856115000183301 ], [ -122.301277655221, 37.856094999898403 ], [ -122.301266188341998, 37.856075000233098 ], [ -122.301266000159998, 37.856074284893303 ], [ -122.301262778086993, 37.856055000736397 ], [ -122.301260478914003, 37.856035000614803 ], [ -122.301251383364999, 37.856015000435498 ], [ -122.301246062838999, 37.855995000702201 ], [ -122.301246000874002, 37.855994799433198 ], [ -122.301242375952995, 37.855975001114402 ], [ -122.301240130289997, 37.855955000865499 ], [ -122.301229292976998, 37.855935000814199 ], [ -122.301225999761996, 37.8559260388799 ], [ -122.301223708338995, 37.855915000749199 ], [ -122.301219327023006, 37.855895000988902 ], [ -122.301215578655999, 37.8558750007806 ], [ -122.301213619880997, 37.8558550004254 ], [ -122.301207569637995, 37.855835000295997 ], [ -122.301206000204999, 37.855829269806598 ], [ -122.301202769390997, 37.855815000475602 ], [ -122.301198115999, 37.855795000536702 ], [ -122.301192903642999, 37.855775000525398 ], [ -122.301186000173999, 37.855761468428298 ], [ -122.301183178610998, 37.8557550007232 ], [ -122.301178846238003, 37.855735000022698 ], [ -122.301175300547001, 37.855715000423501 ], [ -122.301167803393994, 37.8556950001621 ], [ -122.301165999697005, 37.855688536320699 ], [ -122.301163290044002, 37.855675000234399 ], [ -122.301158651460995, 37.855655000010003 ], [ -122.301151239705007, 37.855634999908801 ], [ -122.301146219762003, 37.855614999803201 ], [ -122.301146000578996, 37.855596817883402 ], [ -122.301145975477993, 37.855594999842403 ], [ -122.301141645426995, 37.8555749999962 ], [ -122.301139004785, 37.8555550001265 ], [ -122.301131599870004, 37.855534999893102 ], [ -122.301125999967994, 37.855516354336302 ], [ -122.301125694250999, 37.8555149996848 ], [ -122.301123691138002, 37.855495000179403 ], [ -122.301118668936994, 37.8554750001163 ], [ -122.301110325983004, 37.8554549998845 ], [ -122.301106000177995, 37.855443366419301 ], [ -122.301103244398007, 37.855434999744297 ], [ -122.301097157810005, 37.8554150003079 ], [ -122.301090659086995, 37.855394999780998 ], [ -122.30108613326, 37.855375000090397 ], [ -122.301086000512996, 37.855374569827397 ], [ -122.301080425742995, 37.855354999678497 ], [ -122.301079217259002, 37.855335000222397 ], [ -122.301077935877004, 37.855314999465598 ], [ -122.301066000587994, 37.8553001665015 ], [ -122.301062387970006, 37.855294999805601 ], [ -122.301059753074995, 37.855275000724298 ], [ -122.301054344991002, 37.855255000864702 ], [ -122.301048446240998, 37.855235000521603 ], [ -122.301045999958006, 37.855223070045597 ], [ -122.301044514666998, 37.8552150002254 ], [ -122.301041631586997, 37.855195000507102 ], [ -122.301031396658999, 37.855175000580303 ], [ -122.301027818012003, 37.855155000710504 ], [ -122.301025999724999, 37.855146763615501 ], [ -122.301023253506003, 37.8551350008605 ], [ -122.301017499349001, 37.855115000441302 ], [ -122.301011163479998, 37.855095000385496 ], [ -122.301006000558999, 37.855083575539197 ], [ -122.301002464293006, 37.855075000684003 ], [ -122.300994997996, 37.855055000721499 ], [ -122.300990923008001, 37.855035000476299 ], [ -122.300990957677996, 37.855015000562602 ], [ -122.300986999962007, 37.8549950007666 ], [ -122.300986000465002, 37.854992814501699 ], [ -122.300977374095993, 37.8549749999477 ], [ -122.300973616738005, 37.854954999906397 ], [ -122.300968304326005, 37.8549350000077 ], [ -122.300966000467994, 37.854931450357498 ], [ -122.300955339564993, 37.854915000263198 ], [ -122.300952384786996, 37.8548950001192 ], [ -122.300949188673997, 37.854875000106702 ], [ -122.300946000535006, 37.854865527755599 ], [ -122.300943708915995, 37.854854999818699 ], [ -122.300938674291004, 37.8548349999881 ], [ -122.300936563079006, 37.854814999855499 ], [ -122.300935948868997, 37.8547949997944 ], [ -122.300931407191996, 37.854775000403599 ], [ -122.300928912347004, 37.854755000432903 ], [ -122.300926000461004, 37.854747035367097 ], [ -122.300919892159001, 37.854734999686897 ], [ -122.300913771517997, 37.854714999996702 ], [ -122.300909005579996, 37.854695000408903 ], [ -122.300906000268995, 37.854680619667398 ], [ -122.300904944286998, 37.854674999898698 ], [ -122.300899041072, 37.8546549996355 ], [ -122.300887806749003, 37.8546349999772 ], [ -122.300885999949003, 37.854631658543703 ], [ -122.300876977684993, 37.854614999741003 ], [ -122.300871565147006, 37.854594999960398 ], [ -122.300865999582001, 37.854575132688701 ], [ -122.300865963638003, 37.854575000205998 ], [ -122.300862114118999, 37.854555000130702 ], [ -122.300852043242003, 37.854534999743002 ], [ -122.300846000825004, 37.854526665526798 ], [ -122.300837196811997, 37.854515000096598 ], [ -122.300826000729998, 37.854499914479099 ], [ -122.300823985134002, 37.854495000578098 ], [ -122.300825726295997, 37.854475000318097 ], [ -122.300826000922996, 37.854473378084997 ], [ -122.300831233295995, 37.854455000692496 ], [ -122.300826000724001, 37.8544386363019 ], [ -122.300825141144003, 37.8544350004519 ], [ -122.300819606812993, 37.854415000306702 ], [ -122.300815512564995, 37.8543950004265 ], [ -122.300814101514007, 37.854375000356598 ], [ -122.300806001027993, 37.854361258155201 ], [ -122.300802151184001, 37.854355000031497 ], [ -122.300791362059002, 37.854335000822203 ], [ -122.300790150227996, 37.854315000529297 ], [ -122.300787217134996, 37.854294999966498 ], [ -122.300786000629003, 37.854292604607998 ], [ -122.300774265048005, 37.8542749999622 ], [ -122.300766001285993, 37.854264726071499 ], [ -122.300763371189007, 37.854255000060697 ], [ -122.300484150770004, 37.853325919648697 ], [ -122.300372335744996, 37.8528139860558 ], [ -122.300304370671995, 37.852461002770497 ], [ -122.300275869963997, 37.852263684171703 ], [ -122.300225442721, 37.851744076297202 ], [ -122.300194748221998, 37.851450288518897 ], [ -122.300193635651993, 37.851185851203702 ], [ -122.300190289645002, 37.850953451381301 ], [ -122.300196237755998, 37.850872549372603 ], [ -122.300261672462, 37.850656018444703 ], [ -122.300275948898005, 37.850592962834803 ], [ -122.300278328288996, 37.850457334258003 ], [ -122.300283715679001, 37.850309560791501 ], [ -122.300301651260995, 37.850273000167398 ], [ -122.300347573517996, 37.850161825565998 ], [ -122.300399711821001, 37.849999364727303 ], [ -122.300436714566999, 37.849861185035699 ], [ -122.300476942100005, 37.849728902027998 ], [ -122.300513439534996, 37.849613091457798 ], [ -122.300523265625998, 37.849581913385201 ], [ -122.300583522847006, 37.849449966824302 ], [ -122.300624972094994, 37.849332353367799 ], [ -122.300660210407997, 37.849197903876203 ], [ -122.300722067034997, 37.848956762112302 ], [ -122.300773355434998, 37.848826064593901 ], [ -122.300814477386993, 37.848667822673796 ], [ -122.300852584964005, 37.848512769924497 ], [ -122.300907238863999, 37.848371324279803 ], [ -122.300932565593996, 37.8482582824685 ], [ -122.301013015909007, 37.847993716125302 ], [ -122.301032035871003, 37.847852233434701 ], [ -122.301036201711995, 37.847735794142203 ], [ -122.301031545211998, 37.8476380189054 ], [ -122.301002589562998, 37.847480266791102 ] ] ] } }
]
}
